{
    "cumulative_timesteps": 1100071,
    "cumulative_model_updates": 120,
    "policy_average_reward": 166.0578444332761,
    "epoch": 20,
    "ts_since_last_save": 100012,
    "reward_running_stats": {
        "mean": [
            13.471017561180695
        ],
        "var": [
            1850887.7533758297
        ],
        "shape": [
            1
        ],
        "count": 3300
    },
    "obs_running_stats": {
        "mean": [
            0.012234878675749147,
            0.0003724477128836784,
            0.15960601717086764,
            0.0023504565310250663,
            0.0021481411786435185,
            -0.03297461405030281,
            -0.006332174339732237,
            0.002071091699671284,
            -0.005046003042544009,
            0.0625796929568176,
            0.008573330040286228,
            0.029908405024057054,
            0.04764843653921574,
            -0.06941463011550689,
            0.49794676773749386,
            0.5389765362020331,
            0.4497043295817987,
            0.9944337897583148,
            0.9949630648533899,
            0.9927807069291449,
            0.9894762642467257,
            0.9778098885876568,
            0.9949710255085983,
            0.9947462923730259,
            0.995775975810474,
            0.9968014957940249,
            0.9924497483762137,
            0.9960791561565194,
            0.9929239548738308,
            0.9959574610156203,
            0.99482021742804,
            0.9931075111102782,
            0.9906340125136383,
            0.9950909032571825,
            0.9929096306516679,
            0.9780152224565111,
            0.995843535003266,
            0.9934879731375281,
            0.991579571303485,
            0.9957345549866928,
            0.9933726939285673,
            0.996643176349872,
            0.9903874431930684,
            0.9942012169320102,
            0.9947442313556789,
            0.9925721221948725,
            0.9876577941784243,
            0.9757207870178465,
            0.9957002708900285,
            0.9930506302772732,
            0.9935904514562802,
            0.15322140921802757,
            0.015202975382145423,
            0.1081842640683834,
            0.10295802513048806,
            0.003442262503229026,
            0.059923347276937614,
            -0.016419272377309446,
            -0.012171648413561588,
            0.37112848024666695,
            0.017930326602335706,
            0.0011732925270946238,
            -0.013385105104761942,
            0.009743329673808377,
            0.0005892191400791979,
            0.00920058831226549,
            0.11503791967496772,
            0.10500844871653311,
            0.20902769131632817,
            0.0
        ],
        "var": [
            48434.714850672266,
            35308.80940525676,
            5842.30660680751,
            6246.384986044462,
            6647.1758021790165,
            5666.180665052521,
            44681.548775009425,
            43758.42563695113,
            19292.53270276572,
            39134.42893579961,
            33899.72349358185,
            36554.7775576586,
            36092.26071271266,
            36458.00213631824,
            39289.79624818801,
            39050.67325741303,
            38891.70010137294,
            842.1784126902215,
            760.4120898916553,
            1069.1300676272567,
            1657.5677481025075,
            3395.746703539273,
            770.681142645918,
            788.5271737561986,
            685.4683088248572,
            475.28543288391535,
            1128.8126762124145,
            671.6972311054247,
            1043.438625663367,
            659.6792872348278,
            834.9872204929178,
            1049.0729707305761,
            1438.0521827217203,
            769.9746792900302,
            1068.88689008449,
            3383.173000637948,
            684.1716256472639,
            987.6451797879297,
            1270.1453776067467,
            680.4635322808081,
            1001.0204268446539,
            512.9094739128136,
            1470.765546344764,
            890.4256102651314,
            824.4697427599411,
            1101.3623494696237,
            1901.606928904431,
            3725.2580112021506,
            682.2896578730372,
            1052.3976954051386,
            966.416849169861,
            50431.257210805066,
            42772.70235480498,
            3977.5435722224533,
            60884.703430505026,
            65875.79790368292,
            28165.462449752013,
            37713.41067346877,
            35817.577593666254,
            61911.95426571182,
            10628.60274021156,
            11491.630387850391,
            3284.939891808878,
            28177.312970578663,
            29280.107975402083,
            10067.208824575708,
            8249.205586967688,
            14765.419761487648,
            25978.520513400872,
            0.0
        ],
        "shape": [
            70
        ],
        "count": 157161
    },
    "wandb_run_id": "y20wl1cc",
    "wandb_project": "rlgym-ppo",
    "wandb_entity": "gashfraude-epsi",
    "wandb_group": "unnamed-runs",
    "wandb_config": {
        "n_proc": 8,
        "min_inference_size": 7,
        "timestep_limit": 200000000,
        "exp_buffer_size": 150000,
        "ts_per_iteration": 50000,
        "standardize_returns": true,
        "standardize_obs": true,
        "policy_layer_sizes": [
            256,
            256,
            256
        ],
        "critic_layer_sizes": [
            256,
            256,
            256
        ],
        "ppo_epochs": 2,
        "ppo_batch_size": 50000,
        "ppo_minibatch_size": 50000,
        "ppo_ent_coef": 0.01,
        "ppo_clip_range": 0.2,
        "gae_lambda": 0.95,
        "gae_gamma": 0.99,
        "policy_lr": 0.0001,
        "critic_lr": 0.0001,
        "shm_buffer_size": 8192
    }
}