{
    "cumulative_timesteps": 600029,
    "cumulative_model_updates": 66,
    "policy_average_reward": 95.17081321854064,
    "epoch": 11,
    "ts_since_last_save": 100006,
    "reward_running_stats": {
        "mean": [
            14.972930908203125
        ],
        "var": [
            850056.4375
        ],
        "shape": [
            1
        ],
        "count": 1800
    },
    "obs_running_stats": {
        "mean": [
            0.011513522826135159,
            0.01673445850610733,
            0.15885236859321594,
            0.0007034457521513104,
            0.001191271934658289,
            -0.03274781256914139,
            -0.00013647838204633445,
            -0.0007324660546146333,
            -0.008966571651399136,
            0.06498517096042633,
            -0.007909140549600124,
            0.012906230986118317,
            0.04578128457069397,
            -0.06698795408010483,
            0.5009930729866028,
            0.5330123901367188,
            0.4393773078918457,
            0.99333655834198,
            0.9940709471702576,
            0.9930516481399536,
            0.9894059300422668,
            0.9781087636947632,
            0.9940199255943298,
            0.993998646736145,
            0.9952845573425293,
            0.9968321323394775,
            0.99330735206604,
            0.9957940578460693,
            0.9933066368103027,
            0.9951945543289185,
            0.9953839182853699,
            0.9927470088005066,
            0.9907799959182739,
            0.9947417974472046,
            0.9925413727760315,
            0.9785871505737305,
            0.9956830739974976,
            0.9933313727378845,
            0.9919517636299133,
            0.9953657984733582,
            0.9929690361022949,
            0.9976040720939636,
            0.9898152351379395,
            0.9935232996940613,
            0.9947302937507629,
            0.9924518465995789,
            0.987402617931366,
            0.9750391244888306,
            0.9948223829269409,
            0.9918369054794312,
            0.9938269257545471,
            0.15641818940639496,
            0.017324475571513176,
            0.10801595449447632,
            0.10783735662698746,
            0.01369730569422245,
            0.056210145354270935,
            -0.015449325554072857,
            -0.014498088508844376,
            0.3676179051399231,
            0.019528940320014954,
            0.0007553133764304221,
            -0.01413045171648264,
            0.009474469348788261,
            0.0012378995306789875,
            0.010681843385100365,
            0.11723014712333679,
            0.10478908568620682,
            0.20829081535339355,
            0.0
        ],
        "var": [
            26085.720703125,
            19285.662109375,
            3158.59228515625,
            3393.876220703125,
            3563.157470703125,
            3082.4169921875,
            24660.578125,
            23936.98828125,
            10436.2421875,
            22333.095703125,
            19479.025390625,
            21263.861328125,
            20523.623046875,
            20662.392578125,
            21431.70703125,
            21337.142578125,
            21116.408203125,
            546.5108642578125,
            469.4283752441406,
            573.4047241210938,
            885.8776245117188,
            1830.784912109375,
            486.2552490234375,
            483.18511962890625,
            378.4203186035156,
            281.06793212890625,
            554.1701049804688,
            365.6794128417969,
            544.7022094726562,
            389.36761474609375,
            376.48980712890625,
            627.2597045898438,
            783.7478637695312,
            425.7659912109375,
            640.2279052734375,
            1797.8690185546875,
            362.6514587402344,
            554.7559814453125,
            687.0572509765625,
            367.593505859375,
            596.9212646484375,
            215.30252075195312,
            850.4735717773438,
            544.3821411132812,
            430.69403076171875,
            634.3417358398438,
            1060.4951171875,
            2080.50830078125,
            417.99188232421875,
            695.7430419921875,
            501.9415588378906,
            27417.01171875,
            23695.978515625,
            2137.59326171875,
            33424.3125,
            35488.41796875,
            15528.302734375,
            20597.060546875,
            19850.720703125,
            33651.6015625,
            5882.60009765625,
            6382.26513671875,
            1775.7076416015625,
            15656.5234375,
            16085.6943359375,
            5695.65625,
            4564.96484375,
            8042.43896484375,
            14137.611328125,
            0.0
        ],
        "shape": [
            70
        ],
        "count": 85726
    },
    "wandb_run_id": "y20wl1cc",
    "wandb_project": "rlgym-ppo",
    "wandb_entity": "gashfraude-epsi",
    "wandb_group": "unnamed-runs",
    "wandb_config": {
        "n_proc": 8,
        "min_inference_size": 7,
        "timestep_limit": 200000000,
        "exp_buffer_size": 150000,
        "ts_per_iteration": 50000,
        "standardize_returns": true,
        "standardize_obs": true,
        "policy_layer_sizes": [
            256,
            256,
            256
        ],
        "critic_layer_sizes": [
            256,
            256,
            256
        ],
        "ppo_epochs": 2,
        "ppo_batch_size": 50000,
        "ppo_minibatch_size": 50000,
        "ppo_ent_coef": 0.01,
        "ppo_clip_range": 0.2,
        "gae_lambda": 0.95,
        "gae_gamma": 0.99,
        "policy_lr": 0.0001,
        "critic_lr": 0.0001,
        "shm_buffer_size": 8192
    }
}