{
    "cumulative_timesteps": 800042,
    "cumulative_model_updates": 90,
    "policy_average_reward": 113.62038164094261,
    "epoch": 15,
    "ts_since_last_save": 0,
    "reward_running_stats": {
        "mean": [
            15.110089302062988
        ],
        "var": [
            1357639.625
        ],
        "shape": [
            1
        ],
        "count": 2400
    },
    "obs_running_stats": {
        "mean": [
            0.013207444726519631,
            0.004679548983887483,
            0.15952296075623806,
            0.0014305430960642664,
            0.00249580013028355,
            -0.03296609186819141,
            -0.005623159716692073,
            -0.001188716245166369,
            -0.006995014834090618,
            0.061118679192806946,
            -0.002539666901405311,
            0.019671160343151185,
            0.04779024265377358,
            -0.06688819048455277,
            0.500322064430382,
            0.5386797148385595,
            0.44528418321439495,
            0.9944900160297843,
            0.9947190746756259,
            0.9926457452466377,
            0.9896769830733146,
            0.977695362207562,
            0.9944325576549231,
            0.9943947686407509,
            0.9960292925140051,
            0.9968881879307571,
            0.9928468495586517,
            0.9959999672853415,
            0.9927027267885125,
            0.9961825943191325,
            0.9956425213579118,
            0.9925264177917913,
            0.9908926687721401,
            0.9951398201820001,
            0.9923418238219314,
            0.9776452351398668,
            0.9955360087895748,
            0.9937669584100328,
            0.9915366317202726,
            0.9955873875438593,
            0.9931097633465277,
            0.9966617518663407,
            0.9907548640390706,
            0.9938815175350153,
            0.9942082077348222,
            0.991842758497541,
            0.9879990077941749,
            0.9758027524804193,
            0.9957064765822126,
            0.9923607183290174,
            0.9931817055233507,
            0.15439052775710796,
            0.01561566190745222,
            0.10854207877405411,
            0.10057230315222515,
            0.009640913940175768,
            0.05770363657092407,
            -0.016660904729900162,
            -0.011812752994373833,
            0.369434144782947,
            0.018538832344474926,
            0.0016146870120469243,
            -0.01404368200330414,
            0.00934144157177279,
            0.00027300339455512405,
            0.010736186592085964,
            0.11585412194963776,
            0.10477019080261546,
            0.2076990463251569,
            0.0
        ],
        "var": [
            35031.38727106563,
            25694.796483876595,
            4243.192327910017,
            4533.528425267008,
            4793.057556072524,
            4145.380264366521,
            32641.6328151425,
            31588.17178362887,
            13990.129585429137,
            28894.909043858624,
            25287.804644616226,
            27373.143242335613,
            26629.53421202853,
            26908.005918637606,
            28575.196945848726,
            28403.17103774892,
            28231.819431079537,
            598.5775450086264,
            573.2117588454475,
            777.1390921714736,
            1188.7928311749858,
            2478.26905218872,
            617.112946035748,
            604.2738961649873,
            476.4703221631403,
            328.78644767174035,
            762.9233910117589,
            513.2844398285267,
            767.2212446569122,
            461.58198478755736,
            521.0335883237237,
            821.1549630814822,
            1011.3581762059265,
            555.0622184457733,
            831.0844702692692,
            2502.013927474259,
            541.6090897516107,
            678.8691794761473,
            917.1015120589168,
            515.0973705455378,
            748.4966905421827,
            367.40665787251373,
            1021.5179077389117,
            679.431372885374,
            660.9768401857762,
            867.4278619513274,
            1341.085349103199,
            2700.9778804337852,
            498.0881532001296,
            834.31719703101,
            739.5596778372026,
            36808.87697746537,
            31338.448030740412,
            2900.466218201641,
            44523.071354237894,
            47581.32907359573,
            20645.3926435063,
            27465.19773611633,
            26271.10487686901,
            44910.55165370628,
            7769.018600301104,
            8349.69149088128,
            2367.3143630325135,
            20691.577541557603,
            21371.592420063553,
            7451.557504148789,
            6041.031857338781,
            10715.751211263916,
            18803.513842396267,
            0.0
        ],
        "shape": [
            70
        ],
        "count": 114300
    },
    "wandb_run_id": "y20wl1cc",
    "wandb_project": "rlgym-ppo",
    "wandb_entity": "gashfraude-epsi",
    "wandb_group": "unnamed-runs",
    "wandb_config": {
        "n_proc": 8,
        "min_inference_size": 7,
        "timestep_limit": 200000000,
        "exp_buffer_size": 150000,
        "ts_per_iteration": 50000,
        "standardize_returns": true,
        "standardize_obs": true,
        "policy_layer_sizes": [
            256,
            256,
            256
        ],
        "critic_layer_sizes": [
            256,
            256,
            256
        ],
        "ppo_epochs": 2,
        "ppo_batch_size": 50000,
        "ppo_minibatch_size": 50000,
        "ppo_ent_coef": 0.01,
        "ppo_clip_range": 0.2,
        "gae_lambda": 0.95,
        "gae_gamma": 0.99,
        "policy_lr": 0.0001,
        "critic_lr": 0.0001,
        "shm_buffer_size": 8192
    }
}