{
    "cumulative_timesteps": 86154638,
    "cumulative_model_updates": 10302,
    "policy_average_reward": 760.5038811095953,
    "epoch": 1717,
    "ts_since_last_save": 100007,
    "reward_running_stats": {
        "mean": [
            54.96269516033549
        ],
        "var": [
            1342109065.382885
        ],
        "shape": [
            1
        ],
        "count": 258450
    },
    "obs_running_stats": {
        "mean": [
            0.00043875726486387797,
            -0.0035481418556670805,
            0.14618219424968074,
            5.298228833975248e-05,
            0.000124778357839043,
            -0.028981227056759987,
            -0.002084771757813067,
            0.00018433226198451605,
            0.0007428701412620999,
            0.4975215515804672,
            -0.46493105461141887,
            0.4776049485799282,
            -0.20819487322467112,
            0.2018192410672854,
            0.19156088855642803,
            0.6063997815336634,
            0.5863281231958044,
            0.975932866159915,
            0.9789302554564807,
            0.9747578527404378,
            0.9591937732063679,
            0.9478341163619218,
            0.9747312617703647,
            0.9727616883619526,
            0.9714463158483378,
            0.9809485791744681,
            0.9739731471788209,
            0.9746497531923154,
            0.9701051081547775,
            0.9742413495071252,
            0.9679688895168795,
            0.9683229539979522,
            0.9594065122130414,
            0.9701854204205301,
            0.9678121505623188,
            0.9456916774261368,
            0.9757135659201681,
            0.9690519554010192,
            0.969606414092326,
            0.9765323048703387,
            0.9720747016037747,
            0.9837530502888738,
            0.9770025770077322,
            0.9743092390158212,
            0.976991465835512,
            0.9756386711249694,
            0.9643276330277223,
            0.9570175359032774,
            0.9818133278217182,
            0.9789651788424218,
            0.9799360697287053,
            0.03771699571116077,
            -0.03439001150236383,
            0.08325882192435259,
            0.05685676880799834,
            -0.05854502921134851,
            0.035285553901531125,
            5.7620101387649226e-05,
            0.03662966440497756,
            0.3303667691370763,
            -0.0029144181980898434,
            -0.005374739181940488,
            -0.012183860009524363,
            -0.07631560017589334,
            -0.0507610045396176,
            -0.03237780934572792,
            0.11672018512484894,
            0.1541621330217978,
            0.277152253795225,
            0.0
        ],
        "var": [
            3891296.5470187156,
            2848805.436282705,
            407994.8470978246,
            485353.8866382214,
            508323.6726149518,
            381678.90054291894,
            3604125.5838278364,
            3539542.6137565565,
            1547796.9661201548,
            4183968.105662889,
            4535491.7188460985,
            4671505.619258949,
            6873260.490098597,
            7077606.556396621,
            1896021.7184655173,
            2887312.4143058346,
            2932044.949449668,
            101363.26534416842,
            89080.69853331085,
            103384.25765624532,
            203031.4976343015,
            260438.03052614737,
            112161.25708700302,
            118690.80931945301,
            129176.57746011268,
            77682.5617498376,
            100588.1718596978,
            111571.8667175697,
            128954.04086666922,
            114742.16998297545,
            150746.2750063231,
            138523.70583913726,
            194368.3265374392,
            136087.9161362557,
            146731.9744455457,
            269497.86823629955,
            108843.5937569394,
            145772.8571819271,
            130195.53779276027,
            102383.25920967673,
            119884.52660733246,
            65275.82315943523,
            84900.5127956073,
            114206.16858107393,
            97036.86897026568,
            102283.78478270618,
            173048.42660166966,
            208397.93099154005,
            72000.7800064845,
            82622.4383294859,
            80563.24495150924,
            3806796.2606741115,
            2926626.718719811,
            268186.1777521053,
            5039924.823327368,
            5338347.6368860165,
            1752435.604934906,
            2857555.8260102407,
            2693913.378792163,
            5391314.126487318,
            985476.6911573128,
            1200421.8837549896,
            187448.73874838412,
            3129135.680744975,
            3276240.7630371065,
            1424896.8483761041,
            634832.2631888028,
            1504099.2190458006,
            2545922.6906033717,
            0.0
        ],
        "shape": [
            70
        ],
        "count": 12307808
    },
    "wandb_run_id": "9prg5n79",
    "wandb_project": "rlgym-ppo",
    "wandb_entity": "gashfraude-epsi",
    "wandb_group": "unnamed-runs",
    "wandb_config": {
        "n_proc": 6,
        "min_inference_size": 5,
        "timestep_limit": 1e+16,
        "exp_buffer_size": 150000,
        "ts_per_iteration": 50000,
        "standardize_returns": true,
        "standardize_obs": true,
        "policy_layer_sizes": [
            512,
            512,
            256
        ],
        "critic_layer_sizes": [
            512,
            512,
            256
        ],
        "ppo_epochs": 2,
        "ppo_batch_size": 50000,
        "ppo_minibatch_size": 50000,
        "ppo_ent_coef": 0.01,
        "ppo_clip_range": 0.2,
        "gae_lambda": 0.95,
        "gae_gamma": 0.99,
        "policy_lr": 0.0002,
        "critic_lr": 0.0002,
        "shm_buffer_size": 8192
    }
}