{
    "cumulative_timesteps": 388339914,
    "cumulative_model_updates": 46518,
    "policy_average_reward": 117.4212836294529,
    "epoch": 7753,
    "ts_since_last_save": 500241,
    "reward_running_stats": {
        "mean": [
            29.236347998628727
        ],
        "var": [
            4486655236.213006
        ],
        "shape": [
            1
        ],
        "count": 1164600
    },
    "obs_running_stats": {
        "mean": [
            -0.014566627006200065,
            0.11348676613887747,
            0.13153199369941346,
            0.0007327477570937379,
            0.023336136955738426,
            -0.022746552638405908,
            -0.05013519377666914,
            0.005234380425134224,
            0.007299171520880704,
            0.5659279250424618,
            -0.5244479412351578,
            0.41665708022690623,
            -0.23719529981214657,
            0.1986051824933912,
            0.14166690586418976,
            0.5240439985681282,
            0.25198950380671276,
            0.9885062251880947,
            0.9900219000064178,
            0.9882773049267214,
            0.9775790824122413,
            0.9718219269161277,
            0.987625175386959,
            0.9868259247812463,
            0.9855356931170096,
            0.991112694332289,
            0.9883859982638242,
            0.9875026349511656,
            0.985720592243048,
            0.9870693293121153,
            0.9824004464063595,
            0.9848305604514671,
            0.9735813153835854,
            0.9849485888877308,
            0.9840674555632163,
            0.9683210839549804,
            0.9868867091459561,
            0.9830001379505307,
            0.9851084692016754,
            0.9865127150793881,
            0.9858776727859413,
            0.9895271562050512,
            0.9882587681950793,
            0.9858619231873434,
            0.986131283411509,
            0.9867921153815259,
            0.9659376111295892,
            0.9690324850343306,
            0.9849744383085296,
            0.9868304197822978,
            0.9886630584741886,
            0.011682946901715023,
            0.05560259117299964,
            0.07046362857441417,
            0.07075192592240045,
            0.06475098576272481,
            0.03075042774633786,
            -0.010155435498563247,
            0.028114125390687132,
            0.40725735643299277,
            -0.0006914228745683932,
            0.014812196754992112,
            -0.009562727461457053,
            -0.02681526410307342,
            -0.06609665750817835,
            -0.05589722467058248,
            0.1163750265861606,
            0.2311745303290479,
            0.37898598879404344,
            0.0
        ],
        "var": [
            17772898.99148096,
            14708538.174308857,
            1563708.5819104982,
            2220367.6486964733,
            2921765.793186384,
            1468839.5694974484,
            18805563.667353112,
            16427770.590291021,
            7575068.674324696,
            17243956.44982316,
            19445841.884428628,
            25979671.29057438,
            32648309.099114742,
            33648488.181113906,
            6735843.8195637,
            13786906.944861308,
            10403746.08782833,
            442591.3695244035,
            383255.11381675815,
            443268.6193059037,
            937250.6032093839,
            1171072.9613185155,
            487041.34303369053,
            513809.8839844435,
            578609.5785508029,
            336328.94532960944,
            425420.40994441253,
            492128.64730260544,
            552881.715333067,
            513956.59899372456,
            728330.2633499006,
            589789.8461143782,
            1141945.4250614448,
            602517.3737880124,
            633130.9265872926,
            1339163.159790876,
            535138.3602943622,
            703729.4166093564,
            581323.6417671224,
            558469.9011411933,
            558185.0634400663,
            443478.8764975896,
            452083.99971732503,
            579383.4504282828,
            579093.9883152544,
            532811.2663570006,
            1574978.1918246949,
            1366903.6630635974,
            673283.7159657986,
            550164.3624939555,
            460385.62475742085,
            16892118.595766623,
            14216218.910242537,
            1002701.3415036615,
            22748660.30679478,
            25154980.542476952,
            6930921.766758071,
            11644628.878411904,
            11034381.419347467,
            23541984.511928502,
            4137034.2312284773,
            5891044.348817564,
            689706.995866747,
            12850327.81253048,
            13597382.116505314,
            6093669.301109831,
            3090989.173334208,
            9759317.91297656,
            13137044.388402084,
            0.0
        ],
        "shape": [
            70
        ],
        "count": 55477132
    },
    "wandb_run_id": "9prg5n79",
    "wandb_project": "rlgym-ppo",
    "wandb_entity": "gashfraude-epsi",
    "wandb_group": "unnamed-runs",
    "wandb_config": {
        "n_proc": 6,
        "min_inference_size": 5,
        "timestep_limit": 1e+16,
        "exp_buffer_size": 150000,
        "ts_per_iteration": 50000,
        "standardize_returns": true,
        "standardize_obs": true,
        "policy_layer_sizes": [
            512,
            512,
            256
        ],
        "critic_layer_sizes": [
            512,
            512,
            256
        ],
        "ppo_epochs": 2,
        "ppo_batch_size": 50000,
        "ppo_minibatch_size": 50000,
        "ppo_ent_coef": 0.01,
        "ppo_clip_range": 0.2,
        "gae_lambda": 0.95,
        "gae_gamma": 0.99,
        "policy_lr": 0.0002,
        "critic_lr": 0.0002,
        "shm_buffer_size": 8192
    }
}