{
    "cumulative_timesteps": 1700118,
    "cumulative_model_updates": 186,
    "policy_average_reward": 94.99928691870954,
    "epoch": 31,
    "ts_since_last_save": 100005,
    "reward_running_stats": {
        "mean": [
            14.666588555233679
        ],
        "var": [
            2781201.214594165
        ],
        "shape": [
            1
        ],
        "count": 5100
    },
    "obs_running_stats": {
        "mean": [
            0.010475653670440867,
            -0.0026175659851926337,
            0.15877505545675663,
            0.00047445480383574994,
            -0.00046493818610717196,
            -0.03328836730769587,
            0.0003029381875885352,
            0.0013521557972884326,
            -0.0015228490307542634,
            0.07505116342548125,
            0.026063176173154592,
            0.039709822890908325,
            0.05268022447299135,
            -0.07430752575556075,
            0.49951544980625023,
            0.5400261502795493,
            0.4469719004014507,
            0.9947554927400921,
            0.9954767570761985,
            0.9933358668718113,
            0.9896701642585429,
            0.978860346837867,
            0.9948149148758165,
            0.9951759176536497,
            0.995483994772543,
            0.9961228744960967,
            0.9925823547521405,
            0.9958119254314433,
            0.9930827099358347,
            0.9958649319241751,
            0.9948696694727331,
            0.9932508905744136,
            0.9905304739384887,
            0.9948389600125201,
            0.9935757447591418,
            0.978943805305849,
            0.9954618344154162,
            0.9932335725983793,
            0.9918710685711299,
            0.9960336065656048,
            0.993006640908545,
            0.9965886102178618,
            0.9915896301467392,
            0.9941315189506373,
            0.994692866647003,
            0.992492732227999,
            0.9882258661273506,
            0.9777308830600729,
            0.9956820429483835,
            0.993473470979644,
            0.9941603869438997,
            0.14746778091366297,
            0.010967368985228368,
            0.1076343650066053,
            0.09717637476364643,
            0.0036084372469063087,
            0.05830377151910194,
            -0.016361424416412813,
            -0.009877205997994888,
            0.36938224106564393,
            0.01681924117498344,
            0.0012247410679262483,
            -0.013399376504143709,
            0.006078868164419911,
            -0.0026456013057182867,
            0.011728953222060402,
            0.11278288060156615,
            0.10537354839917128,
            0.21008642501869618,
            0.0
        ],
        "var": [
            74525.34716589314,
            54503.21247548596,
            8957.022229633818,
            9723.310467710397,
            10210.509922669691,
            8768.963686162144,
            68119.76568105126,
            68247.49501177942,
            29670.098175660667,
            61361.83094462007,
            51889.11298938907,
            57237.43041842431,
            56940.79262607666,
            56865.06083098952,
            60720.40177591222,
            60330.30971403426,
            60036.28677061672,
            1239.3672772206212,
            1066.4300980935966,
            1550.5345068444135,
            2504.0564338129393,
            5011.593083996878,
            1237.1259543321505,
            1133.212773382917,
            1116.319046404588,
            912.2422453525315,
            1739.4081757863698,
            1070.8531446313498,
            1607.6861529708274,
            1027.094660656301,
            1264.8111746272084,
            1601.4757788908698,
            2258.059009677654,
            1249.2926791284744,
            1512.7639428721304,
            5010.449166322685,
            1130.8846494233883,
            1603.1896319624204,
            1916.239199943538,
            972.5018517005908,
            1653.044525916197,
            812.8538585836475,
            2000.1073963037263,
            1401.3456922699943,
            1284.9701126727957,
            1752.3449041309311,
            2811.8766225182253,
            5290.453322626337,
            1053.6667423662136,
            1542.6419304836247,
            1375.5908819219235,
            77962.87246248222,
            66359.94188380773,
            6150.149454837162,
            94299.42809542872,
            101675.52318763472,
            43780.791840372956,
            58186.03507063523,
            55313.32033568209,
            96147.83831687404,
            16249.651984056432,
            17498.68676193743,
            5028.833845736656,
            43955.04934138807,
            45677.78729220735,
            15732.422328709214,
            12498.680121544725,
            22891.548881478346,
            40300.41927677634,
            0.0
        ],
        "shape": [
            70
        ],
        "count": 242881
    },
    "wandb_run_id": "y20wl1cc",
    "wandb_project": "rlgym-ppo",
    "wandb_entity": "gashfraude-epsi",
    "wandb_group": "unnamed-runs",
    "wandb_config": {
        "n_proc": 8,
        "min_inference_size": 7,
        "timestep_limit": 200000000,
        "exp_buffer_size": 150000,
        "ts_per_iteration": 50000,
        "standardize_returns": true,
        "standardize_obs": true,
        "policy_layer_sizes": [
            256,
            256,
            256
        ],
        "critic_layer_sizes": [
            256,
            256,
            256
        ],
        "ppo_epochs": 2,
        "ppo_batch_size": 50000,
        "ppo_minibatch_size": 50000,
        "ppo_ent_coef": 0.01,
        "ppo_clip_range": 0.2,
        "gae_lambda": 0.95,
        "gae_gamma": 0.99,
        "policy_lr": 0.0001,
        "critic_lr": 0.0001,
        "shm_buffer_size": 8192
    }
}