{
    "cumulative_timesteps": 7500340,
    "cumulative_model_updates": 868,
    "policy_average_reward": 217.62598276337872,
    "epoch": 145,
    "ts_since_last_save": 100000,
    "reward_running_stats": {
        "mean": [
            21.67892278499494
        ],
        "var": [
            20497912.8799368
        ],
        "shape": [
            1
        ],
        "count": 22500
    },
    "obs_running_stats": {
        "mean": [
            0.0005802482523875784,
            0.0003293094409010914,
            0.158010482173495,
            0.0004261162936244176,
            -0.0005229981336774024,
            -0.03328040133806744,
            0.0016158615621305165,
            0.0027025518467208654,
            0.0012385475791160774,
            0.13135244709885477,
            0.06244328041883139,
            0.05443476927007805,
            0.103526245744853,
            -0.10891884352823918,
            0.516502652832005,
            0.5365274963821459,
            0.5040901088877562,
            0.9940654297195743,
            0.9950539488124827,
            0.9934683132459511,
            0.9894754085368198,
            0.9802914091033944,
            0.9948339276871141,
            0.9942913905825926,
            0.9945338826041799,
            0.9959171726294115,
            0.9920385063548326,
            0.995015129741397,
            0.9928444237303948,
            0.9948936852294032,
            0.9940129149890217,
            0.9922591114871707,
            0.9902079940051761,
            0.9944669970935852,
            0.9932063042183973,
            0.97804057589014,
            0.9945904562225244,
            0.9934843234528918,
            0.9923373837994692,
            0.9948077929339739,
            0.9925443949652255,
            0.9960386102610257,
            0.9917742800955965,
            0.9936673353233351,
            0.9944086823067634,
            0.9930364058937624,
            0.9884013900275536,
            0.9790778338139585,
            0.9952572745189375,
            0.9932213857849748,
            0.9937252097712567,
            0.12752053766543006,
            0.00655579739870882,
            0.10793972047076883,
            0.08311456955799577,
            -0.0022448464720779136,
            0.05311647052405014,
            -0.0420960644685048,
            -0.008329641360458075,
            0.3527066662442835,
            0.01000665558044629,
            0.001959467771059913,
            -0.012779905189439314,
            -0.0030934259329864584,
            -0.017447807937620373,
            0.012857149417285493,
            0.1121765526708994,
            0.10042644895788316,
            0.2039817719879455,
            0.0
        ],
        "var": [
            331008.1390256914,
            240018.5621416983,
            39166.43363928824,
            44119.66761034567,
            45118.411701094,
            38249.070995197166,
            304028.6763747351,
            303280.2255161788,
            132613.3084838549,
            281516.28474235645,
            254588.15923800887,
            258933.8794762868,
            266438.4577709141,
            263966.42538207193,
            267579.1537460642,
            266440.2928366231,
            267851.83829725074,
            6293.310991163602,
            5246.187235767391,
            6895.6084086586625,
            11179.288189176197,
            20686.93835055734,
            5491.0597730706895,
            6048.947318953464,
            5849.258195295934,
            4331.032193630725,
            8413.855485003756,
            5372.488062078137,
            7551.445378355198,
            5470.309300898931,
            6401.796364877476,
            8203.334411361882,
            10369.101203054011,
            5897.959628120868,
            7192.334347709599,
            23016.44712096291,
            5798.531788090396,
            6906.821043699264,
            8105.37580084744,
            5547.436797410687,
            7895.363620528216,
            4214.866042302129,
            8715.788234797406,
            6726.740988930001,
            5960.313422737293,
            7352.075480282107,
            12269.403070352939,
            21950.873511650745,
            5067.093854726741,
            7181.753361108559,
            6646.685894458278,
            343091.4199351486,
            285848.232363547,
            26830.999586713977,
            423011.64134055126,
            445398.15962351754,
            192640.04997963988,
            260821.0373548938,
            244994.0451569156,
            430394.58391594,
            79110.73485807801,
            86568.66424390694,
            22261.884161350034,
            201838.29932797118,
            208106.39121377445,
            74548.32987772148,
            54559.782080820936,
            96793.98721727113,
            173974.42117485285,
            0.0
        ],
        "shape": [
            70
        ],
        "count": 1071483
    },
    "wandb_run_id": "y20wl1cc",
    "wandb_project": "rlgym-ppo",
    "wandb_entity": "gashfraude-epsi",
    "wandb_group": "unnamed-runs",
    "wandb_config": {
        "n_proc": 8,
        "min_inference_size": 7,
        "timestep_limit": 200000000,
        "exp_buffer_size": 150000,
        "ts_per_iteration": 50000,
        "standardize_returns": true,
        "standardize_obs": true,
        "policy_layer_sizes": [
            256,
            256,
            256
        ],
        "critic_layer_sizes": [
            256,
            256,
            256
        ],
        "ppo_epochs": 2,
        "ppo_batch_size": 50000,
        "ppo_minibatch_size": 50000,
        "ppo_ent_coef": 0.01,
        "ppo_clip_range": 0.2,
        "gae_lambda": 0.95,
        "gae_gamma": 0.99,
        "policy_lr": 0.0001,
        "critic_lr": 0.0001,
        "shm_buffer_size": 8192
    }
}