{
    "cumulative_timesteps": 336817467,
    "cumulative_model_updates": 40350,
    "policy_average_reward": 81.08932429848875,
    "epoch": 6725,
    "ts_since_last_save": 500229,
    "reward_running_stats": {
        "mean": [
            29.913117153512744
        ],
        "var": [
            4297073913.743823
        ],
        "shape": [
            1
        ],
        "count": 1010100
    },
    "obs_running_stats": {
        "mean": [
            -0.014062695918833648,
            0.09172069880471505,
            0.13092273846568503,
            0.0007829284429815445,
            0.017103965429059193,
            -0.022875638898803948,
            -0.03827083240444862,
            0.0053573359407948174,
            0.0061218068604692345,
            0.5587452739518839,
            -0.5319741108489842,
            0.412373535772499,
            -0.23365490506864936,
            0.1854658960114567,
            0.14757594323502854,
            0.535883707819149,
            0.2661043853512389,
            0.987958761448845,
            0.98948332912334,
            0.9876604073473365,
            0.9765045347155594,
            0.9706210683291568,
            0.9871377773003943,
            0.9862960100660529,
            0.984929972100684,
            0.990617281507556,
            0.9877531607346522,
            0.9870347739069574,
            0.9851511147573278,
            0.9866332808533033,
            0.9816272680188194,
            0.9842091479764793,
            0.9732484639770053,
            0.9844714447957967,
            0.9835601255633943,
            0.9674470255618418,
            0.98661405174026,
            0.9823526940506283,
            0.9846052796218479,
            0.9865166612268316,
            0.9856233486972229,
            0.9894097588023458,
            0.9877838078517461,
            0.9856321867244278,
            0.9863604010922364,
            0.9868370967689468,
            0.9664101475029948,
            0.9691153310173134,
            0.9857779962278471,
            0.987205845824684,
            0.9884678283353924,
            0.013304198100268094,
            0.0420149239742136,
            0.07115325379092918,
            0.06789633658700607,
            0.053281347935076294,
            0.03234644092998219,
            -0.00754407542355036,
            0.02724769312493454,
            0.3922463479243433,
            -0.0007559493317368647,
            0.009933880592526874,
            -0.009511290370267702,
            -0.030960663513388692,
            -0.06765758586693142,
            -0.0567543021069496,
            0.11376786818090125,
            0.2134657243004774,
            0.35914281149003574,
            0.0
        ],
        "var": [
            15657222.953529436,
            12566800.614256216,
            1356807.243227181,
            1917660.9972486957,
            2379430.3158286107,
            1266672.089321297,
            16008400.362512397,
            14378969.48216104,
            6494076.1835638005,
            15239151.01799083,
            16604893.972484846,
            22649626.80612126,
            28319367.784134492,
            29447825.73269171,
            6042929.787830695,
            11916934.676289957,
            9343680.71403771,
            384687.75822860206,
            335928.82080690854,
            386965.8461517031,
            825254.5821029696,
            1023972.3791038628,
            419945.61959064653,
            442933.9873159877,
            501971.69417813956,
            294898.78178995184,
            370653.64574739087,
            423232.00398533855,
            475884.34470632015,
            440442.5137804503,
            636935.8176156316,
            508805.8258306575,
            967795.9974348835,
            515657.7494800098,
            541351.07558503,
            1152737.272639624,
            452657.38006588793,
            610805.1625770902,
            496827.56916628766,
            460352.920148073,
            467596.2630475491,
            372732.1820947051,
            388985.15933189244,
            487532.5661509896,
            467709.95023990143,
            434773.34197920817,
            1311608.2140660775,
            1142290.7022053164,
            526818.2896530797,
            436912.9420652339,
            387066.7938301841,
            14830156.184552863,
            12220247.580590378,
            871643.943146089,
            19726559.60122559,
            21738648.14681533,
            6163014.977375672,
            10337403.9709724,
            9733184.148346173,
            20599409.917981558,
            3562374.8768488127,
            4858154.592992409,
            604380.8110874965,
            11389299.158432595,
            12115943.577163551,
            5344090.342781292,
            2613886.516036303,
            7977925.067269998,
            11154713.001214841,
            0.0
        ],
        "shape": [
            70
        ],
        "count": 48116783
    },
    "wandb_run_id": "9prg5n79",
    "wandb_project": "rlgym-ppo",
    "wandb_entity": "gashfraude-epsi",
    "wandb_group": "unnamed-runs",
    "wandb_config": {
        "n_proc": 6,
        "min_inference_size": 5,
        "timestep_limit": 1e+16,
        "exp_buffer_size": 150000,
        "ts_per_iteration": 50000,
        "standardize_returns": true,
        "standardize_obs": true,
        "policy_layer_sizes": [
            512,
            512,
            256
        ],
        "critic_layer_sizes": [
            512,
            512,
            256
        ],
        "ppo_epochs": 2,
        "ppo_batch_size": 50000,
        "ppo_minibatch_size": 50000,
        "ppo_ent_coef": 0.01,
        "ppo_clip_range": 0.2,
        "gae_lambda": 0.95,
        "gae_gamma": 0.99,
        "policy_lr": 0.0002,
        "critic_lr": 0.0002,
        "shm_buffer_size": 8192
    }
}