{"_wandb":{"runtime":337},"Mean KL Divergence":7.7923205026309e-06,"x_vel":35.35286033123092,"_runtime":337,"_timestamp":1.7628084850235097e+09,"y_vel":-14.244668139147153,"Value Function Update Magnitude":0.05548367649316788,"Collected Steps per Second":4150.432312069138,"Value Function Loss":0.40764859318733215,"Cumulative Timesteps":850044,"Overall Steps per Second":3565.7522736816186,"Policy Update Magnitude":0.015468606725335121,"z_vel":-31.336291687795118,"_step":33,"Policy Entropy":0.686048835515976,"SB3 Clip Fraction":0,"Timestep Consumption Time":1.9754276999738067,"Cumulative Model Updates":92,"Timesteps Collected":50002,"PPO Batch Consumption Time":0.3754851818084717,"Policy Reward":105.44708014965673,"Total Iteration Time":14.022847399988677,"Timestep Collection Time":12.04741970001487}