{
    "cumulative_timesteps": 388840154,
    "cumulative_model_updates": 46578,
    "policy_average_reward": 117.19554163091578,
    "epoch": 7763,
    "ts_since_last_save": 500240,
    "reward_running_stats": {
        "mean": [
            29.223138754891412
        ],
        "var": [
            4487670016.838608
        ],
        "shape": [
            1
        ],
        "count": 1166100
    },
    "obs_running_stats": {
        "mean": [
            -0.014572035895912007,
            0.11364315517547381,
            0.1315409325748445,
            0.0007273207863615074,
            0.02339190815080055,
            -0.022746475294720486,
            -0.05024359456252194,
            0.005214706371616714,
            0.007302048104175362,
            0.5659819579262271,
            -0.5243951492846106,
            0.4167079449863249,
            -0.23719936381403764,
            0.19877906475527532,
            0.14164582626543795,
            0.5239473848505478,
            0.2518673058301438,
            0.9885123167846388,
            0.9900248715479987,
            0.9882838350461234,
            0.9775849379344844,
            0.9718291402333475,
            0.9876282239265541,
            0.9868304336070151,
            0.9855392694948234,
            0.9911160808000316,
            0.9883932886625474,
            0.9875056251113736,
            0.9857232286610533,
            0.9870697985322539,
            0.9824044018061006,
            0.9848361781211581,
            0.9735888575808042,
            0.9849527225475039,
            0.9840683122441677,
            0.9683328190920715,
            0.9868887814774777,
            0.9830065622559817,
            0.9851132612844534,
            0.986514062401354,
            0.9858809532265979,
            0.9895305842095954,
            0.9882627658416163,
            0.9858621094995854,
            0.9861286388818578,
            0.9867931032563488,
            0.9659426913750301,
            0.9690319095296198,
            0.9849714458244768,
            0.9868282259862404,
            0.9886652218385801,
            0.011664819303077766,
            0.055693791777899564,
            0.07046009364760102,
            0.07076273983829348,
            0.06483956545944691,
            0.030741335612708767,
            -0.010176504371119579,
            0.02811612439318279,
            0.40735508694397826,
            -0.00069543995995369,
            0.014852230713750247,
            -0.00956379307884731,
            -0.026772426748462107,
            -0.06607871278109892,
            -0.055887772773247794,
            0.11639906867069741,
            0.23128442643963393,
            0.379096316054042,
            0.0
        ],
        "var": [
            17793014.965484273,
            14728918.589593286,
            1565806.764583365,
            2223251.2096877177,
            2927259.036175904,
            1470872.4467249147,
            18833306.38232816,
            16447074.05873927,
            7584970.631354351,
            17263859.109084927,
            19473014.480721958,
            26011573.46875601,
            32690720.843908496,
            33687864.695232175,
            6743694.334815962,
            13804988.939167844,
            10413848.422206767,
            443072.70522916014,
            383799.29236213875,
            443742.300935212,
            938506.2625559543,
            1172651.7978582035,
            487749.59009652614,
            514495.0791340718,
            579435.3736632331,
            336773.6438893313,
            425845.1743798858,
            492848.63702386676,
            553745.3259540868,
            514843.3242709312,
            729353.861063534,
            590554.8672331386,
            1143386.6811852644,
            603354.0954348921,
            634205.3023292762,
            1340744.73627537,
            535951.0904685688,
            704578.8950253124,
            582113.7210781113,
            559347.9202573133,
            559002.9571027996,
            444033.0262456639,
            452696.36179034365,
            580369.4586699158,
            580214.1680141271,
            533689.2492768066,
            1577066.5005532303,
            1369078.150989783,
            674502.5860985189,
            551211.7580876536,
            461069.16438905423,
            16911747.638418056,
            14235284.956015155,
            1003996.4165346711,
            22777771.39878231,
            25188135.625204124,
            6938702.065306764,
            11657990.675569711,
            11047218.438003074,
            23570879.690373432,
            4142574.664037318,
            5901211.8325591115,
            690565.5478339174,
            12865119.19366797,
            13612630.491960015,
            6101177.392852027,
            3095596.0751740225,
            9775300.696206992,
            13155346.204763941,
            0.0
        ],
        "shape": [
            70
        ],
        "count": 55548595
    },
    "wandb_run_id": "9prg5n79",
    "wandb_project": "rlgym-ppo",
    "wandb_entity": "gashfraude-epsi",
    "wandb_group": "unnamed-runs",
    "wandb_config": {
        "n_proc": 6,
        "min_inference_size": 5,
        "timestep_limit": 1e+16,
        "exp_buffer_size": 150000,
        "ts_per_iteration": 50000,
        "standardize_returns": true,
        "standardize_obs": true,
        "policy_layer_sizes": [
            512,
            512,
            256
        ],
        "critic_layer_sizes": [
            512,
            512,
            256
        ],
        "ppo_epochs": 2,
        "ppo_batch_size": 50000,
        "ppo_minibatch_size": 50000,
        "ppo_ent_coef": 0.01,
        "ppo_clip_range": 0.2,
        "gae_lambda": 0.95,
        "gae_gamma": 0.99,
        "policy_lr": 0.0002,
        "critic_lr": 0.0002,
        "shm_buffer_size": 8192
    }
}