{"y_vel":-14.709914520782661,"_runtime":38260,"Cumulative Model Updates":9684,"Cumulative Timesteps":80954381,"Timesteps Collected":50007,"_wandb":{"runtime":38260},"Total Iteration Time":11.758799504954368,"Timestep Consumption Time":2.8300882671028376,"SB3 Clip Fraction":0.023053333163261414,"Value Function Loss":0.42676158249378204,"Policy Entropy":1.4060814380645752,"z_vel":-22.9911955711674,"Overall Steps per Second":4252.730049434928,"PPO Batch Consumption Time":0.11175847053527832,"Value Function Update Magnitude":0.1994931846857071,"_timestamp":1.7628825566690037e+09,"x_vel":12.962833358220834,"Timestep Collection Time":8.92871123785153,"Collected Steps per Second":5600.696300716399,"Policy Update Magnitude":0.08381959795951843,"Policy Reward":747.6514550046193,"_step":3274,"Mean KL Divergence":0.0025877906979682543}