{
    "cumulative_timesteps": 80804366,
    "cumulative_model_updates": 9666,
    "policy_average_reward": 668.5278924496208,
    "epoch": 1611,
    "ts_since_last_save": 100019,
    "reward_running_stats": {
        "mean": [
            51.80191037875532
        ],
        "var": [
            1094619005.605158
        ],
        "shape": [
            1
        ],
        "count": 242400
    },
    "obs_running_stats": {
        "mean": [
            0.0009965147426830878,
            -0.0037913732648258715,
            0.14672099966557728,
            1.0970004843080372e-05,
            7.246205230697753e-05,
            -0.029168192586064873,
            -0.002068904378181557,
            -0.00012446264555325862,
            0.0006289937893489306,
            0.4901810298066342,
            -0.45585508679115017,
            0.47855249215246337,
            -0.21039415588242882,
            0.2012874011559021,
            0.1914263012133593,
            0.6086784088478174,
            0.6147260524264382,
            0.9749056145164311,
            0.9780650842920803,
            0.9736821677354401,
            0.9577867338519305,
            0.945786503818587,
            0.9737273640904073,
            0.9716472183326295,
            0.9703508721819106,
            0.9801346621364226,
            0.9727316744148337,
            0.9736508540997699,
            0.9688664567925359,
            0.9732055332851972,
            0.9667777315210276,
            0.9670261623590439,
            0.9578504365247907,
            0.9690599397785619,
            0.9665991794668585,
            0.9435054139160178,
            0.974775575343156,
            0.967928265086393,
            0.9683601252322588,
            0.9755689130398791,
            0.9709314638514063,
            0.9830689486207844,
            0.9759405529020638,
            0.9732920384470274,
            0.9760581296845646,
            0.9745798120395391,
            0.9630500976438003,
            0.9553333403673749,
            0.981042547434397,
            0.9780337965422273,
            0.9790510403483661,
            0.03953098631394639,
            -0.03452316719572149,
            0.08365195131516989,
            0.05944183316910743,
            -0.06170429410837144,
            0.035582120391336874,
            -0.00033105798332576115,
            0.03765255783049696,
            0.32976896412966183,
            -0.0028928801872394475,
            -0.005446529617770096,
            -0.012306608581860045,
            -0.0777426634041883,
            -0.052286452482308746,
            -0.03106729623587459,
            0.11716460076660097,
            0.1547024086835685,
            0.27903641980553323,
            0.0
        ],
        "var": [
            3644801.756422572,
            2666488.720925687,
            384228.124675128,
            455281.5225993751,
            476967.09608239145,
            359538.1473001022,
            3374823.395475348,
            3312439.760396303,
            1449098.0558363749,
            3939072.566244729,
            4281095.363518332,
            4323874.308436185,
            6382976.282319401,
            6599202.829501229,
            1776696.0012604045,
            2699227.23267028,
            2680752.5664305743,
            94686.02137052621,
            82873.51617550262,
            96355.03009200044,
            188008.79462543238,
            243768.5217537262,
            104326.99823158263,
            110588.70805476411,
            119884.75146306795,
            72428.33781733309,
            94780.15296181312,
            103621.9132864105,
            120213.51368285251,
            106889.9305732849,
            139901.22288989805,
            129080.86340614865,
            181077.52679516247,
            126182.00745742091,
            136005.49024476737,
            252683.81374080788,
            101023.32732225717,
            135004.46297377933,
            121165.15107784457,
            95455.51936560668,
            111581.41805785194,
            60694.57250579031,
            79409.85727778927,
            106201.36550856174,
            90123.65454682222,
            95731.91517878573,
            160432.06530190544,
            194694.98258383866,
            66920.09414789942,
            77172.30239957783,
            75332.93086435884,
            3573584.642990412,
            2749110.741545094,
            252393.24551697762,
            4713094.942678653,
            4994389.689995871,
            1656844.219155716,
            2684278.958312659,
            2529457.063182321,
            5052846.821925404,
            921848.7340806529,
            1123540.1572918107,
            176592.23769127595,
            2921213.0510978093,
            3061428.451542197,
            1342089.6993696922,
            595243.9220257718,
            1408744.8070135424,
            2402451.9015490017,
            0.0
        ],
        "shape": [
            70
        ],
        "count": 11543485
    },
    "wandb_run_id": "9prg5n79",
    "wandb_project": "rlgym-ppo",
    "wandb_entity": "gashfraude-epsi",
    "wandb_group": "unnamed-runs",
    "wandb_config": {
        "n_proc": 6,
        "min_inference_size": 5,
        "timestep_limit": 1e+16,
        "exp_buffer_size": 150000,
        "ts_per_iteration": 50000,
        "standardize_returns": true,
        "standardize_obs": true,
        "policy_layer_sizes": [
            512,
            512,
            256
        ],
        "critic_layer_sizes": [
            512,
            512,
            256
        ],
        "ppo_epochs": 2,
        "ppo_batch_size": 50000,
        "ppo_minibatch_size": 50000,
        "ppo_ent_coef": 0.01,
        "ppo_clip_range": 0.2,
        "gae_lambda": 0.95,
        "gae_gamma": 0.99,
        "policy_lr": 0.0002,
        "critic_lr": 0.0002,
        "shm_buffer_size": 8192
    }
}