{
    "cumulative_timesteps": 337817917,
    "cumulative_model_updates": 40470,
    "policy_average_reward": 156.6673582972044,
    "epoch": 6745,
    "ts_since_last_save": 500280,
    "reward_running_stats": {
        "mean": [
            29.85173384058207
        ],
        "var": [
            4299311970.113735
        ],
        "shape": [
            1
        ],
        "count": 1013100
    },
    "obs_running_stats": {
        "mean": [
            -0.01415337022188027,
            0.09212529558297804,
            0.13092186867832942,
            0.0007837232022851327,
            0.017186114974001403,
            -0.02287535976348936,
            -0.0384608105850596,
            0.005358008492158292,
            0.0061561324172356895,
            0.558835088349407,
            -0.5318522333507802,
            0.4124976506693949,
            -0.2338576409022715,
            0.18548050259402926,
            0.14747882600318785,
            0.535654498558791,
            0.2658259093231891,
            0.9879729960550565,
            0.9894941883616013,
            0.9876728110547609,
            0.9765314934151571,
            0.9706499308278462,
            0.9871494287307538,
            0.9863092841142348,
            0.9849436654816839,
            0.9906285330660233,
            0.9877675483642885,
            0.987050356597397,
            0.9851677379914879,
            0.986647731796056,
            0.981648421641694,
            0.9842311924575384,
            0.9732703120805465,
            0.9844859366408462,
            0.9835746018171176,
            0.9674784707646811,
            0.9866256172170323,
            0.9823707046924423,
            0.9846171372207666,
            0.9865247438652159,
            0.9856352165641619,
            0.9894113041589159,
            0.9878012129024882,
            0.9856430752412166,
            0.9863628751801953,
            0.9868430700432446,
            0.966387017003107,
            0.9691324487900119,
            0.9857660740087465,
            0.9872096702596497,
            0.9884734065095383,
            0.013225259578912804,
            0.04227020442893605,
            0.07113803194541135,
            0.06798633094498652,
            0.0535420370253854,
            0.03232206302562176,
            -0.007584945367532681,
            0.02725165972447016,
            0.3924951708221321,
            -0.0007547707855352129,
            0.009999290882904978,
            -0.009511606174354158,
            -0.030855427465727142,
            -0.06769160716006041,
            -0.05674780479031238,
            0.11380337569622333,
            0.21372745511195898,
            0.3594771399136532,
            0.0
        ],
        "var": [
            15700743.942047346,
            12607619.293803005,
            1360725.7600437356,
            1923212.7167065109,
            2387756.669571258,
            1270406.1187203352,
            16059732.124498606,
            14420493.267463466,
            6514192.672818092,
            15281832.503645873,
            16660318.196490496,
            22713635.204729762,
            28400320.574182026,
            29534409.068370212,
            6057605.0154640125,
            11953272.469105892,
            9365301.88873059,
            385717.56963326636,
            336903.03069995483,
            388123.84957245894,
            827293.7849012568,
            1026736.8234059234,
            421212.4332012168,
            444242.6957524303,
            503452.1444324163,
            295694.3830580159,
            371705.20659937424,
            424328.4676110073,
            477196.6430986026,
            441648.6117983912,
            638530.0639125602,
            509996.7631501967,
            970519.1057610193,
            517164.9961802084,
            542986.4084596436,
            1155819.5716630726,
            454001.70697089715,
            612444.3147568911,
            498439.3093159128,
            461874.4524921906,
            469065.1841329011,
            374156.7324261725,
            389890.33798690664,
            489046.15636044287,
            469516.6180296287,
            436349.1662022386,
            1317288.941707304,
            1145793.3876556987,
            529381.0089960562,
            438538.2691370858,
            388432.9939363991,
            14871530.099013701,
            12258902.771524357,
            874087.1306147247,
            19785030.76145993,
            21803810.55637488,
            6179231.277581744,
            10364330.666870764,
            9759495.103293793,
            20657526.901841,
            3572481.848610857,
            4873924.836991001,
            606026.9287291493,
            11418596.52194861,
            12146585.82225344,
            5359048.580338245,
            2622649.1459336407,
            8009156.553377543,
            11192147.773919549,
            0.0
        ],
        "shape": [
            70
        ],
        "count": 48259705
    },
    "wandb_run_id": "9prg5n79",
    "wandb_project": "rlgym-ppo",
    "wandb_entity": "gashfraude-epsi",
    "wandb_group": "unnamed-runs",
    "wandb_config": {
        "n_proc": 6,
        "min_inference_size": 5,
        "timestep_limit": 1e+16,
        "exp_buffer_size": 150000,
        "ts_per_iteration": 50000,
        "standardize_returns": true,
        "standardize_obs": true,
        "policy_layer_sizes": [
            512,
            512,
            256
        ],
        "critic_layer_sizes": [
            512,
            512,
            256
        ],
        "ppo_epochs": 2,
        "ppo_batch_size": 50000,
        "ppo_minibatch_size": 50000,
        "ppo_ent_coef": 0.01,
        "ppo_clip_range": 0.2,
        "gae_lambda": 0.95,
        "gae_gamma": 0.99,
        "policy_lr": 0.0002,
        "critic_lr": 0.0002,
        "shm_buffer_size": 8192
    }
}