{
    "cumulative_timesteps": 65302816,
    "cumulative_model_updates": 7812,
    "policy_average_reward": 1113.127689798544,
    "epoch": 1302,
    "ts_since_last_save": 100008,
    "reward_running_stats": {
        "mean": [
            44.38205381357876
        ],
        "var": [
            614689672.1327513
        ],
        "shape": [
            1
        ],
        "count": 195900
    },
    "obs_running_stats": {
        "mean": [
            9.827704184191744e-05,
            -0.004180105908759874,
            0.14983102756709693,
            -7.281885629723198e-05,
            -0.0004907236560566929,
            -0.030181242929351374,
            -0.0002687816052499992,
            -0.0005055243175983824,
            -0.0001425105899693814,
            0.4718220935901075,
            -0.44078506803553585,
            0.46938890520493826,
            -0.2196819175659761,
            0.17947248122654919,
            0.1929050145323363,
            0.6184545705176651,
            0.7196602848986503,
            0.9711036233107498,
            0.9746682465699332,
            0.9695585623657887,
            0.952258199710523,
            0.9382970267517051,
            0.9698261933371909,
            0.9673416627324516,
            0.9660214374789656,
            0.97700645990944,
            0.9681417935204055,
            0.9697037584971814,
            0.9640783171519077,
            0.9691238928203877,
            0.9622092840338214,
            0.9619608921576384,
            0.9518328959792949,
            0.9644736946463698,
            0.9616888505030462,
            0.9351056024527662,
            0.9710219310560915,
            0.9635541437767299,
            0.963391657715971,
            0.9718518056471644,
            0.9663722852596197,
            0.9802733656751872,
            0.9718530940169118,
            0.9692955698290688,
            0.972280283986295,
            0.9704758057722311,
            0.9579394823740424,
            0.9488735083876277,
            0.9779802171974888,
            0.9743506158850667,
            0.9755955045124862,
            0.04276151362055258,
            -0.03396995348382164,
            0.08588553716102915,
            0.06455320216173889,
            -0.07485669214391824,
            0.03522835514318015,
            -0.0012736806797194035,
            0.039509949519881384,
            0.3263748006018847,
            -0.0030265218404314374,
            -0.005785886970596115,
            -0.012812625668807625,
            -0.081434527349843,
            -0.05280251040611729,
            -0.027861789331456423,
            0.1186268999465351,
            0.15702844771448965,
            0.28654775758699796,
            0.0
        ],
        "var": [
            2929536.118377751,
            2137475.4450198454,
            317958.61547739134,
            371254.8437759224,
            387248.39642073313,
            298219.6898493615,
            2697864.7044818136,
            2660442.1667155325,
            1169215.3200442032,
            3201280.235163405,
            3451389.041088044,
            3478839.474483884,
            5095254.426696182,
            5364082.603079957,
            1442422.6536114332,
            2151041.1267246366,
            1828932.7744774893,
            74062.57710811436,
            65555.17061012598,
            75893.38659674708,
            145409.4730326322,
            191991.19915737183,
            82014.25655764109,
            87297.30739771687,
            93992.58827926501,
            57242.50474044783,
            76328.04234726696,
            81545.57834450265,
            95087.77683979853,
            85024.86811712975,
            108366.91805691301,
            102366.00810434268,
            142738.6360412029,
            99726.16482511324,
            107033.01997071381,
            203493.47718260213,
            79692.310471095,
            104269.36200944037,
            96502.69917296189,
            75528.02798646971,
            88946.00489095204,
            48959.354248463955,
            63553.01719839914,
            83778.50268220242,
            71796.30710184429,
            77052.28776543739,
            125539.55589813454,
            154689.3256499426,
            53132.30024492801,
            62320.746826404335,
            60687.74499480103,
            2902485.553907326,
            2233902.886825499,
            208930.82960112218,
            3777474.892435261,
            3988693.377939057,
            1380278.789559197,
            2185533.880576803,
            2054481.7751642,
            4075447.251984458,
            755524.2410681499,
            918374.1715290014,
            146708.9805831842,
            2321035.4385162937,
            2441573.2705977927,
            1101317.860866263,
            478814.9934435823,
            1134089.813622392,
            1987389.108241421,
            0.0
        ],
        "shape": [
            70
        ],
        "count": 9328978
    },
    "wandb_run_id": "9prg5n79",
    "wandb_project": "rlgym-ppo",
    "wandb_entity": "gashfraude-epsi",
    "wandb_group": "unnamed-runs",
    "wandb_config": {
        "n_proc": 6,
        "min_inference_size": 5,
        "timestep_limit": 1e+16,
        "exp_buffer_size": 150000,
        "ts_per_iteration": 50000,
        "standardize_returns": true,
        "standardize_obs": true,
        "policy_layer_sizes": [
            512,
            512,
            256
        ],
        "critic_layer_sizes": [
            512,
            512,
            256
        ],
        "ppo_epochs": 2,
        "ppo_batch_size": 50000,
        "ppo_minibatch_size": 50000,
        "ppo_ent_coef": 0.01,
        "ppo_clip_range": 0.2,
        "gae_lambda": 0.95,
        "gae_gamma": 0.99,
        "policy_lr": 0.0002,
        "critic_lr": 0.0002,
        "shm_buffer_size": 8192
    }
}