{
    "cumulative_timesteps": 65502828,
    "cumulative_model_updates": 7836,
    "policy_average_reward": 1549.1319899512619,
    "epoch": 1306,
    "ts_since_last_save": 100005,
    "reward_running_stats": {
        "mean": [
            44.699936859154114
        ],
        "var": [
            627891782.1158025
        ],
        "shape": [
            1
        ],
        "count": 196500
    },
    "obs_running_stats": {
        "mean": [
            1.3776460391734639e-05,
            -0.004240595612706834,
            0.14971579704109403,
            -7.442885649619738e-05,
            -0.00048147807774184695,
            -0.03014676648233926,
            -0.00032926829372712457,
            -0.0004956586142805448,
            -0.00015327570149194092,
            0.47147653616391594,
            -0.440054727500364,
            0.4695821426400546,
            -0.21967635904714541,
            0.17967376196346438,
            0.19284710675494682,
            0.6183222599971622,
            0.718350556175783,
            0.9711626832262259,
            0.9747178112680863,
            0.9696184929178634,
            0.9523138901854832,
            0.9383993012735984,
            0.9699015502524542,
            0.9674157362449262,
            0.9660914204763132,
            0.9770526252384851,
            0.9682172710180715,
            0.969769337034606,
            0.9641591492247442,
            0.9691916694224577,
            0.9622835336026806,
            0.962042205252099,
            0.9519123268756076,
            0.9645476555708594,
            0.9617717423274752,
            0.9352397430651046,
            0.9710813472819743,
            0.9636201190997367,
            0.9634787542398474,
            0.9719089016071254,
            0.9664434411307712,
            0.9803084869502479,
            0.9719221549864565,
            0.969359188791256,
            0.9723382089119149,
            0.9705328286836393,
            0.9579977022191914,
            0.9489767231331232,
            0.9780220199356267,
            0.9744018985179176,
            0.9756450163612157,
            0.04258029436430338,
            -0.03397838989008566,
            0.08581306447165271,
            0.06453132100740468,
            -0.07480324860038977,
            0.035293696068698546,
            -0.0012571483759263348,
            0.03952053947036671,
            0.32643435408775656,
            -0.003038379336763842,
            -0.005769977659061955,
            -0.012793370584340137,
            -0.08138206277318763,
            -0.05284443003499358,
            -0.02786480480917987,
            0.11857748083923636,
            0.1569771764110728,
            0.2863724415157759,
            0.0
        ],
        "var": [
            2939132.8466452747,
            2144623.6140506193,
            318648.1617724127,
            372282.1361942211,
            388397.6846325498,
            298808.1762128394,
            2707269.6635489985,
            2669101.8350079674,
            1172878.016702529,
            3211501.5460765366,
            3464966.507586651,
            3486213.4777576127,
            5106504.597394573,
            5376451.109027465,
            1446538.4147113643,
            2158076.6090682065,
            1840065.5555399666,
            74343.62551835178,
            65820.3103393196,
            76210.01823883558,
            146237.0771885711,
            192806.42083540512,
            82187.7433777765,
            87552.05507071302,
            94320.05674690468,
            57472.244331801056,
            76547.99092306512,
            81808.4948742676,
            95375.18765529268,
            85284.75019471662,
            108763.57381062208,
            102708.48911584984,
            143376.8888057553,
            100062.22615225268,
            107369.45101542711,
            204134.89430172462,
            79972.50692859222,
            104700.36872069904,
            96755.00783239354,
            75805.43643989766,
            89253.42817175107,
            49196.19008788326,
            63724.71505718562,
            84070.08504963692,
            72054.37084410079,
            77368.85879466117,
            126191.80478701853,
            155208.2982177451,
            53373.656690643504,
            62579.54154538195,
            60927.31824179214,
            2911779.2023507543,
            2241253.1873037103,
            209312.7947965113,
            3789651.284154233,
            4001627.9887650735,
            1383484.3067425482,
            2191786.744604286,
            2060549.8785060914,
            4088239.790196136,
            757517.3987435217,
            920981.0663063464,
            147020.49399308444,
            2329044.005313569,
            2449824.338628095,
            1103851.037794999,
            480295.51265420904,
            1137542.9141745719,
            1992529.8823898095,
            0.0
        ],
        "shape": [
            70
        ],
        "count": 9357551
    },
    "wandb_run_id": "9prg5n79",
    "wandb_project": "rlgym-ppo",
    "wandb_entity": "gashfraude-epsi",
    "wandb_group": "unnamed-runs",
    "wandb_config": {
        "n_proc": 6,
        "min_inference_size": 5,
        "timestep_limit": 1e+16,
        "exp_buffer_size": 150000,
        "ts_per_iteration": 50000,
        "standardize_returns": true,
        "standardize_obs": true,
        "policy_layer_sizes": [
            512,
            512,
            256
        ],
        "critic_layer_sizes": [
            512,
            512,
            256
        ],
        "ppo_epochs": 2,
        "ppo_batch_size": 50000,
        "ppo_minibatch_size": 50000,
        "ppo_ent_coef": 0.01,
        "ppo_clip_range": 0.2,
        "gae_lambda": 0.95,
        "gae_gamma": 0.99,
        "policy_lr": 0.0002,
        "critic_lr": 0.0002,
        "shm_buffer_size": 8192
    }
}