{
    "cumulative_timesteps": 363328875,
    "cumulative_model_updates": 43524,
    "policy_average_reward": 193.66558471862365,
    "epoch": 7254,
    "ts_since_last_save": 450178,
    "reward_running_stats": {
        "mean": [
            29.6116265526656
        ],
        "var": [
            4417840214.731027
        ],
        "shape": [
            1
        ],
        "count": 1089600
    },
    "obs_running_stats": {
        "mean": [
            -0.014923660325202506,
            0.10350263075108,
            0.13114545696922658,
            0.0007556099709729275,
            0.02011994941024945,
            -0.022800830022948908,
            -0.043951597434288524,
            0.005309012811031365,
            0.006921481457545022,
            0.5626005381626643,
            -0.5284893291266273,
            0.41494998781932146,
            -0.23622556404567543,
            0.19035797598658397,
            0.1441587031539854,
            0.5300060452296524,
            0.25851385507928015,
            0.9882822484921466,
            0.9897876642746626,
            0.9880079766686604,
            0.9771177115728165,
            0.9713367170210175,
            0.9874255706384341,
            0.9866124921070726,
            0.9852883131579193,
            0.9908917603093147,
            0.9881265991167548,
            0.9873034186575426,
            0.9854946103030733,
            0.9868839230337016,
            0.982081988242341,
            0.9845783553935957,
            0.9734735765090043,
            0.9847616332885514,
            0.9838619023336245,
            0.9680207046532556,
            0.9867857373332838,
            0.9827408022698955,
            0.9849122128616077,
            0.9865252740718642,
            0.985814823337648,
            0.9894592324493324,
            0.9880659226445939,
            0.9858068327868219,
            0.9862665136271392,
            0.9868695304629559,
            0.9660038855176502,
            0.9691418003145637,
            0.9853127465310781,
            0.9870746782789765,
            0.9885824107685329,
            0.011831219958609265,
            0.04954007412169277,
            0.07074441894484157,
            0.06945327778482768,
            0.059408871873834306,
            0.03141077713868396,
            -0.008833713344512453,
            0.027790555338895462,
            0.4002595457408957,
            -0.0007292468756118134,
            0.012272328928489984,
            -0.00952905250011375,
            -0.028441981519026514,
            -0.06726123705468211,
            -0.05627817972957007,
            0.11493007514765594,
            0.2227393966977283,
            0.3700844776076565,
            0.0
        ],
        "var": [
            16767470.423562145,
            13666156.34793752,
            1462257.2361783944,
            2070815.8047130324,
            2643907.8104137983,
            1369107.998589662,
            17428931.06232075,
            15440496.000610886,
            7047355.340315552,
            16279705.90602509,
            18052550.534178544,
            24356379.095405728,
            30535617.423982393,
            31659161.082423944,
            6393743.156829894,
            12878995.251639238,
            9896031.052326085,
            413351.54669152875,
            359871.3797507823,
            415522.1133651192,
            881798.8658839432,
            1096982.425654373,
            453475.01773196587,
            478142.7511710101,
            540141.4880349458,
            316117.79438491655,
            397553.12313591316,
            458113.1848618191,
            513981.6280933027,
            477725.35645347286,
            682495.9009911114,
            549101.5849921647,
            1055341.1188860557,
            558957.8951702765,
            587437.7558804511,
            1244158.371830169,
            494001.78964813193,
            657020.8510663665,
            538789.5983586714,
            510295.43079386104,
            511608.32080383913,
            409902.6813441536,
            420397.58423567534,
            532360.6304028386,
            523402.96477729053,
            482330.4024849164,
            1454212.8731986831,
            1254359.9221489963,
            603366.1293265162,
            491381.8885685262,
            424428.6003671436,
            15898847.315824613,
            13248432.223264163,
            937942.9957382391,
            21277642.698455356,
            23497515.174041376,
            6564391.458763997,
            11017715.486520179,
            10404661.384988548,
            22116963.046761367,
            3850071.125349873,
            5361942.54464393,
            647906.5627158122,
            12137112.39912199,
            12887953.97643733,
            5731753.391997084,
            2853212.4504877287,
            8885191.043713313,
            12180181.860645697,
            0.0
        ],
        "shape": [
            70
        ],
        "count": 51904127
    },
    "wandb_run_id": "9prg5n79",
    "wandb_project": "rlgym-ppo",
    "wandb_entity": "gashfraude-epsi",
    "wandb_group": "unnamed-runs",
    "wandb_config": {
        "n_proc": 6,
        "min_inference_size": 5,
        "timestep_limit": 1e+16,
        "exp_buffer_size": 150000,
        "ts_per_iteration": 50000,
        "standardize_returns": true,
        "standardize_obs": true,
        "policy_layer_sizes": [
            512,
            512,
            256
        ],
        "critic_layer_sizes": [
            512,
            512,
            256
        ],
        "ppo_epochs": 2,
        "ppo_batch_size": 50000,
        "ppo_minibatch_size": 50000,
        "ppo_ent_coef": 0.01,
        "ppo_clip_range": 0.2,
        "gae_lambda": 0.95,
        "gae_gamma": 0.99,
        "policy_lr": 0.0002,
        "critic_lr": 0.0002,
        "shm_buffer_size": 8192
    }
}