{
    "cumulative_timesteps": 800042,
    "cumulative_model_updates": 90,
    "policy_average_reward": 113.62038164094261,
    "epoch": 15,
    "ts_since_last_save": 100007,
    "reward_running_stats": {
        "mean": [
            15.110089302062988
        ],
        "var": [
            1357639.625
        ],
        "shape": [
            1
        ],
        "count": 2400
    },
    "obs_running_stats": {
        "mean": [
            0.013212309218943119,
            0.004681957419961691,
            0.15951856970787048,
            0.0014379986096173525,
            0.0024933633394539356,
            -0.03296452388167381,
            -0.005623145494610071,
            -0.0011881758691743016,
            -0.006996131967753172,
            0.061111267656087875,
            -0.0025383858010172844,
            0.01967509090900421,
            0.04778942093253136,
            -0.06689517199993134,
            0.5003176927566528,
            0.5386844277381897,
            0.4452793300151825,
            0.9944899678230286,
            0.9947190284729004,
            0.9926456809043884,
            0.9896768927574158,
            0.9776951670646667,
            0.9944325089454651,
            0.9943947196006775,
            0.996029257774353,
            0.9968881607055664,
            0.9928467869758606,
            0.9959999322891235,
            0.9927026629447937,
            0.9961825609207153,
            0.9956424832344055,
            0.9925263524055481,
            0.9908925890922546,
            0.9951397776603699,
            0.9923417568206787,
            0.9776450395584106,
            0.9955359697341919,
            0.9937669038772583,
            0.991536557674408,
            0.9955873489379883,
            0.9931097030639648,
            0.9966617226600647,
            0.9907547831535339,
            0.9938814640045166,
            0.9942081570625305,
            0.9918426871299744,
            0.987998902797699,
            0.9758025407791138,
            0.9957064390182495,
            0.9923606514930725,
            0.9931816458702087,
            0.15439294278621674,
            0.015621310099959373,
            0.10853860527276993,
            0.10056896507740021,
            0.009634346701204777,
            0.05770033225417137,
            -0.01666109450161457,
            -0.011808487586677074,
            0.3694297969341278,
            0.01853911206126213,
            0.001610046485438943,
            -0.01404670998454094,
            0.009340937249362469,
            0.00027154028066433966,
            0.01073564775288105,
            0.11585264652967453,
            0.10477110743522644,
            0.20770086348056793,
            0.0
        ],
        "var": [
            35031.078125,
            25694.720703125,
            4242.9404296875,
            4532.80224609375,
            4792.97998046875,
            4145.34814453125,
            32641.6328125,
            31588.16796875,
            13990.11328125,
            28894.19140625,
            25287.783203125,
            27372.94140625,
            26629.525390625,
            26907.369140625,
            28574.947265625,
            28402.880859375,
            28231.51171875,
            598.5775146484375,
            573.2117309570312,
            777.1390380859375,
            1188.792724609375,
            2478.2685546875,
            617.1129150390625,
            604.2738647460938,
            476.4703063964844,
            328.78643798828125,
            762.92333984375,
            513.284423828125,
            767.22119140625,
            461.58197021484375,
            521.0335693359375,
            821.1549072265625,
            1011.3580932617188,
            555.0621948242188,
            831.0844116210938,
            2502.013427734375,
            541.6090698242188,
            678.869140625,
            917.1014404296875,
            515.0973510742188,
            748.4966430664062,
            367.4066467285156,
            1021.517822265625,
            679.4313354492188,
            660.976806640625,
            867.4277954101562,
            1341.085205078125,
            2700.977294921875,
            498.088134765625,
            834.317138671875,
            739.5596313476562,
            36808.80078125,
            31338.03125,
            2900.30859375,
            44522.92578125,
            47580.765625,
            20645.25,
            27465.197265625,
            26270.8671875,
            44910.3046875,
            7769.017578125,
            8349.41015625,
            2367.194580078125,
            20691.57421875,
            21371.564453125,
            7451.5537109375,
            6041.00341796875,
            10715.740234375,
            18803.470703125,
            0.0
        ],
        "shape": [
            70
        ],
        "count": 114299
    },
    "wandb_run_id": "y20wl1cc",
    "wandb_project": "rlgym-ppo",
    "wandb_entity": "gashfraude-epsi",
    "wandb_group": "unnamed-runs",
    "wandb_config": {
        "n_proc": 8,
        "min_inference_size": 7,
        "timestep_limit": 200000000,
        "exp_buffer_size": 150000,
        "ts_per_iteration": 50000,
        "standardize_returns": true,
        "standardize_obs": true,
        "policy_layer_sizes": [
            256,
            256,
            256
        ],
        "critic_layer_sizes": [
            256,
            256,
            256
        ],
        "ppo_epochs": 2,
        "ppo_batch_size": 50000,
        "ppo_minibatch_size": 50000,
        "ppo_ent_coef": 0.01,
        "ppo_clip_range": 0.2,
        "gae_lambda": 0.95,
        "gae_gamma": 0.99,
        "policy_lr": 0.0001,
        "critic_lr": 0.0001,
        "shm_buffer_size": 8192
    }
}