{
    "cumulative_timesteps": 13300606,
    "cumulative_model_updates": 1546,
    "policy_average_reward": 308.2025700958553,
    "epoch": 258,
    "ts_since_last_save": 100010,
    "reward_running_stats": {
        "mean": [
            29.78666768520353
        ],
        "var": [
            51222785.191078484
        ],
        "shape": [
            1
        ],
        "count": 39900
    },
    "obs_running_stats": {
        "mean": [
            0.001222819780434202,
            0.0005356090576999212,
            0.1570076234856673,
            -0.00022762610682311367,
            -0.0006412270070194151,
            -0.03274990867097344,
            0.0015805972173155369,
            -0.0007316146320087317,
            0.000894563141720974,
            0.17430183476467787,
            0.05896774983458864,
            0.057137399532560876,
            0.09496635376218253,
            -0.10298012323901275,
            0.5164914795998797,
            0.5188162521721557,
            0.5464638178599815,
            0.9942388068951862,
            0.9951004400501967,
            0.9936147314426951,
            0.9891600345274245,
            0.9814006697049459,
            0.9943421874742139,
            0.9936583679705681,
            0.9937993223137612,
            0.9957687920633856,
            0.9921074279624358,
            0.9947259348424186,
            0.9924803189278837,
            0.9942869423257319,
            0.9930471436321947,
            0.9916871189609227,
            0.988823710043711,
            0.9934731975715351,
            0.9922796700067997,
            0.9782672779232645,
            0.9940064795868464,
            0.9926816996376772,
            0.9920070338765886,
            0.9942690315338746,
            0.9922232387557163,
            0.9955809686158947,
            0.9923768287727441,
            0.993414345657274,
            0.9939802873357695,
            0.992755413975578,
            0.9877786309134328,
            0.9807336883383198,
            0.995008265537501,
            0.9932333925612097,
            0.9935522398355175,
            0.10186928183603723,
            0.006894517958785027,
            0.11286617750540158,
            0.09667030343144759,
            -0.0047155170761632136,
            0.05520538555529898,
            -0.07783316341423475,
            -0.0007390614319419375,
            0.38387402330226317,
            0.0038749882727101086,
            0.0031114432786501812,
            -0.011907596545270314,
            -0.01974683697149136,
            -0.040892918704643885,
            0.008836596617048293,
            0.11578413013310342,
            0.09577132506218852,
            0.1979226263347206,
            0.0
        ],
        "var": [
            589094.6618968704,
            426242.8565865487,
            68866.1173023056,
            78594.02263210938,
            80580.44802142832,
            67115.7693578787,
            541483.4762898734,
            539881.6445498621,
            236961.38280296986,
            407848.6857290547,
            391570.4177584526,
            365192.17662499467,
            384075.28393032716,
            386682.352505351,
            474506.19314369495,
            474349.1978168855,
            470919.68256449705,
            10855.98110645252,
            9236.786385786032,
            11997.85116100613,
            20394.703263234598,
            34668.82479789468,
            10673.832322302425,
            11940.450420673104,
            11733.216969196419,
            7979.875699030579,
            14829.410057225528,
            10026.260788265019,
            14119.86594993622,
            10820.230508051254,
            13144.349271985238,
            15637.235252861803,
            20978.49928079443,
            12322.819877096646,
            14518.53583327257,
            40400.69941932819,
            11353.631156595591,
            13774.545664667892,
            15023.896583422187,
            10839.916334872729,
            14628.009391463962,
            8346.57573576797,
            14348.867925516084,
            12415.301739310438,
            11371.957532788872,
            13608.309024555541,
            22923.746140638086,
            35904.60507430524,
            9446.849846564803,
            12737.988166352134,
            12137.87974212801,
            604110.8670519085,
            491429.8244714149,
            47579.97774101186,
            747966.4272451017,
            803167.7499246668,
            325364.2901727618,
            458239.6803879547,
            412493.1751434083,
            737844.7227203001,
            157637.30391233912,
            177337.1199961303,
            42269.09702433808,
            331675.3382856111,
            346881.6938712321,
            121430.45114414585,
            99317.4446280702,
            164541.48523426996,
            301632.3292035528,
            0.0
        ],
        "shape": [
            70
        ],
        "count": 1900091
    },
    "wandb_run_id": "y20wl1cc",
    "wandb_project": "rlgym-ppo",
    "wandb_entity": "gashfraude-epsi",
    "wandb_group": "unnamed-runs",
    "wandb_config": {
        "n_proc": 8,
        "min_inference_size": 7,
        "timestep_limit": 200000000,
        "exp_buffer_size": 150000,
        "ts_per_iteration": 50000,
        "standardize_returns": true,
        "standardize_obs": true,
        "policy_layer_sizes": [
            256,
            256,
            256
        ],
        "critic_layer_sizes": [
            256,
            256,
            256
        ],
        "ppo_epochs": 2,
        "ppo_batch_size": 50000,
        "ppo_minibatch_size": 50000,
        "ppo_ent_coef": 0.01,
        "ppo_clip_range": 0.2,
        "gae_lambda": 0.95,
        "gae_gamma": 0.99,
        "policy_lr": 0.0001,
        "critic_lr": 0.0001,
        "shm_buffer_size": 8192
    }
}