{
    "cumulative_timesteps": 153084917,
    "cumulative_model_updates": 18318,
    "policy_average_reward": 31.124173868371884,
    "epoch": 3053,
    "ts_since_last_save": 100030,
    "reward_running_stats": {
        "mean": [
            58.668954123638294
        ],
        "var": [
            3431785397.266688
        ],
        "shape": [
            1
        ],
        "count": 459150
    },
    "obs_running_stats": {
        "mean": [
            0.0035614966592990146,
            0.003356082376297875,
            0.13133787084713835,
            0.00010355647430009156,
            0.0005920095218485194,
            -0.022968694792564116,
            -0.0021436118505276575,
            -0.0005246396197819359,
            -0.0017884836543333735,
            0.5089588932407323,
            -0.510819748334255,
            0.43795154129617847,
            -0.20702833729044184,
            0.26212393799853523,
            0.17831493994870518,
            0.5802646636477777,
            0.3859346768176096,
            0.9818770560848149,
            0.9842668147563912,
            0.9815850098568432,
            0.9653217964517992,
            0.9576838904054854,
            0.9819044865256228,
            0.980627666417263,
            0.978550261003953,
            0.9856759670668642,
            0.9811318624645745,
            0.9819633274342512,
            0.9791555701701565,
            0.9818197216676662,
            0.973481483435703,
            0.9779479668096928,
            0.965596764441082,
            0.9792606247658541,
            0.9776389547228687,
            0.9562242295062899,
            0.9827089946799183,
            0.974765758550967,
            0.9788138199097043,
            0.9831465894956246,
            0.9802951770784847,
            0.9869805320657148,
            0.9828665628125599,
            0.9803885161278841,
            0.9831560669473025,
            0.9823966482283476,
            0.9677193408871061,
            0.9630095703456977,
            0.9859945949133548,
            0.9841828536014336,
            0.9840753300884187,
            0.03034112980182597,
            -0.020215687562857906,
            0.07375211645080068,
            0.043553106912237724,
            -0.024310002596492155,
            0.043691474499712245,
            0.001962458433501187,
            0.027376989779633494,
            0.3472213068308451,
            -0.0018794393889073565,
            -0.0034165440328615664,
            -0.009125099699823683,
            -0.05695993173400757,
            -0.0436477358837336,
            -0.04928388266153367,
            0.11069496324755025,
            0.16690588815573162,
            0.276122617249842,
            0.0
        ],
        "var": [
            7200772.825593791,
            5380762.1175069455,
            620796.1824582103,
            892694.194209858,
            1036994.9186399757,
            573424.2610844326,
            6944983.719634152,
            6535092.212711097,
            2872055.560425133,
            7301974.34788081,
            7498734.455943606,
            9427154.719714893,
            12769853.622514099,
            12369415.080887372,
            3194227.5349896406,
            5276124.065524822,
            5129597.522294491,
            201431.5102212393,
            173882.18455846852,
            195857.24352276913,
            453378.3154472778,
            538145.7275427446,
            197591.86277369148,
            208030.02568403372,
            246806.4281398368,
            156437.66978155926,
            193438.8380090556,
            194809.748150141,
            218363.59767621904,
            196237.21175988088,
            333702.81943578966,
            232625.93652066297,
            441522.422269168,
            224224.9895064075,
            241406.5776235717,
            552817.9530374003,
            188793.66766804256,
            314587.4155613802,
            220997.00541044548,
            182685.87842881214,
            208222.02613374227,
            149579.64827408537,
            176638.05621651205,
            226610.3601433165,
            182527.8229814028,
            187949.34570017262,
            432827.6497357703,
            481146.95761083474,
            154231.96111029157,
            169613.8947732138,
            181289.95062266832,
            6960513.55055355,
            5521279.805847898,
            394296.1357032983,
            9041310.39038002,
            9728015.286814269,
            2923992.4307123497,
            4946615.608552181,
            4675673.496950128,
            9588684.560671344,
            1691874.0710330198,
            2171283.5313699283,
            288682.4325066083,
            5645047.411356708,
            5955968.554491609,
            2455391.777077451,
            1135266.2977637716,
            2940094.1244352576,
            4451397.409106067,
            0.0
        ],
        "shape": [
            70
        ],
        "count": 21869276
    },
    "wandb_run_id": "9prg5n79",
    "wandb_project": "rlgym-ppo",
    "wandb_entity": "gashfraude-epsi",
    "wandb_group": "unnamed-runs",
    "wandb_config": {
        "n_proc": 6,
        "min_inference_size": 5,
        "timestep_limit": 1e+16,
        "exp_buffer_size": 150000,
        "ts_per_iteration": 50000,
        "standardize_returns": true,
        "standardize_obs": true,
        "policy_layer_sizes": [
            512,
            512,
            256
        ],
        "critic_layer_sizes": [
            512,
            512,
            256
        ],
        "ppo_epochs": 2,
        "ppo_batch_size": 50000,
        "ppo_minibatch_size": 50000,
        "ppo_ent_coef": 0.01,
        "ppo_clip_range": 0.2,
        "gae_lambda": 0.95,
        "gae_gamma": 0.99,
        "policy_lr": 0.0002,
        "critic_lr": 0.0002,
        "shm_buffer_size": 8192
    }
}