{
    "cumulative_timesteps": 400016,
    "cumulative_model_updates": 42,
    "policy_average_reward": 95.59755953245384,
    "epoch": 7,
    "ts_since_last_save": 100002,
    "reward_running_stats": {
        "mean": [
            16.51909637451172
        ],
        "var": [
            501107.59375
        ],
        "shape": [
            1
        ],
        "count": 1200
    },
    "obs_running_stats": {
        "mean": [
            0.016685083508491516,
            0.022871483117341995,
            0.15993691980838776,
            -8.229037484852597e-05,
            0.0012289087753742933,
            -0.03199833631515503,
            0.0032242359593510628,
            -0.0052160476334393024,
            -0.007961276918649673,
            0.06966572254896164,
            -0.011348831467330456,
            0.009364352561533451,
            0.04487405717372894,
            -0.06888429820537567,
            0.5041567087173462,
            0.5305753946304321,
            0.43422070145606995,
            0.9933554530143738,
            0.995163083076477,
            0.9925733208656311,
            0.9893717765808105,
            0.9779424667358398,
            0.9952908754348755,
            0.9949608445167542,
            0.9956012964248657,
            0.9961390495300293,
            0.9936069250106812,
            0.9967494606971741,
            0.992885172367096,
            0.9956968426704407,
            0.9952152967453003,
            0.9917573928833008,
            0.9907488822937012,
            0.9939942359924316,
            0.9922385811805725,
            0.9779165983200073,
            0.995579719543457,
            0.9926943182945251,
            0.9915416240692139,
            0.99520343542099,
            0.9933881163597107,
            0.9981576800346375,
            0.9874770641326904,
            0.9935832023620605,
            0.9938410520553589,
            0.9930049777030945,
            0.9888070821762085,
            0.9765746593475342,
            0.995155394077301,
            0.9919295310974121,
            0.9945482611656189,
            0.15997368097305298,
            0.02024003304541111,
            0.10728859901428223,
            0.1141543909907341,
            0.013674244284629822,
            0.055378496646881104,
            -0.01517973467707634,
            -0.016252612695097923,
            0.3638297915458679,
            0.02043994702398777,
            0.0025179460644721985,
            -0.014245951548218727,
            0.009646313264966011,
            0.0044607133604586124,
            0.011679703369736671,
            0.1171548068523407,
            0.10496456921100616,
            0.2110467106103897,
            0.0
        ],
        "var": [
            17223.22265625,
            12791.1474609375,
            2129.276611328125,
            2285.227294921875,
            2354.354736328125,
            2065.42724609375,
            16543.58203125,
            15869.1611328125,
            7076.55908203125,
            15525.783203125,
            13413.5654296875,
            14836.9775390625,
            14076.505859375,
            14138.9208984375,
            14287.5087890625,
            14234.783203125,
            14041.5224609375,
            372.7551574707031,
            275.71185302734375,
            414.0723571777344,
            593.7318115234375,
            1236.064453125,
            271.6817932128906,
            285.4513244628906,
            231.99156188964844,
            211.2371826171875,
            359.5718688964844,
            181.47592163085938,
            392.4037170410156,
            235.0062713623047,
            267.64715576171875,
            467.9495544433594,
            525.0791625976562,
            337.85626220703125,
            437.5078430175781,
            1234.849853515625,
            248.88771057128906,
            408.13958740234375,
            476.83795166015625,
            258.75848388671875,
            372.638671875,
            120.7021484375,
            703.1689453125,
            360.705078125,
            345.757568359375,
            390.234619140625,
            629.8950805664062,
            1301.982666015625,
            273.5804748535156,
            458.0556640625,
            309.3074951171875,
            18269.181640625,
            15651.9482421875,
            1427.28955078125,
            22141.205078125,
            23743.90234375,
            10336.6904296875,
            13775.236328125,
            13175.720703125,
            22607.267578125,
            3985.129150390625,
            4205.79638671875,
            1194.6614990234375,
            10534.900390625,
            10843.630859375,
            3848.29052734375,
            3028.198974609375,
            5368.5126953125,
            9517.7529296875,
            0.0
        ],
        "shape": [
            70
        ],
        "count": 57153
    },
    "wandb_run_id": "y20wl1cc",
    "wandb_project": "rlgym-ppo",
    "wandb_entity": "gashfraude-epsi",
    "wandb_group": "unnamed-runs",
    "wandb_config": {
        "n_proc": 8,
        "min_inference_size": 7,
        "timestep_limit": 200000000,
        "exp_buffer_size": 150000,
        "ts_per_iteration": 50000,
        "standardize_returns": true,
        "standardize_obs": true,
        "policy_layer_sizes": [
            256,
            256,
            256
        ],
        "critic_layer_sizes": [
            256,
            256,
            256
        ],
        "ppo_epochs": 2,
        "ppo_batch_size": 50000,
        "ppo_minibatch_size": 50000,
        "ppo_ent_coef": 0.01,
        "ppo_clip_range": 0.2,
        "gae_lambda": 0.95,
        "gae_gamma": 0.99,
        "policy_lr": 0.0001,
        "critic_lr": 0.0001,
        "shm_buffer_size": 8192
    }
}