{
    "cumulative_timesteps": 402596309,
    "cumulative_model_updates": 48222,
    "policy_average_reward": 213.17543427150855,
    "epoch": 8037,
    "ts_since_last_save": 500311,
    "reward_running_stats": {
        "mean": [
            28.94930977414351
        ],
        "var": [
            4529361823.718408
        ],
        "shape": [
            1
        ],
        "count": 1207350
    },
    "obs_running_stats": {
        "mean": [
            -0.014569503695105923,
            0.11808637297238346,
            0.1317242791540613,
            0.0006840672084251418,
            0.02497356632774649,
            -0.022747536127225913,
            -0.053135790735351865,
            0.005089702883936942,
            0.007656945461970734,
            0.5672381867926815,
            -0.5226460953821083,
            0.4176396402651706,
            -0.23721637423725667,
            0.20331347027847108,
            0.1412207380748498,
            0.5214961616554196,
            0.24878851539700336,
            0.9886337171762285,
            0.9901304423419346,
            0.9884200841333451,
            0.9778151836260176,
            0.9720685331653038,
            0.9877303139538383,
            0.9869335458177726,
            0.9856650258609894,
            0.9912262521238364,
            0.9885260760665349,
            0.9875957515129183,
            0.9858380744188237,
            0.9871664533043749,
            0.9825626292237746,
            0.9849622942370444,
            0.9736466742266504,
            0.9850427424487435,
            0.9841690776117362,
            0.9685186569779809,
            0.9869585162287354,
            0.983138928998921,
            0.9852077586341064,
            0.9865266523026183,
            0.9859379875180679,
            0.9895757234855169,
            0.9883691334615669,
            0.9858975668855147,
            0.9860709920399917,
            0.986783883397306,
            0.9659503109586527,
            0.9690926846816481,
            0.9848479030177907,
            0.9867707911963798,
            0.98873026208853,
            0.011310889702297476,
            0.05826547147766602,
            0.07037566399542215,
            0.07110148906267044,
            0.06729360698648333,
            0.03046163917789728,
            -0.01087837695834442,
            0.028286013165214036,
            0.409944336950959,
            -0.0007175296368113315,
            0.016051432980129364,
            -0.009590486451682471,
            -0.025809053536803316,
            -0.06573229060352144,
            -0.05568630212540469,
            0.11711576877113042,
            0.23414367160315785,
            0.38193002381478985,
            0.0
        ],
        "var": [
            18352931.93010702,
            15286259.812951058,
            1622064.5556791786,
            2304377.8303038427,
            3080246.0801149337,
            1525856.797486357,
            19587930.952516597,
            16986573.34647113,
            7866956.684701124,
            17820056.806234002,
            20236995.117052115,
            26901631.80773981,
            33864121.898770295,
            34766540.750426605,
            6965090.808656397,
            14301559.800350942,
            10695724.51061927,
            458565.9393650002,
            397255.2446157565,
            458843.0983273576,
            968916.4996316945,
            1213456.6867213373,
            506034.4846334431,
            534259.8352046994,
            600417.7039625993,
            347852.4306271462,
            440928.7048930467,
            512040.9185063727,
            574983.617443641,
            534508.9882628989,
            754542.2449111255,
            612868.0583808331,
            1190768.3385874536,
            627457.4866469007,
            659403.583630725,
            1390991.9947800392,
            557473.1614896156,
            730051.1320139857,
            605659.5132832805,
            584788.0357087479,
            583169.6475130626,
            461849.8698601862,
            469516.5921554948,
            605778.251733655,
            610318.8697082917,
            559816.4697296701,
            1641306.951728772,
            1424771.7930463136,
            710483.2930204037,
            579971.6004250543,
            479435.24242430273,
            17458544.858403996,
            14761052.790357422,
            1040105.6324804153,
            23577951.640827134,
            26100596.62788126,
            7150837.706613025,
            12024328.349556297,
            11400514.981882114,
            24365446.3703675,
            4295508.146573764,
            6183718.748536147,
            714110.7299507598,
            13274404.094100835,
            14035116.914983932,
            6306115.386786321,
            3225720.2337510646,
            10212599.37398729,
            13656858.515936682,
            0.0
        ],
        "shape": [
            70
        ],
        "count": 57513760
    },
    "wandb_run_id": "9prg5n79",
    "wandb_project": "rlgym-ppo",
    "wandb_entity": "gashfraude-epsi",
    "wandb_group": "unnamed-runs",
    "wandb_config": {
        "n_proc": 6,
        "min_inference_size": 5,
        "timestep_limit": 1e+16,
        "exp_buffer_size": 150000,
        "ts_per_iteration": 50000,
        "standardize_returns": true,
        "standardize_obs": true,
        "policy_layer_sizes": [
            512,
            512,
            256
        ],
        "critic_layer_sizes": [
            512,
            512,
            256
        ],
        "ppo_epochs": 2,
        "ppo_batch_size": 50000,
        "ppo_minibatch_size": 50000,
        "ppo_ent_coef": 0.01,
        "ppo_clip_range": 0.2,
        "gae_lambda": 0.95,
        "gae_gamma": 0.99,
        "policy_lr": 0.0002,
        "critic_lr": 0.0002,
        "shm_buffer_size": 8192
    }
}