{
    "cumulative_timesteps": 1000059,
    "cumulative_model_updates": 108,
    "policy_average_reward": 116.27042658421864,
    "epoch": 18,
    "ts_since_last_save": 100009,
    "reward_running_stats": {
        "mean": [
            15.135540102913447
        ],
        "var": [
            1725760.4199472575
        ],
        "shape": [
            1
        ],
        "count": 3000
    },
    "obs_running_stats": {
        "mean": [
            0.010587788558512055,
            0.0002493372913755352,
            0.1595929046435478,
            0.002034070248368985,
            0.002375245108103887,
            -0.03297563445680788,
            -0.00736023908101478,
            0.0017552214040469057,
            -0.004085875646435805,
            0.061143738991454505,
            0.004137275740369181,
            0.026985861858449697,
            0.047211698642437766,
            -0.06909067343798098,
            0.4985673427756998,
            0.5393257746813402,
            0.4488950476395494,
            0.9947100490099982,
            0.9947953093686279,
            0.9927306676677221,
            0.9895857101431318,
            0.9780964905918136,
            0.9948390622437869,
            0.9947388383784019,
            0.9957595076351019,
            0.9967406009566896,
            0.9926395813383475,
            0.9959880191548774,
            0.9926572667468772,
            0.9961971158348784,
            0.9949321438704938,
            0.9930621569757889,
            0.9905512730932744,
            0.9952578965011037,
            0.9924455317858994,
            0.9785323355461677,
            0.9954838619238666,
            0.9934176740620455,
            0.9912624289097814,
            0.995559961618101,
            0.9932138749134426,
            0.9967204317003365,
            0.990532017663695,
            0.9941742488381404,
            0.9946385821260143,
            0.992298245968574,
            0.9880963274437784,
            0.975413511359818,
            0.9955572450592299,
            0.9929155971037689,
            0.9936073921687043,
            0.15313264160386894,
            0.016320950337126956,
            0.10821886944774022,
            0.10414290789107188,
            0.002998818769334499,
            0.05954085799875309,
            -0.015843937233450272,
            -0.012516825697383915,
            0.3719576635758863,
            0.0182466962174404,
            0.0009749022329894411,
            -0.01340178147217616,
            0.010113840702792283,
            0.0010211449082036296,
            0.00960030628591178,
            0.11480937662637963,
            0.10532593848200211,
            0.20921378423470763,
            0.0
        ],
        "var": [
            43946.93288004804,
            32181.539530597463,
            5316.0542359175115,
            5687.5275334987455,
            6076.0093638533735,
            5137.906265732186,
            40690.77102452545,
            39790.841778698385,
            17463.644686354073,
            35634.14138664574,
            31029.127006329534,
            33453.30390392965,
            32875.7459925977,
            33239.23949700839,
            35718.16555388038,
            35496.47213294894,
            35344.11940408129,
            724.0495860114308,
            712.5291181621619,
            973.7711494195798,
            1493.4775350670943,
            3046.5876614973317,
            717.8503740378545,
            714.9103451172382,
            627.703324953076,
            438.37542002440557,
            995.0315894918913,
            628.8135873205722,
            980.6046397719739,
            568.1814123471542,
            745.5344423629199,
            957.6621233094612,
            1317.0831376286076,
            676.5492754048688,
            1033.6341373976948,
            3005.289157543072,
            675.9728039972644,
            905.1195661902116,
            1195.3810009307415,
            644.5063329719854,
            929.3436092625394,
            454.14372541128154,
            1314.4798989594342,
            811.8612674355958,
            764.7041613725956,
            1034.558651358941,
            1666.3025355005311,
            3428.535231584115,
            641.3751611595447,
            972.8169684699136,
            873.0348192117983,
            45829.69938139357,
            38813.171144783046,
            3618.5866269078647,
            55388.0837828017,
            59837.38451818298,
            25587.304862884546,
            34265.33916810775,
            32611.05774530234,
            56165.89380965144,
            9662.278134814256,
            10436.750005984624,
            2977.7802967377265,
            25635.001862514175,
            26637.474916673284,
            9176.769563514385,
            7477.651039646606,
            13458.429394465145,
            23631.67997608851,
            0.0
        ],
        "shape": [
            70
        ],
        "count": 142873
    },
    "wandb_run_id": "y20wl1cc",
    "wandb_project": "rlgym-ppo",
    "wandb_entity": "gashfraude-epsi",
    "wandb_group": "unnamed-runs",
    "wandb_config": {
        "n_proc": 8,
        "min_inference_size": 7,
        "timestep_limit": 200000000,
        "exp_buffer_size": 150000,
        "ts_per_iteration": 50000,
        "standardize_returns": true,
        "standardize_obs": true,
        "policy_layer_sizes": [
            256,
            256,
            256
        ],
        "critic_layer_sizes": [
            256,
            256,
            256
        ],
        "ppo_epochs": 2,
        "ppo_batch_size": 50000,
        "ppo_minibatch_size": 50000,
        "ppo_ent_coef": 0.01,
        "ppo_clip_range": 0.2,
        "gae_lambda": 0.95,
        "gae_gamma": 0.99,
        "policy_lr": 0.0001,
        "critic_lr": 0.0001,
        "shm_buffer_size": 8192
    }
}