{
    "cumulative_timesteps": 2200145,
    "cumulative_model_updates": 238,
    "policy_average_reward": 88.68731965728259,
    "epoch": 40,
    "ts_since_last_save": 100007,
    "reward_running_stats": {
        "mean": [
            14.807936341469839
        ],
        "var": [
            3504661.577867725
        ],
        "shape": [
            1
        ],
        "count": 6600
    },
    "obs_running_stats": {
        "mean": [
            0.008223591051798793,
            -0.0021713897736462605,
            0.15810229512280852,
            0.0001261249386097138,
            -0.0009391557021893409,
            -0.033382385218033404,
            -5.8779791167803574e-05,
            -0.0011383048948068852,
            0.0027243307348947914,
            0.07620820293285319,
            0.03832919278168007,
            0.0431283006946756,
            0.06012532119553038,
            -0.07740163858136437,
            0.5019735485468084,
            0.5410278652363907,
            0.4461380284665378,
            0.9948306587134748,
            0.9956775260184095,
            0.9933296067349877,
            0.9899370346287975,
            0.9798754104995024,
            0.9948861209684547,
            0.9951714439289367,
            0.9956672111377955,
            0.9962277089413588,
            0.9926359867538249,
            0.9953956605699258,
            0.9934203220099852,
            0.995716596293103,
            0.9949507026155575,
            0.9924462861975288,
            0.9908054456565624,
            0.9953914774342882,
            0.994176729765702,
            0.9787022820452533,
            0.9954560129700489,
            0.9934891759051122,
            0.9921372549198489,
            0.9952583520129991,
            0.9932310975063365,
            0.9968198523074837,
            0.9918784172454583,
            0.994058971325564,
            0.9945786465850538,
            0.9925253721489965,
            0.9889036934230405,
            0.9779145457187988,
            0.995972964126034,
            0.993178233496561,
            0.9937408536755623,
            0.1467877799441891,
            0.00894597490805561,
            0.10680691073870142,
            0.09526169434210548,
            0.0028536639164975603,
            0.058555052703685044,
            -0.017035688220561885,
            -0.009263208859487095,
            0.36640009975788274,
            0.01688591203586816,
            0.0012159338597600559,
            -0.013250407691432082,
            0.006171645286436509,
            -0.003368180970515309,
            0.012084275714917457,
            0.11166336715558485,
            0.1052143335106694,
            0.2096668002754153,
            0.0
        ],
        "var": [
            96689.19699408647,
            70202.47733154833,
            11514.447300746442,
            12586.269001829109,
            13162.428468977676,
            11244.833999809309,
            88836.30552414799,
            88365.56438824354,
            38544.328986703054,
            81393.8123360275,
            68084.12116101227,
            76629.03136841746,
            75513.43092740973,
            75408.15493802504,
            78577.23458589733,
            78048.34900625875,
            77665.40591742929,
            1588.6485841820636,
            1325.5268215787257,
            2025.3359262606311,
            3152.1448110922233,
            6183.836461168517,
            1583.4359984385558,
            1477.5368512177504,
            1380.3718185680998,
            1155.4205268471671,
            2248.7270606785714,
            1498.449852502763,
            1993.7004526397875,
            1367.480758742931,
            1604.1903363615795,
            2329.604867254186,
            2843.266648756317,
            1444.086608067287,
            1782.1293945660123,
            6555.56358586192,
            1455.3968930554374,
            2003.985837695316,
            2409.8569641152403,
            1496.2561527423245,
            2079.5219184095304,
            983.5016516813876,
            2506.5553000041095,
            1840.616352379242,
            1697.573021133786,
            2274.4727646222827,
            3434.8465337944967,
            6790.589705772306,
            1270.0979790870922,
            2097.3605614381263,
            1920.5595735251184,
            101228.60199163925,
            86215.69496303402,
            7892.9321785764505,
            122523.34511120123,
            131157.50885691415,
            56696.70275354633,
            75126.7413071975,
            71999.73180607059,
            124866.50021095503,
            21026.466744672303,
            22731.332224600632,
            6444.9909903465905,
            57706.18299568609,
            59492.63904751979,
            20707.397649298353,
            16018.349574554859,
            29585.93613352737,
            52078.03739524748,
            0.0
        ],
        "shape": [
            70
        ],
        "count": 314313
    },
    "wandb_run_id": "y20wl1cc",
    "wandb_project": "rlgym-ppo",
    "wandb_entity": "gashfraude-epsi",
    "wandb_group": "unnamed-runs",
    "wandb_config": {
        "n_proc": 8,
        "min_inference_size": 7,
        "timestep_limit": 200000000,
        "exp_buffer_size": 150000,
        "ts_per_iteration": 50000,
        "standardize_returns": true,
        "standardize_obs": true,
        "policy_layer_sizes": [
            256,
            256,
            256
        ],
        "critic_layer_sizes": [
            256,
            256,
            256
        ],
        "ppo_epochs": 2,
        "ppo_batch_size": 50000,
        "ppo_minibatch_size": 50000,
        "ppo_ent_coef": 0.01,
        "ppo_clip_range": 0.2,
        "gae_lambda": 0.95,
        "gae_gamma": 0.99,
        "policy_lr": 0.0001,
        "critic_lr": 0.0001,
        "shm_buffer_size": 8192
    }
}