{
    "cumulative_timesteps": 128974099,
    "cumulative_model_updates": 15432,
    "policy_average_reward": 15507.980167304326,
    "epoch": 2572,
    "ts_since_last_save": 100044,
    "reward_running_stats": {
        "mean": [
            68.72489991754495
        ],
        "var": [
            3124592388.700302
        ],
        "shape": [
            1
        ],
        "count": 386850
    },
    "obs_running_stats": {
        "mean": [
            0.0051632608228872135,
            0.0027829121214948196,
            0.12834818663772674,
            0.00022302150469334262,
            0.0004775068164881089,
            -0.02183904307826409,
            -0.0018741058346797759,
            -0.00032877628538487347,
            -0.002402009130289124,
            0.49138345741808226,
            -0.4929653690152672,
            0.46080738366010343,
            -0.21535808685242633,
            0.257250584463757,
            0.17543352734251766,
            0.579339271593336,
            0.42875446341156076,
            0.9797920646613871,
            0.9826105529703119,
            0.9795569564286574,
            0.9616250724656498,
            0.9532598876947468,
            0.9801648153180373,
            0.9787985030516629,
            0.9765280749147862,
            0.9840294576968317,
            0.9789731800951555,
            0.980388849852562,
            0.9772661897709282,
            0.980263065863774,
            0.9709458660149787,
            0.9760017354691233,
            0.962029273376234,
            0.9775362305834545,
            0.975783396357919,
            0.9520335711907938,
            0.9812481340353999,
            0.972388815744441,
            0.9769023430074438,
            0.9816306539810471,
            0.9784608453223265,
            0.9855260699405639,
            0.9809536897411901,
            0.9784360558684707,
            0.9815280896436229,
            0.9806397830226572,
            0.9645245528625107,
            0.959204067530213,
            0.9845273259761925,
            0.9823778691717314,
            0.982119931918922,
            0.030188035921220192,
            -0.020459691287740406,
            0.07271919402541328,
            0.04482692793395786,
            -0.034140422805041835,
            0.04679680471992674,
            0.0018659546793980417,
            0.029171452922294654,
            0.3474953900763805,
            -0.0020354280567518846,
            -0.0036966497266320915,
            -0.008557696397474022,
            -0.061512924805864656,
            -0.04328129920518852,
            -0.04882480589834751,
            0.1103660210869785,
            0.1698305743693376,
            0.27752237146798664,
            0.0
        ],
        "var": [
            6062110.7474110965,
            4548068.359507908,
            504688.87301612896,
            750000.0472001567,
            886408.7209844281,
            463108.1772455433,
            5888186.3110477915,
            5498505.807987982,
            2416150.641527224,
            6197000.653395828,
            6401260.584738869,
            7414843.6393432375,
            10553611.763344124,
            10353482.549266918,
            2655248.8785468386,
            4439935.1209984515,
            4459512.6347331535,
            177083.28566799604,
            150049.00414180037,
            169511.2873735836,
            401210.70580734365,
            472812.33339272434,
            167228.9228501812,
            174931.24256177573,
            210094.4526493813,
            137224.3467385108,
            167862.30778106692,
            161722.13993730422,
            181358.12870090804,
            162349.15352647568,
            288906.76511380303,
            192552.60151442117,
            388073.9745710894,
            184670.86218066842,
            198704.41827884642,
            478765.89193828276,
            156212.33489857247,
            271344.3382487947,
            183228.41970063726,
            152561.41355012194,
            174091.48231953272,
            131380.7211418584,
            152604.0413780872,
            194877.87460562607,
            154423.75361115337,
            159557.17861960578,
            380104.49159042706,
            423111.8433629187,
            132904.66766569077,
            148139.54554392427,
            162122.51821931935,
            5926021.339033804,
            4760406.438537828,
            318605.82840201055,
            7617001.932596429,
            8223533.34430067,
            2405686.7572628157,
            4158891.5542770657,
            3919589.7097353344,
            8100580.290976534,
            1422655.1363713522,
            1860562.2898931007,
            238153.0069504713,
            4747127.863594724,
            5024077.3535197545,
            2021773.4198364078,
            956249.3690706972,
            2496897.1038766634,
            3774445.693396226,
            0.0
        ],
        "shape": [
            70
        ],
        "count": 18424874
    },
    "wandb_run_id": "9prg5n79",
    "wandb_project": "rlgym-ppo",
    "wandb_entity": "gashfraude-epsi",
    "wandb_group": "unnamed-runs",
    "wandb_config": {
        "n_proc": 6,
        "min_inference_size": 5,
        "timestep_limit": 1e+16,
        "exp_buffer_size": 150000,
        "ts_per_iteration": 50000,
        "standardize_returns": true,
        "standardize_obs": true,
        "policy_layer_sizes": [
            512,
            512,
            256
        ],
        "critic_layer_sizes": [
            512,
            512,
            256
        ],
        "ppo_epochs": 2,
        "ppo_batch_size": 50000,
        "ppo_minibatch_size": 50000,
        "ppo_ent_coef": 0.01,
        "ppo_clip_range": 0.2,
        "gae_lambda": 0.95,
        "gae_gamma": 0.99,
        "policy_lr": 0.0002,
        "critic_lr": 0.0002,
        "shm_buffer_size": 8192
    }
}