{
    "cumulative_timesteps": 1200082,
    "cumulative_model_updates": 132,
    "policy_average_reward": 115.01119316160045,
    "epoch": 22,
    "ts_since_last_save": 100011,
    "reward_running_stats": {
        "mean": [
            13.351144713480464
        ],
        "var": [
            1889689.4943049743
        ],
        "shape": [
            1
        ],
        "count": 3600
    },
    "obs_running_stats": {
        "mean": [
            0.0124487464927894,
            0.0008230192590691887,
            0.15900528970641797,
            0.0026351544777582126,
            0.0021986494140548993,
            -0.03291276881851555,
            -0.0066015130807190485,
            0.004071284795879537,
            -0.0032563086462513023,
            0.06373680766810545,
            0.012215453376600521,
            0.031048075835629293,
            0.04781167263076669,
            -0.07033692813415192,
            0.49651096521622795,
            0.5379245684175216,
            0.44941896167587225,
            0.9947518129823998,
            0.9952603135377714,
            0.9928165314363013,
            0.9892508467015064,
            0.9777109088488919,
            0.9951976187529477,
            0.9949274535464859,
            0.9960871409077398,
            0.996712238582456,
            0.9924081640179818,
            0.9961142519056237,
            0.9928486869017151,
            0.9958627136547299,
            0.9947502460874952,
            0.9931219352433571,
            0.9905920864673585,
            0.9950392039965543,
            0.9930805285733697,
            0.978960678319302,
            0.9958574366842855,
            0.9935931789596084,
            0.9915171772527382,
            0.9956758807117218,
            0.9937091476745621,
            0.9967829209925003,
            0.9904418888506525,
            0.994025345610628,
            0.9947564167799561,
            0.9924853442225501,
            0.9873447727058665,
            0.9766416324979729,
            0.9957786050192916,
            0.9929939696293191,
            0.993937922526486,
            0.15488271727861008,
            0.015417399713237325,
            0.10800056337323308,
            0.10430785672991041,
            0.003316190911189509,
            0.05976764110412296,
            -0.016823555143233884,
            -0.011927838993713592,
            0.371796384730569,
            0.018104791033753648,
            0.0016907655004073329,
            -0.013479799681056968,
            0.008828633332846461,
            -0.0006834919490891537,
            0.008972972337727998,
            0.11415657474856919,
            0.10509444734694526,
            0.2091188056726554,
            0.0
        ],
        "var": [
            52940.54200310719,
            38579.5844824634,
            6322.304398828298,
            6808.173148059618,
            7215.286040350282,
            6176.162324960132,
            48658.03618630823,
            47812.05031171291,
            21025.099548215825,
            42687.18164980201,
            36768.78429362162,
            39714.81992217476,
            39376.0122438106,
            39742.719818172816,
            42860.12170280988,
            42614.588582224154,
            42422.37345875021,
            867.3254119223632,
            781.5478614370054,
            1165.4739173513856,
            1844.1633353545594,
            3721.956963164393,
            803.7017539977528,
            832.4535624975382,
            692.6474863415485,
            536.0400116116671,
            1242.8902708631276,
            721.5245698325414,
            1156.5396720895792,
            733.3129322547611,
            920.4787808003414,
            1144.4283011740547,
            1577.6639531168396,
            848.542889467,
            1140.5791247437496,
            3535.241715210885,
            740.9445805916902,
            1062.272339704406,
            1399.9515578490266,
            751.1171868302796,
            1038.138100070205,
            536.9059879464841,
            1597.624360209209,
            1002.5901953013866,
            897.0970263679491,
            1221.351773884388,
            2128.089054679119,
            3913.3569916413203,
            730.1399651804073,
            1160.572155040799,
            998.5728810917153,
            54806.397266594824,
            46601.34305572286,
            4335.3108907538435,
            66362.88518965399,
            71823.80883807421,
            30778.72600657004,
            41110.526015777665,
            39064.483713859205,
            67494.75559815991,
            11568.084333602414,
            12530.536198654903,
            3595.917802514043,
            30764.320200603754,
            31938.0474239386,
            10959.757473607106,
            8936.45874703096,
            16119.782418338033,
            28349.752660961247,
            0.0
        ],
        "shape": [
            70
        ],
        "count": 171448
    },
    "wandb_run_id": "y20wl1cc",
    "wandb_project": "rlgym-ppo",
    "wandb_entity": "gashfraude-epsi",
    "wandb_group": "unnamed-runs",
    "wandb_config": {
        "n_proc": 8,
        "min_inference_size": 7,
        "timestep_limit": 200000000,
        "exp_buffer_size": 150000,
        "ts_per_iteration": 50000,
        "standardize_returns": true,
        "standardize_obs": true,
        "policy_layer_sizes": [
            256,
            256,
            256
        ],
        "critic_layer_sizes": [
            256,
            256,
            256
        ],
        "ppo_epochs": 2,
        "ppo_batch_size": 50000,
        "ppo_minibatch_size": 50000,
        "ppo_ent_coef": 0.01,
        "ppo_clip_range": 0.2,
        "gae_lambda": 0.95,
        "gae_gamma": 0.99,
        "policy_lr": 0.0001,
        "critic_lr": 0.0001,
        "shm_buffer_size": 8192
    }
}