{
    "cumulative_timesteps": 80904374,
    "cumulative_model_updates": 9678,
    "policy_average_reward": 641.9575573987177,
    "epoch": 1613,
    "ts_since_last_save": 100008,
    "reward_running_stats": {
        "mean": [
            51.84262849283401
        ],
        "var": [
            1097041111.8557444
        ],
        "shape": [
            1
        ],
        "count": 242700
    },
    "obs_running_stats": {
        "mean": [
            0.000986613050409773,
            -0.003793940509002778,
            0.1467280547012539,
            1.1320662488055603e-05,
            6.0047711775986136e-05,
            -0.02917502570776979,
            -0.0020452066791933447,
            -0.00013238621883487203,
            0.0006378910511858801,
            0.4903358551926151,
            -0.4560335079751088,
            0.47856369541362553,
            -0.21036337006467473,
            0.2013031831936934,
            0.1914258766016415,
            0.6086656738304476,
            0.6141591100165096,
            0.9749278094070553,
            0.9780780958085477,
            0.9737054423656679,
            0.9578156408881197,
            0.9458300717501883,
            0.9737411519683178,
            0.9716685958257723,
            0.9703751499656296,
            0.9801520371185619,
            0.9727593252949214,
            0.973664909598313,
            0.9688914447341386,
            0.9732294836231992,
            0.9668027922809879,
            0.9670514351554277,
            0.9578835043871254,
            0.9690843424610492,
            0.9666284409476155,
            0.9435399480936549,
            0.9747899709684616,
            0.9679502597127635,
            0.968383749066575,
            0.9755882114772766,
            0.9709581387309549,
            0.9830801007642119,
            0.9759635449909114,
            0.9733070566223871,
            0.9760788999075114,
            0.9746024096669534,
            0.9630888510692016,
            0.955371163623114,
            0.9810578484045852,
            0.9780524706559556,
            0.979069062661538,
            0.039505126342952994,
            -0.03454102888619762,
            0.08364703697570627,
            0.05939306343464713,
            -0.06162366757838937,
            0.03557642905391215,
            -0.0003238949732578174,
            0.037632716029861006,
            0.3297659327087176,
            -0.002894469575373772,
            -0.005448239005384446,
            -0.01230404128633862,
            -0.07773951920478225,
            -0.0522576387963599,
            -0.03108932550960408,
            0.11715618778640997,
            0.15469140021992447,
            0.27900911408175366,
            0.0
        ],
        "var": [
            3649473.501733821,
            2669839.446087695,
            384736.5893240628,
            455910.7088446532,
            477532.9938223337,
            360047.2154196331,
            3378698.101787429,
            3316776.9893447543,
            1451005.053582408,
            3943524.4035332925,
            4285917.681219225,
            4330068.614940933,
            6392146.723464586,
            6608111.1227237135,
            1778904.346893107,
            2702662.2294962355,
            2685636.0608586967,
            94791.89334892461,
            83036.2374909671,
            96466.28739540566,
            188280.53309059428,
            244052.1070672062,
            104541.50787739095,
            110749.22833070897,
            120031.82428447586,
            72513.67478443327,
            94856.94982378834,
            103834.55271114082,
            120373.64115429427,
            107000.50077460795,
            140089.6922269068,
            129263.5852733514,
            181304.35042891273,
            126345.77651963562,
            136151.13370932158,
            253091.29931042984,
            101216.62826266524,
            135210.06766833473,
            121347.12000634754,
            95583.88602336479,
            111694.2613935074,
            60807.84016931011,
            79492.36802406886,
            106408.44352416074,
            90228.95491556411,
            95837.95561718615,
            160525.6419334679,
            194906.51419559988,
            67015.661974521,
            77272.88667211069,
            75426.38437694861,
            3577975.3118075114,
            2752273.3810785753,
            252702.03705335537,
            4719184.247669817,
            5000719.249224269,
            1658775.9782116574,
            2687520.541351644,
            2532579.5844080993,
            5059236.211667895,
            923059.1718015197,
            1124927.4018403734,
            176796.00313229137,
            2925068.820834529,
            3065315.704541063,
            1343737.409787694,
            595981.995192494,
            1410525.2437955833,
            2405186.6122672115,
            0.0
        ],
        "shape": [
            70
        ],
        "count": 11557772
    },
    "wandb_run_id": "9prg5n79",
    "wandb_project": "rlgym-ppo",
    "wandb_entity": "gashfraude-epsi",
    "wandb_group": "unnamed-runs",
    "wandb_config": {
        "n_proc": 6,
        "min_inference_size": 5,
        "timestep_limit": 1e+16,
        "exp_buffer_size": 150000,
        "ts_per_iteration": 50000,
        "standardize_returns": true,
        "standardize_obs": true,
        "policy_layer_sizes": [
            512,
            512,
            256
        ],
        "critic_layer_sizes": [
            512,
            512,
            256
        ],
        "ppo_epochs": 2,
        "ppo_batch_size": 50000,
        "ppo_minibatch_size": 50000,
        "ppo_ent_coef": 0.01,
        "ppo_clip_range": 0.2,
        "gae_lambda": 0.95,
        "gae_gamma": 0.99,
        "policy_lr": 0.0002,
        "critic_lr": 0.0002,
        "shm_buffer_size": 8192
    }
}