{
    "cumulative_timesteps": 153184937,
    "cumulative_model_updates": 18330,
    "policy_average_reward": 31.05103394007173,
    "epoch": 3055,
    "ts_since_last_save": 100020,
    "reward_running_stats": {
        "mean": [
            58.6332194849231
        ],
        "var": [
            3432699374.6763906
        ],
        "shape": [
            1
        ],
        "count": 459450
    },
    "obs_running_stats": {
        "mean": [
            0.0035585904051643152,
            0.00336891851933299,
            0.13134722577173896,
            0.00010310556002867324,
            0.0005916469240145293,
            -0.022971853504063954,
            -0.0021441783139091674,
            -0.0005313185580288917,
            -0.0017827953876913755,
            0.509022613058348,
            -0.5108837234224441,
            0.4378499221207689,
            -0.2069961959228923,
            0.2621104222026871,
            0.17833253570255359,
            0.5802575166505285,
            0.3857875517675089,
            0.9818850053721264,
            0.9842703247641964,
            0.9815928756590634,
            0.9653356660772691,
            0.9576953444299999,
            0.9819101330823913,
            0.9806339181991158,
            0.9785579149360484,
            0.9856819841900611,
            0.9811402069375722,
            0.9819713117829768,
            0.9791639712719804,
            0.9818221334317951,
            0.9734919443950313,
            0.9779561054060429,
            0.9656022291737679,
            0.9792654843457578,
            0.9776475235724135,
            0.9562381903021923,
            0.9827135218753269,
            0.9747758378993746,
            0.9788198851612887,
            0.9831520190672088,
            0.980303976477245,
            0.9869841893846796,
            0.9828697990167151,
            0.9803956095102025,
            0.9831629069187316,
            0.982404212548579,
            0.9677258872765119,
            0.963024812663361,
            0.9859979820777971,
            0.9841876065383925,
            0.9840786452524902,
            0.030341589210639803,
            -0.020198228776827688,
            0.07375452610282283,
            0.04356915733419201,
            -0.02427905784542098,
            0.04367432431858314,
            0.0019581943340571052,
            0.027368533502224072,
            0.34721667276126794,
            -0.0018759046747023071,
            -0.0034131380416148483,
            -0.0091263153633512,
            -0.056947235505369745,
            -0.04364371300158423,
            -0.04928386670812568,
            0.1106986725963401,
            0.16689300550905767,
            0.276109204623614,
            0.0
        ],
        "var": [
            7205568.9193037925,
            5384295.917614606,
            621273.2801870146,
            893310.9237780167,
            1037643.0703707997,
            573877.844135969,
            6949570.952014081,
            6539583.538440185,
            2873920.8775886656,
            7306529.386905343,
            7503241.386397147,
            9435869.54790203,
            12779128.495473498,
            12378190.523210594,
            3196568.8689327957,
            5279629.365793828,
            5132248.891758952,
            201518.12103274887,
            174029.06426674948,
            195949.73621000396,
            453574.17844165186,
            538495.3515087363,
            197726.6551861962,
            208169.96305566657,
            246946.03807502612,
            156511.50946773094,
            193527.6404078756,
            194894.40118715283,
            218479.05203296078,
            196441.40783365458,
            333854.9099641247,
            232763.84144285842,
            441885.7378204093,
            224413.25403578495,
            241539.81743438038,
            553137.3145481726,
            188940.8211909547,
            314729.4465134099,
            221166.21498222477,
            182807.8241625767,
            208313.0651144131,
            149685.30993319477,
            176810.28815386136,
            226735.95186782558,
            182619.810409415,
            188036.74451816545,
            433140.0080219231,
            481347.07778185856,
            154357.2343040914,
            169735.6097474498,
            181443.63735504085,
            6964996.915810891,
            5524708.50730785,
            394599.4419868252,
            9047321.940570433,
            9734269.813067138,
            2925987.6203079578,
            4949827.6446957765,
            4678818.186952464,
            9594964.270101314,
            1692988.956606918,
            2172600.930947376,
            288882.8059080511,
            5648897.505339643,
            5959870.405534626,
            2457089.4299811805,
            1136059.815752269,
            2941893.171534168,
            4454122.05179868,
            0.0
        ],
        "shape": [
            70
        ],
        "count": 21883565
    },
    "wandb_run_id": "9prg5n79",
    "wandb_project": "rlgym-ppo",
    "wandb_entity": "gashfraude-epsi",
    "wandb_group": "unnamed-runs",
    "wandb_config": {
        "n_proc": 6,
        "min_inference_size": 5,
        "timestep_limit": 1e+16,
        "exp_buffer_size": 150000,
        "ts_per_iteration": 50000,
        "standardize_returns": true,
        "standardize_obs": true,
        "policy_layer_sizes": [
            512,
            512,
            256
        ],
        "critic_layer_sizes": [
            512,
            512,
            256
        ],
        "ppo_epochs": 2,
        "ppo_batch_size": 50000,
        "ppo_minibatch_size": 50000,
        "ppo_ent_coef": 0.01,
        "ppo_clip_range": 0.2,
        "gae_lambda": 0.95,
        "gae_gamma": 0.99,
        "policy_lr": 0.0002,
        "critic_lr": 0.0002,
        "shm_buffer_size": 8192
    }
}