{
    "cumulative_timesteps": 129374239,
    "cumulative_model_updates": 15480,
    "policy_average_reward": 12459.969170885708,
    "epoch": 2580,
    "ts_since_last_save": 100041,
    "reward_running_stats": {
        "mean": [
            69.04138807132715
        ],
        "var": [
            3159165301.3566375
        ],
        "shape": [
            1
        ],
        "count": 388050
    },
    "obs_running_stats": {
        "mean": [
            0.005128982341323233,
            0.0028159133867417083,
            0.1281976166532245,
            0.00022232950956618683,
            0.0004827336446132421,
            -0.021779422373527296,
            -0.0018856817296188323,
            -0.00035428722492787836,
            -0.0024030448226659853,
            0.4911773600237535,
            -0.4932591752983827,
            0.4606671159773985,
            -0.21541355605247509,
            0.2578037631754203,
            0.17528991185665252,
            0.5791258334976216,
            0.42775425486355584,
            0.9798124707566578,
            0.9826281935020619,
            0.9795908588442613,
            0.9616231584981951,
            0.9532825478073574,
            0.9801976492887793,
            0.978834318431215,
            0.9765504601991388,
            0.9840396256296021,
            0.979002719918404,
            0.9804314875864754,
            0.9773095579772544,
            0.9802993293106063,
            0.9709406080155968,
            0.9760536135600179,
            0.9620271913896173,
            0.9775868254638359,
            0.9758389797178064,
            0.9520399506266842,
            0.981284272525678,
            0.9723917016885384,
            0.9769491090304045,
            0.9816631745807237,
            0.9785062538830224,
            0.9855271722684025,
            0.9809720180365766,
            0.9784499428517275,
            0.9815489158010319,
            0.980670877435192,
            0.9644829385634265,
            0.9592165130137776,
            0.9845409318609323,
            0.9824023975213122,
            0.9821355729617204,
            0.030069659958575252,
            -0.020362714181999655,
            0.07262399601228813,
            0.044717712819858604,
            -0.0339411481892099,
            0.046881438367418,
            0.0018803978996081092,
            0.029103842984478122,
            0.3477350699497554,
            -0.0020293743954904664,
            -0.003683738332931288,
            -0.008525736940811709,
            -0.06134324384441997,
            -0.043212397581000914,
            -0.04894045900091806,
            0.1103144823249794,
            0.17012177467790573,
            0.27767538429226724,
            0.0
        ],
        "var": [
            6082816.215641381,
            4564725.534977915,
            505283.6761866214,
            752749.6636500543,
            890937.5363740864,
            463596.14842654805,
            5911328.75085993,
            5516902.735167464,
            2424403.32587239,
            6220254.825263393,
            6418782.144175245,
            7441012.270079216,
            10586050.04797964,
            10381923.056596464,
            2661794.504907767,
            4454491.154434624,
            4470860.665297906,
            177853.1775444002,
            150711.05177268735,
            170054.99531995866,
            403352.8105508131,
            474979.59342412226,
            167757.48653986372,
            175483.5921744714,
            211010.3723790841,
            137940.7674344851,
            168515.97778048573,
            162064.0300417201,
            181862.99439680847,
            162811.31784076293,
            290610.86399699585,
            192978.65033289,
            390197.6360668313,
            185032.9808051116,
            199077.5934156052,
            481269.6827572712,
            156621.25962080047,
            272828.70376768825,
            183693.81077714244,
            153013.18700631883,
            174493.07744039875,
            132176.33553904123,
            153346.20226455608,
            195838.35922818512,
            155089.4609626483,
            160089.98720056855,
            382774.94998849765,
            425137.4712443955,
            133531.76086933474,
            148691.76047258268,
            162847.57634818013,
            5946445.037024481,
            4778866.887366119,
            318829.62891003065,
            7641181.682988796,
            8251323.0193183,
            2410858.6148996726,
            4170139.171970627,
            3930046.562161225,
            8126079.477767736,
            1426563.4502188032,
            1867519.0689756544,
            238506.50685144536,
            4761244.202506588,
            5039958.047118609,
            2026659.7300641024,
            959220.2967528248,
            2508508.769392048,
            3787164.982385198,
            0.0
        ],
        "shape": [
            70
        ],
        "count": 18482037
    },
    "wandb_run_id": "9prg5n79",
    "wandb_project": "rlgym-ppo",
    "wandb_entity": "gashfraude-epsi",
    "wandb_group": "unnamed-runs",
    "wandb_config": {
        "n_proc": 6,
        "min_inference_size": 5,
        "timestep_limit": 1e+16,
        "exp_buffer_size": 150000,
        "ts_per_iteration": 50000,
        "standardize_returns": true,
        "standardize_obs": true,
        "policy_layer_sizes": [
            512,
            512,
            256
        ],
        "critic_layer_sizes": [
            512,
            512,
            256
        ],
        "ppo_epochs": 2,
        "ppo_batch_size": 50000,
        "ppo_minibatch_size": 50000,
        "ppo_ent_coef": 0.01,
        "ppo_clip_range": 0.2,
        "gae_lambda": 0.95,
        "gae_gamma": 0.99,
        "policy_lr": 0.0002,
        "critic_lr": 0.0002,
        "shm_buffer_size": 8192
    }
}