{
    "cumulative_timesteps": 17650792,
    "cumulative_model_updates": 2062,
    "policy_average_reward": 339.3976816380439,
    "epoch": 344,
    "ts_since_last_save": 100007,
    "reward_running_stats": {
        "mean": [
            34.108214374991746
        ],
        "var": [
            77348641.92504425
        ],
        "shape": [
            1
        ],
        "count": 52950
    },
    "obs_running_stats": {
        "mean": [
            0.0010073779918541173,
            0.0006990219557369267,
            0.15667201359532673,
            -0.0006633243192467768,
            -0.000485220666999784,
            -0.03258062370831769,
            0.0009101952391580579,
            -0.001599627276812624,
            0.0007535792247703723,
            0.19561943164531062,
            0.05188626347170072,
            0.05847746037675347,
            0.08487143611195878,
            -0.09842772423107038,
            0.5135374589643837,
            0.4993772038199116,
            0.562470224462138,
            0.9941822211510644,
            0.994982199498863,
            0.9937646992941561,
            0.9882841984439165,
            0.9819842913374169,
            0.9941518558424052,
            0.9934454162251961,
            0.9934219488981697,
            0.9953993761287131,
            0.9924825434027529,
            0.9942463038576319,
            0.9923110321934079,
            0.9937481466841874,
            0.9923487148518891,
            0.9916637496271636,
            0.9878166092775221,
            0.9927308382150055,
            0.9918251193069392,
            0.9791793723199382,
            0.9933702415799145,
            0.9920396278258845,
            0.9916859056672094,
            0.9938222948217037,
            0.9921482448065027,
            0.9952074772562931,
            0.99282831793984,
            0.9930001873669918,
            0.9937907109109867,
            0.9927146361838747,
            0.9873661927869458,
            0.9817307462720135,
            0.9947398322351706,
            0.9934091321412065,
            0.9935867370764141,
            0.07971497650741537,
            0.004488685440379899,
            0.11410740035039486,
            0.10656951414043919,
            -0.009128431555248371,
            0.053981091482013306,
            -0.08797991983865579,
            0.0025122267039094214,
            0.4043039465935953,
            0.000522590981259325,
            0.0023378526271736447,
            -0.011575621002526966,
            -0.025022376072595148,
            -0.05140095229129432,
            0.008946625575516742,
            0.12312002117737983,
            0.09446717500926757,
            0.1959520853266291,
            0.0
        ],
        "var": [
            782917.9141898802,
            566532.6664035135,
            91110.97746219649,
            104431.9187603298,
            107116.07041185866,
            88772.53793194494,
            720723.5599957485,
            718575.9096056527,
            314342.57735323306,
            489674.00848579983,
            483152.070303997,
            431002.08314310166,
            455944.310275933,
            460840.0190589371,
            629924.3534167721,
            630384.4495481742,
            620544.8607794157,
            14556.702083473841,
            12561.911105319981,
            15567.285930124548,
            29216.865891838854,
            44594.725778283464,
            14644.417004942114,
            16386.532994579782,
            16502.163275971594,
            11521.522891478879,
            18764.27390468055,
            14482.63747385601,
            19178.23343199796,
            15692.691355917272,
            19170.5871713259,
            20818.309220650637,
            30326.553060187638,
            18198.521902701723,
            20407.27638842592,
            51411.04762803003,
            16640.05554654826,
            19883.525760564204,
            20747.988969777914,
            15494.090575396398,
            19609.469724737326,
            12013.764868621374,
            17928.596735516316,
            17511.161197260983,
            15562.59216662409,
            18179.198602681,
            31440.07569538013,
            45227.29624626944,
            13203.42564989011,
            16477.452835104636,
            16033.162388586068,
            806340.4794988078,
            643689.4406629724,
            62572.68078598954,
            991490.8701551125,
            1076074.0191168203,
            417782.1115588202,
            599766.9440719327,
            533943.4554803964,
            956119.1539945372,
            219615.5492021733,
            251553.6038703202,
            57466.57553158415,
            427646.12365474855,
            448298.3626123264,
            153885.37674914039,
            139526.19054230326,
            215696.01215601724,
            397275.97194978484,
            0.0
        ],
        "shape": [
            70
        ],
        "count": 2521545
    },
    "wandb_run_id": "y20wl1cc",
    "wandb_project": "rlgym-ppo",
    "wandb_entity": "gashfraude-epsi",
    "wandb_group": "unnamed-runs",
    "wandb_config": {
        "n_proc": 8,
        "min_inference_size": 7,
        "timestep_limit": 200000000,
        "exp_buffer_size": 150000,
        "ts_per_iteration": 50000,
        "standardize_returns": true,
        "standardize_obs": true,
        "policy_layer_sizes": [
            256,
            256,
            256
        ],
        "critic_layer_sizes": [
            256,
            256,
            256
        ],
        "ppo_epochs": 2,
        "ppo_batch_size": 50000,
        "ppo_minibatch_size": 50000,
        "ppo_ent_coef": 0.01,
        "ppo_clip_range": 0.2,
        "gae_lambda": 0.95,
        "gae_gamma": 0.99,
        "policy_lr": 0.0001,
        "critic_lr": 0.0001,
        "shm_buffer_size": 8192
    }
}