{"x_vel":20.768116180788333,"Cumulative Timesteps":60002601,"_wandb":{"runtime":30493},"_timestamp":1.7628577013305793e+09,"Timesteps Collected":50005,"_step":2425,"PPO Batch Consumption Time":1.79206120967865,"_runtime":30493,"Collected Steps per Second":2075.600186849771,"Mean KL Divergence":0.010721287302051982,"Policy Entropy":0.44965794682502747,"Cumulative Model Updates":7182,"Policy Update Magnitude":0.09159735590219498,"SB3 Clip Fraction":0.13287999977668127,"Total Iteration Time":36.30430860002525,"z_vel":-19.90895265722356,"Value Function Update Magnitude":0.1867159754037857,"Timestep Consumption Time":12.212481900060084,"Overall Steps per Second":1377.3847217673006,"y_vel":-19.954286108007242,"Policy Reward":394.0140186076458,"Value Function Loss":0.2936512579520543,"Timestep Collection Time":24.091826699965168}