{"Cumulative Model Updates":48,"Cumulative Timesteps":450026,"Value Function Loss":0.36356787383556366,"Mean KL Divergence":0.008699699149777492,"_runtime":266,"Value Function Update Magnitude":0.2268860936164856,"SB3 Clip Fraction":0.12224333547055721,"Policy Entropy":0.8800973892211914,"Total Iteration Time":43.640438900038134,"_step":17,"z_vel":-39.22891625941933,"Timestep Collection Time":32.223452000005636,"y_vel":-56.04447973716064,"PPO Batch Consumption Time":1.5730026960372925,"Policy Reward":149.12695621441637,"Policy Update Magnitude":0.16114260256290436,"Overall Steps per Second":1145.817990385892,"x_vel":9.355961244435692,"Timesteps Collected":50004,"_timestamp":1.7628236290157535e+09,"_wandb":{"runtime":266},"Timestep Consumption Time":11.416986900032498,"Collected Steps per Second":1551.7890510300153}