{
    "cumulative_timesteps": 13200596,
    "cumulative_model_updates": 1534,
    "policy_average_reward": 282.0458997348227,
    "epoch": 256,
    "ts_since_last_save": 100003,
    "reward_running_stats": {
        "mean": [
            29.678761795688583
        ],
        "var": [
            50883459.20676314
        ],
        "shape": [
            1
        ],
        "count": 39600
    },
    "obs_running_stats": {
        "mean": [
            0.0011998839455863405,
            0.0005435072329616822,
            0.15702254093508322,
            -0.0002694423271688271,
            -0.0006417248799474024,
            -0.032777885897988995,
            0.0015844746792660898,
            -0.0008200706969097786,
            0.0010780965927003748,
            0.17379196777929537,
            0.05934509290485278,
            0.05716350231236298,
            0.09517900863674587,
            -0.10310501662266562,
            0.5166156249347246,
            0.5190794437842057,
            0.5459771970689389,
            0.994246596588118,
            0.9951179392107657,
            0.9936002939232733,
            0.9891871473203223,
            0.9813514977698344,
            0.9943719714986626,
            0.9936665327126103,
            0.9938297660491109,
            0.9957722647107087,
            0.9920927068266724,
            0.9947273397769052,
            0.9924933459002095,
            0.9943057022525364,
            0.993044844634554,
            0.9916967879766846,
            0.9888975906513414,
            0.9934667025029623,
            0.9922731474017974,
            0.9782505766116194,
            0.9939950099822983,
            0.9926819347855151,
            0.9920292018712475,
            0.9942834135446904,
            0.9922353786239562,
            0.9955968055207995,
            0.9923620275275854,
            0.9934201313891995,
            0.9939829367973098,
            0.9927456020330144,
            0.987823913084788,
            0.9806598430210426,
            0.9950176424874645,
            0.9932192476551285,
            0.9935362683191411,
            0.10233919076772087,
            0.006924271407573569,
            0.11284703512053493,
            0.09634087978497191,
            -0.00456723865868332,
            0.05514677804714672,
            -0.07749185858320054,
            -0.0008106264575913445,
            0.3833460189912724,
            0.0039486379064331365,
            0.003149990548258383,
            -0.011921288191957834,
            -0.019576782636008844,
            -0.04058922300061605,
            0.008839440844204342,
            0.11570869653514121,
            0.0958075350400885,
            0.1979797481577963,
            0.0
        ],
        "var": [
            584552.128117105,
            423052.5404271627,
            68355.16062157738,
            78038.14283505884,
            79919.29613461973,
            66616.085233338,
            537160.457541485,
            535911.0239812372,
            235187.21147358953,
            405783.2424745158,
            389289.1361020841,
            363588.37574539706,
            382392.51427204994,
            384852.7345402389,
            470930.57793433656,
            470763.69746125734,
            467463.6070528156,
            10759.624458725399,
            9134.452148403452,
            11934.085577672296,
            20191.489150935242,
            34497.31323193661,
            10537.923551152297,
            11835.220150717563,
            11588.476506933328,
            7913.186876268625,
            14744.861410085703,
            9948.686134897254,
            13989.042958678385,
            10704.10038607397,
            13049.979639549823,
            15501.525517241147,
            20684.387827406194,
            12242.268525480458,
            14421.197382584893,
            40127.07784199122,
            11289.884857414001,
            13670.317331348719,
            14869.476701311865,
            10731.696053712898,
            14495.229236147708,
            8254.118208404645,
            14268.272209408715,
            12311.065024360005,
            11281.53539008631,
            13523.790583336477,
            22667.963452841694,
            35768.53202508081,
            9358.38221440692,
            12668.28095555556,
            12076.084821157589,
            599484.628515685,
            487869.9637633711,
            47262.18129003966,
            742159.3262937649,
            797215.3761108596,
            323148.8343214578,
            455041.06282880536,
            409553.7407840405,
            732751.3488902122,
            156277.85311823775,
            175726.03290928455,
            41941.22142414545,
            329397.79377322906,
            344598.75123715197,
            120634.34361363096,
            98508.32847008106,
            163359.44574687482,
            299429.352257361,
            0.0
        ],
        "shape": [
            70
        ],
        "count": 1885804
    },
    "wandb_run_id": "y20wl1cc",
    "wandb_project": "rlgym-ppo",
    "wandb_entity": "gashfraude-epsi",
    "wandb_group": "unnamed-runs",
    "wandb_config": {
        "n_proc": 8,
        "min_inference_size": 7,
        "timestep_limit": 200000000,
        "exp_buffer_size": 150000,
        "ts_per_iteration": 50000,
        "standardize_returns": true,
        "standardize_obs": true,
        "policy_layer_sizes": [
            256,
            256,
            256
        ],
        "critic_layer_sizes": [
            256,
            256,
            256
        ],
        "ppo_epochs": 2,
        "ppo_batch_size": 50000,
        "ppo_minibatch_size": 50000,
        "ppo_ent_coef": 0.01,
        "ppo_clip_range": 0.2,
        "gae_lambda": 0.95,
        "gae_gamma": 0.99,
        "policy_lr": 0.0001,
        "critic_lr": 0.0001,
        "shm_buffer_size": 8192
    }
}