{
    "cumulative_timesteps": 7700352,
    "cumulative_model_updates": 892,
    "policy_average_reward": 247.89068275967364,
    "epoch": 149,
    "ts_since_last_save": 100004,
    "reward_running_stats": {
        "mean": [
            22.130777741870663
        ],
        "var": [
            21691136.77186374
        ],
        "shape": [
            1
        ],
        "count": 23100
    },
    "obs_running_stats": {
        "mean": [
            0.0010667679176295075,
            0.00017235770481518182,
            0.15791402942649665,
            0.00032545828605760906,
            -0.0005763221567418891,
            -0.0332672521105704,
            0.0018564068918707306,
            0.0022558341869582067,
            0.00177698524044435,
            0.13292993544885476,
            0.06286679144666914,
            0.05484451381345787,
            0.10345439405115377,
            -0.10883062324581647,
            0.516623528224372,
            0.5358191686659871,
            0.506055130049175,
            0.9941041263646863,
            0.9950487886393451,
            0.9935179742501344,
            0.9894197015108804,
            0.9803806168961773,
            0.9948235738362122,
            0.994276947769576,
            0.9945722291723137,
            0.9959468607784216,
            0.9920425822909029,
            0.9950037055029018,
            0.9928148400371674,
            0.9948481445768711,
            0.9939929787130652,
            0.9921901880937113,
            0.9901487124661381,
            0.9943889051528491,
            0.9931982285109505,
            0.9779928025268707,
            0.9945427921893724,
            0.9934472093659613,
            0.9923155157606586,
            0.9948317525619506,
            0.9925353308836313,
            0.9959833301562093,
            0.9917606748744342,
            0.9936536480454249,
            0.9944357361298898,
            0.9930445607280599,
            0.9884208500211875,
            0.9791603832972844,
            0.9952513783601744,
            0.9931438309550064,
            0.9937381996383254,
            0.12707344716452368,
            0.006627606789612895,
            0.10816248190275625,
            0.08365931000366979,
            -0.002696001483260834,
            0.05324098179012812,
            -0.043863255337261264,
            -0.007925576192751744,
            0.35364923351083066,
            0.009767405119059602,
            0.001781248831016202,
            -0.012738699253509586,
            -0.0036631005561877836,
            -0.018538767767725034,
            0.012560909738543386,
            0.11219655832093069,
            0.1002723795958933,
            0.20382326081123217,
            0.0
        ],
        "var": [
            339978.02179443644,
            246581.53553267545,
            40187.4376787315,
            45276.31207739481,
            46181.27422351229,
            39207.23423270253,
            311634.956579727,
            311636.67520162236,
            136257.59238642085,
            286577.2709395392,
            259841.21679892627,
            263313.6035931474,
            271175.24581040343,
            269004.72957100894,
            274710.2174668588,
            273601.7916155712,
            274972.68001328665,
            6419.808279097056,
            5392.432060793411,
            7027.100338332483,
            11536.8299174017,
            21144.699175850245,
            5649.179409032367,
            6226.834550568355,
            5962.864019590743,
            4414.821606091513,
            8635.115751055526,
            5526.652617245869,
            7786.515674950647,
            5665.050369321783,
            6593.509117366515,
            8497.443230717161,
            10710.080528846767,
            6140.127551458748,
            7393.894802361538,
            23680.358160068612,
            6004.125874174817,
            7132.07445057844,
            8346.328926640677,
            5668.9395672974315,
            8116.626590409588,
            4387.932501930284,
            8963.608490919252,
            6921.404231077886,
            6089.752147938743,
            7540.8147930784335,
            12576.055377083227,
            22449.158399281834,
            5208.389587650692,
            7458.277196038834,
            6810.740032575329,
            352147.64622241375,
            293242.46321110317,
            27545.510533024026,
            434227.68297748413,
            457467.3620365914,
            197532.70593239984,
            267784.13610905805,
            251091.38711862636,
            441407.70474811207,
            81648.3127347097,
            89470.26538782907,
            22925.770485115325,
            206488.14926901011,
            213121.80816740252,
            76290.64640335689,
            56009.94389945402,
            99239.83046192801,
            178510.64913670046,
            0.0
        ],
        "shape": [
            70
        ],
        "count": 1100056
    },
    "wandb_run_id": "y20wl1cc",
    "wandb_project": "rlgym-ppo",
    "wandb_entity": "gashfraude-epsi",
    "wandb_group": "unnamed-runs",
    "wandb_config": {
        "n_proc": 8,
        "min_inference_size": 7,
        "timestep_limit": 200000000,
        "exp_buffer_size": 150000,
        "ts_per_iteration": 50000,
        "standardize_returns": true,
        "standardize_obs": true,
        "policy_layer_sizes": [
            256,
            256,
            256
        ],
        "critic_layer_sizes": [
            256,
            256,
            256
        ],
        "ppo_epochs": 2,
        "ppo_batch_size": 50000,
        "ppo_minibatch_size": 50000,
        "ppo_ent_coef": 0.01,
        "ppo_clip_range": 0.2,
        "gae_lambda": 0.95,
        "gae_gamma": 0.99,
        "policy_lr": 0.0001,
        "critic_lr": 0.0001,
        "shm_buffer_size": 8192
    }
}