{"Policy Reward":85.81287765442231,"Collected Steps per Second":1483.4951074720982,"SB3 Clip Fraction":0.06574999541044235,"y_vel":45.49925261592082,"PPO Batch Consumption Time":0.8002854585647583,"Mean KL Divergence":0.004400274250656366,"x_vel":29.47224585796068,"Policy Entropy":0.7719959914684296,"Timesteps Collected":50003,"Policy Update Magnitude":0.24674271047115326,"_timestamp":1.7628238972375164e+09,"z_vel":-36.70144317699632,"Cumulative Model Updates":4,"Timestep Consumption Time":3.2119596000411548,"_step":3,"Timestep Collection Time":33.706211599987,"Value Function Update Magnitude":0.35414236783981323,"_wandb":{"runtime":77},"_runtime":77,"Cumulative Timesteps":100003,"Overall Steps per Second":1354.4278704672638,"Total Iteration Time":36.918171200028155,"Value Function Loss":NaN}