{
    "cumulative_timesteps": 7600348,
    "cumulative_model_updates": 880,
    "policy_average_reward": 240.52856225514748,
    "epoch": 147,
    "ts_since_last_save": 100008,
    "reward_running_stats": {
        "mean": [
            21.925746574825567
        ],
        "var": [
            21386744.176406413
        ],
        "shape": [
            1
        ],
        "count": 22800
    },
    "obs_running_stats": {
        "mean": [
            0.0009119030241923887,
            6.041237508658092e-05,
            0.15793040248182258,
            0.0003256629680912494,
            -0.0006153148022364865,
            -0.03328199350045463,
            0.0018824438432578805,
            0.0023231645551967167,
            0.0016897413595942138,
            0.13211244055015867,
            0.06269274884769684,
            0.054563738675532936,
            0.10346885402136961,
            -0.10885435461725955,
            0.516610158656433,
            0.5362407244683753,
            0.5051318254707511,
            0.9940818118314372,
            0.995065612639368,
            0.9934999205003896,
            0.9894674555064666,
            0.9803674626305168,
            0.9948079624045332,
            0.9942615121578324,
            0.994561599725886,
            0.9959377399269421,
            0.9920815595426223,
            0.9949849381182965,
            0.9928050339131824,
            0.9948798277081269,
            0.9940309091162803,
            0.9922237394232762,
            0.9902171104751947,
            0.9944044147902625,
            0.9932035978732526,
            0.9779611247101123,
            0.994525328388773,
            0.9934853268613757,
            0.9922853247056059,
            0.9948005916504228,
            0.9925015850046746,
            0.9960345544989452,
            0.9917692337784921,
            0.9936410634427696,
            0.9944251527893524,
            0.9930479082091705,
            0.9884637506938875,
            0.9791449889096909,
            0.9952727099416823,
            0.9931503265931462,
            0.9937202804842051,
            0.12734816210595343,
            0.006362126212342839,
            0.10802180980701291,
            0.08348004122433587,
            -0.0025911925614026006,
            0.05311938259199576,
            -0.043011673528546276,
            -0.00811818388836835,
            0.35318405791121654,
            0.009930906719235348,
            0.0017669627447027237,
            -0.012741387052311148,
            -0.0033293475624421305,
            -0.017874397920051494,
            0.012730913361638426,
            0.1121297428059444,
            0.10036124852292796,
            0.203923483790269,
            0.0
        ],
        "var": [
            335596.30395704694,
            243207.018450428,
            39664.04208445625,
            44718.05432810016,
            45693.40077909166,
            38720.329926577826,
            308003.57219745556,
            307541.4253190971,
            134515.233264025,
            284029.058745166,
            257237.84767531144,
            261102.37582387895,
            268812.43059572694,
            266478.49002985354,
            271143.14771361405,
            270015.6380128819,
            271412.9186865334,
            6360.018642984581,
            5303.962855031298,
            6954.446110224685,
            11336.523828908023,
            20883.6375299031,
            5592.386458084156,
            6162.110374637705,
            5897.1594871588095,
            4366.9759276157665,
            8480.69221923623,
            5475.805236032298,
            7695.1001034586725,
            5557.7829066727045,
            6467.5178382817485,
            8350.882364486639,
            10497.925077127236,
            6043.766056748719,
            7291.635007118736,
            23405.762152144365,
            5945.344040514811,
            6998.228699003283,
            8269.6677406908,
            5628.970382581575,
            8046.874373350243,
            4275.606935193957,
            8837.73137373098,
            6844.806011770808,
            6022.066456902034,
            7438.5564713584745,
            12367.047518410029,
            22173.66574498239,
            5117.9312018890505,
            7354.04540295295,
            6741.056179875541,
            347603.7609990629,
            289493.47817831516,
            27180.725219946486,
            428536.20220333687,
            451467.0501750413,
            195126.2605571021,
            264313.68281140015,
            248036.33456160635,
            435896.2864596291,
            80359.2634229496,
            87976.8246737865,
            22579.482868141713,
            204216.06957346623,
            210596.47579022538,
            75412.12973315836,
            55255.956552970674,
            98028.11038226842,
            176256.77496597363,
            0.0
        ],
        "shape": [
            70
        ],
        "count": 1085770
    },
    "wandb_run_id": "y20wl1cc",
    "wandb_project": "rlgym-ppo",
    "wandb_entity": "gashfraude-epsi",
    "wandb_group": "unnamed-runs",
    "wandb_config": {
        "n_proc": 8,
        "min_inference_size": 7,
        "timestep_limit": 200000000,
        "exp_buffer_size": 150000,
        "ts_per_iteration": 50000,
        "standardize_returns": true,
        "standardize_obs": true,
        "policy_layer_sizes": [
            256,
            256,
            256
        ],
        "critic_layer_sizes": [
            256,
            256,
            256
        ],
        "ppo_epochs": 2,
        "ppo_batch_size": 50000,
        "ppo_minibatch_size": 50000,
        "ppo_ent_coef": 0.01,
        "ppo_clip_range": 0.2,
        "gae_lambda": 0.95,
        "gae_gamma": 0.99,
        "policy_lr": 0.0001,
        "critic_lr": 0.0001,
        "shm_buffer_size": 8192
    }
}