{
    "cumulative_timesteps": 152884850,
    "cumulative_model_updates": 18294,
    "policy_average_reward": 31.767271758615873,
    "epoch": 3049,
    "ts_since_last_save": 100063,
    "reward_running_stats": {
        "mean": [
            58.74435012933016
        ],
        "var": [
            3429781579.7651587
        ],
        "shape": [
            1
        ],
        "count": 458550
    },
    "obs_running_stats": {
        "mean": [
            0.0035397393368849658,
            0.0033438565531763694,
            0.13131699333125196,
            0.00011115932229641975,
            0.0005947459764797869,
            -0.022964125116561075,
            -0.0021457293485565195,
            -0.0004944466780799266,
            -0.00178574272060351,
            0.5088228836255421,
            -0.5106932765496282,
            0.4381556856471851,
            -0.2070985919395532,
            0.26216234475067496,
            0.17828016171928937,
            0.5802690382499474,
            0.3862373869190136,
            0.9818632757605178,
            0.9842546507585225,
            0.9815714883625287,
            0.9653001333254354,
            0.957655070959566,
            0.9818946797007669,
            0.9806138536395022,
            0.9785365684456224,
            0.985665509744637,
            0.9811187552700064,
            0.9819502094387573,
            0.9791439517372736,
            0.9818075146140429,
            0.97346559906386,
            0.9779357296001803,
            0.9655693258052921,
            0.9792471750068844,
            0.9776257179172151,
            0.9561906611928054,
            0.9826975392650149,
            0.9747521958023961,
            0.9788003348895117,
            0.983135477792191,
            0.9802828980029369,
            0.9869673406625558,
            0.9828581523307378,
            0.9803741614646937,
            0.9831451050044454,
            0.9823813043303103,
            0.967695687174709,
            0.9629868044277667,
            0.9859854244871037,
            0.9841725027467005,
            0.9840620913617772,
            0.03032672741590628,
            -0.020218514009451783,
            0.07374652069840416,
            0.043545846893196245,
            -0.0243897228187926,
            0.0437201450557915,
            0.001971136453330989,
            0.027388320206154927,
            0.34724010186065285,
            -0.0018842003565127656,
            -0.0034240601470049686,
            -0.00912152336072871,
            -0.05697727779255834,
            -0.043642291700895515,
            -0.04928429609237593,
            0.1106919668427761,
            0.16694637849678245,
            0.2761640014880094,
            0.0
        ],
        "var": [
            7191040.632164024,
            5373942.873249224,
            619851.7705593884,
            891483.3655811677,
            1035797.9595779517,
            572485.3749172009,
            6936302.814934064,
            6526252.861778821,
            2868191.721375447,
            7292913.103661306,
            7489632.851590166,
            9409754.729966996,
            12751290.368196297,
            12351951.054333871,
            3189551.1654482707,
            5269147.608134624,
            5124330.398158425,
            201212.9842564392,
            173696.8963949832,
            195625.05509893663,
            452861.8609403722,
            537563.6174327116,
            197290.46777427217,
            207777.05908654977,
            246492.74461156773,
            156255.98850296272,
            193185.2065094125,
            194579.70717236222,
            218023.43415201516,
            195983.96106203645,
            333293.51307989727,
            232265.04430968204,
            441130.99953590846,
            223926.09439402106,
            241057.93556131,
            552290.5098377386,
            188549.55769761905,
            314165.6612130973,
            220686.35054016596,
            182446.81358813005,
            207927.5512542153,
            149492.98707756022,
            176334.15024912343,
            226362.0511689602,
            182285.86387406665,
            187778.39866136375,
            432418.066838671,
            480589.26842190424,
            154031.95523324324,
            169387.8913281923,
            181121.98578330324,
            6951643.51685563,
            5514863.473994085,
            393670.036988228,
            9029508.992738845,
            9715404.81618863,
            2919823.2452550665,
            4940008.783980834,
            4669404.368621944,
            9576147.473680656,
            1689568.7890423187,
            2168655.865532928,
            288262.7966626812,
            5637350.735954697,
            5948049.063420569,
            2452039.210064292,
            1133738.4510363827,
            2936709.0838254658,
            4446089.340216461,
            0.0
        ],
        "shape": [
            70
        ],
        "count": 21840695
    },
    "wandb_run_id": "9prg5n79",
    "wandb_project": "rlgym-ppo",
    "wandb_entity": "gashfraude-epsi",
    "wandb_group": "unnamed-runs",
    "wandb_config": {
        "n_proc": 6,
        "min_inference_size": 5,
        "timestep_limit": 1e+16,
        "exp_buffer_size": 150000,
        "ts_per_iteration": 50000,
        "standardize_returns": true,
        "standardize_obs": true,
        "policy_layer_sizes": [
            512,
            512,
            256
        ],
        "critic_layer_sizes": [
            512,
            512,
            256
        ],
        "ppo_epochs": 2,
        "ppo_batch_size": 50000,
        "ppo_minibatch_size": 50000,
        "ppo_ent_coef": 0.01,
        "ppo_clip_range": 0.2,
        "gae_lambda": 0.95,
        "gae_gamma": 0.99,
        "policy_lr": 0.0002,
        "critic_lr": 0.0002,
        "shm_buffer_size": 8192
    }
}