{
    "cumulative_timesteps": 500023,
    "cumulative_model_updates": 54,
    "policy_average_reward": 122.27758545119742,
    "epoch": 9,
    "ts_since_last_save": 100007,
    "reward_running_stats": {
        "mean": [
            15.409831047058105
        ],
        "var": [
            693110.9375
        ],
        "shape": [
            1
        ],
        "count": 1500
    },
    "obs_running_stats": {
        "mean": [
            0.00899918656796217,
            0.018591005355119705,
            0.15884855389595032,
            0.00015526919742114842,
            0.00031078135361894965,
            -0.032184503972530365,
            0.002919086255133152,
            -0.002230216283351183,
            -0.012872726656496525,
            0.06678207218647003,
            -0.01131471712142229,
            0.010916341096162796,
            0.04487426578998566,
            -0.06861873716115952,
            0.5014483332633972,
            0.5315015316009521,
            0.43761757016181946,
            0.9940972328186035,
            0.9944683909416199,
            0.9932634234428406,
            0.9891840219497681,
            0.9782800078392029,
            0.9945452213287354,
            0.9950433969497681,
            0.99566251039505,
            0.9963260293006897,
            0.9937308430671692,
            0.99599289894104,
            0.9934520125389099,
            0.995376467704773,
            0.9953789710998535,
            0.9921206831932068,
            0.9901711344718933,
            0.9943708181381226,
            0.992569625377655,
            0.9789853096008301,
            0.9956303834915161,
            0.9927945137023926,
            0.991767942905426,
            0.9952002167701721,
            0.9931472539901733,
            0.9978008270263672,
            0.9890426397323608,
            0.9934508204460144,
            0.9944706559181213,
            0.9925627708435059,
            0.9865096807479858,
            0.974993109703064,
            0.9950155019760132,
            0.9915683269500732,
            0.9943044781684875,
            0.15463410317897797,
            0.02120094746351242,
            0.10812650620937347,
            0.11494120955467224,
            0.010793755762279034,
            0.05457901582121849,
            -0.01364413183182478,
            -0.01739596761763096,
            0.36519283056259155,
            0.019406065344810486,
            0.002453394001349807,
            -0.014173517934978008,
            0.009661512449383736,
            0.0011319831246510148,
            0.01021237950772047,
            0.11700846254825592,
            0.10565701872110367,
            0.20925363898277283,
            0.0
        ],
        "var": [
            21715.359375,
            15894.9013671875,
            2645.234375,
            2839.685546875,
            2969.620849609375,
            2567.341552734375,
            20602.142578125,
            19854.681640625,
            8867.6513671875,
            18978.083984375,
            16450.521484375,
            18147.408203125,
            17338.861328125,
            17431.439453125,
            17859.83984375,
            17788.669921875,
            17581.830078125,
            419.6190185546875,
            373.1164855957031,
            478.0,
            760.8575439453125,
            1518.649658203125,
            377.0628662109375,
            336.3852233886719,
            283.86077880859375,
            253.13381958007812,
            454.787353515625,
            285.9250793457031,
            463.1628112792969,
            309.6978454589844,
            310.6693420410156,
            557.434326171875,
            698.142578125,
            387.7411804199219,
            525.0438232421875,
            1467.5682373046875,
            300.7616882324219,
            507.5137634277344,
            571.1306762695312,
            313.66644287109375,
            497.4715270996094,
            190.41566467285156,
            773.3660278320312,
            478.641845703125,
            383.76116943359375,
            523.1114501953125,
            937.3286743164062,
            1738.74072265625,
            336.39031982421875,
            585.7407836914062,
            398.74652099609375,
            22807.677734375,
            19685.376953125,
            1803.9791259765625,
            27692.96484375,
            29625.416015625,
            12954.8525390625,
            17193.861328125,
            16480.662109375,
            28200.5390625,
            4914.59423828125,
            5253.25537109375,
            1501.831787109375,
            13119.537109375,
            13466.3662109375,
            4758.818359375,
            3793.250244140625,
            6750.64208984375,
            11821.0498046875,
            0.0
        ],
        "shape": [
            70
        ],
        "count": 71439
    },
    "wandb_run_id": "y20wl1cc",
    "wandb_project": "rlgym-ppo",
    "wandb_entity": "gashfraude-epsi",
    "wandb_group": "unnamed-runs",
    "wandb_config": {
        "n_proc": 8,
        "min_inference_size": 7,
        "timestep_limit": 200000000,
        "exp_buffer_size": 150000,
        "ts_per_iteration": 50000,
        "standardize_returns": true,
        "standardize_obs": true,
        "policy_layer_sizes": [
            256,
            256,
            256
        ],
        "critic_layer_sizes": [
            256,
            256,
            256
        ],
        "ppo_epochs": 2,
        "ppo_batch_size": 50000,
        "ppo_minibatch_size": 50000,
        "ppo_ent_coef": 0.01,
        "ppo_clip_range": 0.2,
        "gae_lambda": 0.95,
        "gae_gamma": 0.99,
        "policy_lr": 0.0001,
        "critic_lr": 0.0001,
        "shm_buffer_size": 8192
    }
}