{
    "cumulative_timesteps": 7800354,
    "cumulative_model_updates": 904,
    "policy_average_reward": 200.17864688187848,
    "epoch": 151,
    "ts_since_last_save": 100002,
    "reward_running_stats": {
        "mean": [
            22.19914201802567
        ],
        "var": [
            22024059.170853622
        ],
        "shape": [
            1
        ],
        "count": 23400
    },
    "obs_running_stats": {
        "mean": [
            0.0010428895561224243,
            -0.0003053982665032424,
            0.15787423254070818,
            0.00028154023151612354,
            -0.0006206190147156043,
            -0.0332752453456831,
            0.001970201871254821,
            0.002070911041277748,
            0.002215960082885873,
            0.13365543026050913,
            0.06310392235256117,
            0.05518505133489253,
            0.10339442510805821,
            -0.10877453800680674,
            0.516599761980063,
            0.5356399484234018,
            0.5070750112096358,
            0.9940899731251511,
            0.9950709838051863,
            0.9934889007878233,
            0.9894638083867023,
            0.980334206105791,
            0.9948001971925833,
            0.9942955771707466,
            0.9945709199997592,
            0.9959745929709771,
            0.992073703499109,
            0.9950318629834444,
            0.9927983704032767,
            0.9948630407277602,
            0.9939282017470233,
            0.9921503179038546,
            0.9901466803195645,
            0.9943854592636938,
            0.9932208159280006,
            0.978100843705529,
            0.9944978882647013,
            0.9934423752728345,
            0.9923027553530384,
            0.9948594223284137,
            0.9925448793552923,
            0.9959989287295331,
            0.9917702832341161,
            0.9936255274002599,
            0.994449637673262,
            0.9930161721412866,
            0.9884284058133981,
            0.9792956333051039,
            0.9952745658634188,
            0.9931581418496658,
            0.9937215584993992,
            0.12685885505741154,
            0.006313769540584504,
            0.1082896504339383,
            0.08398328616200151,
            -0.0027925198192061667,
            0.05333847679016258,
            -0.04487784956425757,
            -0.0077566130058579685,
            0.354037608673614,
            0.009773720910134382,
            0.0016579755490915378,
            -0.012724558569147022,
            -0.0038454059300546926,
            -0.018900126524497494,
            0.012347744031309641,
            0.11210755391525318,
            0.10015079105762864,
            0.20367804587367355,
            0.0
        ],
        "var": [
            344565.4210980933,
            249755.08179465096,
            40697.15612982922,
            45879.3711437593,
            46744.64821484359,
            39688.35522781083,
            315491.62859674974,
            315674.5890372786,
            138026.99921712998,
            289140.2160633226,
            262427.3420897771,
            265507.3052453717,
            273489.9300974773,
            271531.7018601824,
            278278.6495259238,
            277169.23378326144,
            278528.73386437877,
            6519.125481453627,
            5438.326214455511,
            7151.079139953029,
            11638.268582293234,
            21469.168475102197,
            5748.526313758527,
            6287.603865485853,
            6041.427305395395,
            4441.836569077295,
            8713.761996398463,
            5566.608651015081,
            7906.514100493147,
            5721.8419840381775,
            6750.121723176698,
            8651.876146321165,
            10851.64948182498,
            6223.634660222171,
            7465.575707606097,
            23872.72530880697,
            6131.152035096677,
            7230.390399476372,
            8469.266599946728,
            5711.875835085448,
            8211.989306618783,
            4427.841382339039,
            9069.814998697826,
            7042.430225564216,
            6153.4820161225925,
            7670.6826999709665,
            12731.334880311555,
            22596.215429371343,
            5250.312245130681,
            7539.824098869311,
            6917.947331219143,
            356566.5856119973,
            296694.2242040295,
            27924.277886894088,
            439745.7586447116,
            463587.47536895185,
            199967.2402716391,
            271363.05525040644,
            254039.25084782086,
            446948.16708622925,
            82852.71607677848,
            90779.44631571122,
            23266.86950954752,
            208821.58309940624,
            215667.3554067631,
            77150.8256824634,
            56703.59801178716,
            100420.34673794695,
            180733.0941683467,
            0.0
        ],
        "shape": [
            70
        ],
        "count": 1114342
    },
    "wandb_run_id": "y20wl1cc",
    "wandb_project": "rlgym-ppo",
    "wandb_entity": "gashfraude-epsi",
    "wandb_group": "unnamed-runs",
    "wandb_config": {
        "n_proc": 8,
        "min_inference_size": 7,
        "timestep_limit": 200000000,
        "exp_buffer_size": 150000,
        "ts_per_iteration": 50000,
        "standardize_returns": true,
        "standardize_obs": true,
        "policy_layer_sizes": [
            256,
            256,
            256
        ],
        "critic_layer_sizes": [
            256,
            256,
            256
        ],
        "ppo_epochs": 2,
        "ppo_batch_size": 50000,
        "ppo_minibatch_size": 50000,
        "ppo_ent_coef": 0.01,
        "ppo_clip_range": 0.2,
        "gae_lambda": 0.95,
        "gae_gamma": 0.99,
        "policy_lr": 0.0001,
        "critic_lr": 0.0001,
        "shm_buffer_size": 8192
    }
}