{"_step":340,"Cumulative Timesteps":18150811,"Total Iteration Time":18.2889334000065,"_wandb":{"runtime":3992},"PPO Batch Consumption Time":0.4219526449839274,"_runtime":3992,"Timesteps Collected":50001,"Timestep Consumption Time":3.8857783999992535,"Policy Update Magnitude":0.03589457646012306,"Mean KL Divergence":0.023119953150550526,"Policy Reward":331.9098804667483,"Cumulative Model Updates":2110,"SB3 Clip Fraction":0.2595733379324277,"z_vel":-23.49328159749176,"Value Function Loss":0.22613753626743952,"y_vel":-16.18817914335805,"Policy Entropy":0.17540213962395987,"Collected Steps per Second":3471.531063851972,"Overall Steps per Second":2733.948388700581,"x_vel":-25.022814615184675,"Value Function Update Magnitude":0.07162345200777054,"Timestep Collection Time":14.403155000007246,"_timestamp":1.7628233476195486e+09}