{
    "cumulative_timesteps": 129274198,
    "cumulative_model_updates": 15468,
    "policy_average_reward": 14491.767672871985,
    "epoch": 2578,
    "ts_since_last_save": 100025,
    "reward_running_stats": {
        "mean": [
            68.95836271894721
        ],
        "var": [
            3150583446.605007
        ],
        "shape": [
            1
        ],
        "count": 387750
    },
    "obs_running_stats": {
        "mean": [
            0.0051306974561849865,
            0.002793606988183407,
            0.1282317638065496,
            0.00022268222471757436,
            0.00048545699824140387,
            -0.021793697265762954,
            -0.0018930606435184406,
            -0.00034145136198877543,
            -0.0024050204584005405,
            0.49123134929327655,
            -0.4931824153852855,
            0.4607120085025247,
            -0.21540091898756175,
            0.2576778013472124,
            0.17532772066440291,
            0.5791728812780818,
            0.4280020633431792,
            0.9798078399710399,
            0.9826269871902777,
            0.979582320311519,
            0.9616244861200215,
            0.9532775831607946,
            0.9801918545804128,
            0.9788240031533639,
            0.9765492613076213,
            0.9840372373753513,
            0.978992155925511,
            0.9804205672938583,
            0.9772995788597503,
            0.9802898228989957,
            0.9709497960983758,
            0.9760401175021616,
            0.9620308893299607,
            0.9775741910522984,
            0.9758246136269885,
            0.9520352156129777,
            0.9812740121946499,
            0.9723895044630784,
            0.9769377138474117,
            0.9816524493996663,
            0.9784953056801152,
            0.9855267474383034,
            0.9809700173635897,
            0.9784437702834595,
            0.9815421091824925,
            0.9806634996086322,
            0.9644944391639568,
            0.9592173860171663,
            0.9845409892040551,
            0.982396251403601,
            0.9821325234074165,
            0.030090006602467058,
            -0.020395335908312336,
            0.07264738619095759,
            0.04474811679055686,
            -0.03398358581074616,
            0.04686143986394027,
            0.001876339383604917,
            0.02912001166276225,
            0.34768273770858366,
            -0.0020310878316432543,
            -0.0036862080668199986,
            -0.008533384795356024,
            -0.06138433350822197,
            -0.043227762917923906,
            -0.048914180341684745,
            0.11032769256357886,
            0.17004983196934495,
            0.2776390255810274,
            0.0
        ],
        "var": [
            6077913.015582625,
            4560467.461168791,
            505114.46335985506,
            752061.3642544183,
            889698.3559216172,
            463455.25853379135,
            5905647.621241215,
            5512414.524242847,
            2422312.8352295146,
            6214363.231306601,
            6414487.37447353,
            7434329.043790696,
            10577853.660478968,
            10374709.235933099,
            2660181.832351165,
            4450870.094745729,
            4468022.387633911,
            177652.5487759202,
            150488.59076743605,
            169920.51053312226,
            402802.74137879873,
            474426.21889317,
            167582.85198101675,
            175369.92870508664,
            210704.19286639066,
            137759.00009502078,
            168409.0840089036,
            161983.60773924337,
            181721.98755727807,
            162703.9457540302,
            290047.79307198845,
            192881.90554366598,
            389612.43046291504,
            184942.6981576914,
            198993.11234234658,
            480696.16858499544,
            156541.1711504282,
            272483.3567321394,
            183572.70052878684,
            152946.7264654697,
            174385.98627928327,
            131980.10207962897,
            153114.9707220748,
            195646.08267099396,
            154951.68700194964,
            159950.05864436238,
            382088.06330440677,
            424563.55806687905,
            133313.20915352684,
            148554.19082939177,
            162651.12510162423,
            5941562.683036745,
            4774120.667782533,
            318777.27492811973,
            7635233.498185713,
            8244320.691121731,
            2409524.736448562,
            4167243.788363433,
            3927414.6255863155,
            8119710.126711906,
            1425566.630076054,
            1865653.908768564,
            238417.36711396358,
            4757699.243671466,
            5035925.015941006,
            2025434.9018760761,
            958484.7018506808,
            2505614.358803944,
            3783999.820614563,
            0.0
        ],
        "shape": [
            70
        ],
        "count": 18467745
    },
    "wandb_run_id": "9prg5n79",
    "wandb_project": "rlgym-ppo",
    "wandb_entity": "gashfraude-epsi",
    "wandb_group": "unnamed-runs",
    "wandb_config": {
        "n_proc": 6,
        "min_inference_size": 5,
        "timestep_limit": 1e+16,
        "exp_buffer_size": 150000,
        "ts_per_iteration": 50000,
        "standardize_returns": true,
        "standardize_obs": true,
        "policy_layer_sizes": [
            512,
            512,
            256
        ],
        "critic_layer_sizes": [
            512,
            512,
            256
        ],
        "ppo_epochs": 2,
        "ppo_batch_size": 50000,
        "ppo_minibatch_size": 50000,
        "ppo_ent_coef": 0.01,
        "ppo_clip_range": 0.2,
        "gae_lambda": 0.95,
        "gae_gamma": 0.99,
        "policy_lr": 0.0002,
        "critic_lr": 0.0002,
        "shm_buffer_size": 8192
    }
}