{"Value Function Update Magnitude":0.16263224184513092,"Policy Reward":113.6203816409426,"y_vel":1.4786430059619322,"z_vel":-32.3302385675328,"_wandb":{"runtime":310},"_step":31,"Timesteps Collected":50006,"Overall Steps per Second":2339.665613092513,"_runtime":310,"Cumulative Model Updates":90,"Collected Steps per Second":2919.933787588669,"x_vel":34.12207974575793,"Value Function Loss":0.4082517276207606,"Policy Entropy":0.6864117284615835,"Timestep Collection Time":17.125730799976736,"PPO Batch Consumption Time":0.4529943863550822,"_timestamp":1.762808116696148e+09,"Cumulative Timesteps":800042,"SB3 Clip Fraction":0.006400000032347937,"Mean KL Divergence":0.0016824475605972111,"Timestep Consumption Time":4.247408900060691,"Total Iteration Time":21.373139700037427,"Policy Update Magnitude":0.047126103192567825}