{
    "cumulative_timesteps": 2000138,
    "cumulative_model_updates": 222,
    "policy_average_reward": 81.90394346372977,
    "epoch": 37,
    "ts_since_last_save": 100006,
    "reward_running_stats": {
        "mean": [
            15.338312197297832
        ],
        "var": [
            3251757.7680254327
        ],
        "shape": [
            1
        ],
        "count": 6000
    },
    "obs_running_stats": {
        "mean": [
            0.0070575134000632105,
            -0.002546065197357704,
            0.1579871261052611,
            0.00030209739266404866,
            -0.0013510878493557333,
            -0.03323447089310358,
            0.0017624891975588858,
            0.0009676490400732923,
            -0.0001867465923511645,
            0.07796053295634786,
            0.034251557841591986,
            0.04279736035871559,
            0.05649354636492379,
            -0.07790721401647155,
            0.5004000544702717,
            0.5413192065753405,
            0.44720562376909395,
            0.9949017076030668,
            0.9957702613045478,
            0.9929635882904237,
            0.9898722240255379,
            0.9798194165357107,
            0.9948857228747533,
            0.9950595891231504,
            0.9955874310454286,
            0.9960849856355471,
            0.9926030737785432,
            0.9958416757158155,
            0.9930528754078968,
            0.9955927589344014,
            0.994725783808428,
            0.9928948577684119,
            0.9905194985691642,
            0.9952526289430049,
            0.9938919177256549,
            0.9793164102333499,
            0.9954531054509279,
            0.9933280955349968,
            0.9920649714448516,
            0.9954141631626617,
            0.9931037056303083,
            0.9968938242615699,
            0.991612267611831,
            0.994122850603345,
            0.9944530121476766,
            0.9924673998350473,
            0.9887810520397018,
            0.9780124469660028,
            0.9958537636298043,
            0.9933290291033035,
            0.9937379267984775,
            0.14927431133315824,
            0.009203513322382298,
            0.10697474505833632,
            0.09610626705925017,
            0.0011956294599403464,
            0.05876467943433494,
            -0.016950664389992813,
            -0.008941313330662254,
            0.3673015631892651,
            0.017360353557071093,
            0.0010437257015133512,
            -0.013124004168448262,
            0.0062458103985418715,
            -0.0034498257942298578,
            0.011715405247032771,
            0.11218116343630453,
            0.10568743305559612,
            0.21051931992596865,
            0.0
        ],
        "var": [
            88014.89321282713,
            63778.67087687215,
            10448.536970639503,
            11471.094485529557,
            11914.082395672312,
            10209.532750277885,
            80846.6292125333,
            80344.0543086772,
            35197.01690155827,
            73338.31605774272,
            61573.12504262993,
            68847.35205559181,
            68071.20640323522,
            68014.17694106432,
            71435.41307066113,
            70946.58860335175,
            70637.83262093844,
            1421.6205369130387,
            1176.287273448325,
            1939.1736665744265,
            2885.664192022021,
            5635.7632219809275,
            1438.1820430194969,
            1371.8907751989868,
            1279.7088393648987,
            1088.5136086232822,
            2049.13766230881,
            1241.1723332792753,
            1910.5171556264113,
            1280.697462830197,
            1524.2553140578555,
            1989.1140484628108,
            2663.1562415946614,
            1352.3222415888347,
            1697.1272816699102,
            5791.8905862181955,
            1326.979289834056,
            1864.5902635467937,
            2207.2970712352803,
            1317.313818327929,
            1923.3336035238356,
            871.9234829008241,
            2351.1843810193236,
            1653.8405409590173,
            1579.0190313737573,
            2078.8204882828504,
            3155.582539122102,
            6146.75910875331,
            1189.2829462375673,
            1861.2715839118184,
            1743.6684644188229,
            91828.0166505429,
            78579.94825541305,
            7187.709368255791,
            111108.07395127398,
            119556.72675298621,
            51446.94659846474,
            68371.69776689174,
            65232.48256325384,
            113476.8095174127,
            19141.702069404368,
            20738.000022305725,
            5871.212023431754,
            52185.51400623763,
            53978.41455874755,
            18760.66418214198,
            14632.150320252164,
            27002.719241737195,
            47484.7100285226,
            0.0
        ],
        "shape": [
            70
        ],
        "count": 285741
    },
    "wandb_run_id": "y20wl1cc",
    "wandb_project": "rlgym-ppo",
    "wandb_entity": "gashfraude-epsi",
    "wandb_group": "unnamed-runs",
    "wandb_config": {
        "n_proc": 8,
        "min_inference_size": 7,
        "timestep_limit": 200000000,
        "exp_buffer_size": 150000,
        "ts_per_iteration": 50000,
        "standardize_returns": true,
        "standardize_obs": true,
        "policy_layer_sizes": [
            256,
            256,
            256
        ],
        "critic_layer_sizes": [
            256,
            256,
            256
        ],
        "ppo_epochs": 2,
        "ppo_batch_size": 50000,
        "ppo_minibatch_size": 50000,
        "ppo_ent_coef": 0.01,
        "ppo_clip_range": 0.2,
        "gae_lambda": 0.95,
        "gae_gamma": 0.99,
        "policy_lr": 0.0001,
        "critic_lr": 0.0001,
        "shm_buffer_size": 8192
    }
}