{"z_vel":-28.914295790769525,"PPO Batch Consumption Time":0.7274016539255778,"Total Iteration Time":24.10804649995407,"_runtime":972,"y_vel":19.272228592600715,"Policy Reward":88.68731965728259,"_timestamp":1.7628092815743773e+09,"Cumulative Timesteps":2200145,"Timesteps Collected":50005,"Collected Steps per Second":2730.6859817381146,"Value Function Update Magnitude":0.09482031315565109,"Mean KL Divergence":0.002560909565848609,"Timestep Consumption Time":5.795798099949025,"SB3 Clip Fraction":0.011863333328316608,"_step":91,"_wandb":{"runtime":972},"Policy Entropy":0.7736623088518778,"Timestep Collection Time":18.312248400005046,"Cumulative Model Updates":238,"x_vel":19.546721559633717,"Value Function Loss":0.4356030176083247,"Overall Steps per Second":2074.203731110908,"Policy Update Magnitude":0.08031362295150757}