{
    "cumulative_timesteps": 152984887,
    "cumulative_model_updates": 18306,
    "policy_average_reward": 17.509373086851703,
    "epoch": 3051,
    "ts_since_last_save": 100037,
    "reward_running_stats": {
        "mean": [
            58.706257102661844
        ],
        "var": [
            3430802242.376697
        ],
        "shape": [
            1
        ],
        "count": 458850
    },
    "obs_running_stats": {
        "mean": [
            0.0035402562808328594,
            0.003345517713339517,
            0.1313266633521863,
            0.00010678395817699468,
            0.0005932715360089761,
            -0.022965586248500838,
            -0.0021475182879445638,
            -0.0005118890372854893,
            -0.0017856402364535562,
            0.5088909693289378,
            -0.5107614424956739,
            0.43805147006097556,
            -0.20706236330516234,
            0.26213743800532735,
            0.1782972378322125,
            0.5802682318057952,
            0.38608603845800266,
            0.9818717036737671,
            0.9842605540698312,
            0.9815794664897994,
            0.9653070377359279,
            0.9576713213191399,
            0.981900112929248,
            0.980619438059352,
            0.97854438057144,
            0.9856704447375135,
            0.9811271209522543,
            0.9819556521124281,
            0.97915077186453,
            0.9818144232804982,
            0.9734727463172684,
            0.9779416925638846,
            0.9655865781048324,
            0.9792540649047737,
            0.9776306939380293,
            0.9562096536213923,
            0.9827037744310482,
            0.9747606522877845,
            0.9788069221467204,
            0.9831408317597864,
            0.9802870058575314,
            0.9869745815610219,
            0.9828626352503357,
            0.9803815040847476,
            0.983150544189095,
            0.9823876090142792,
            0.9677066988923367,
            0.9629978753832895,
            0.9859896012135806,
            0.984176858309465,
            0.9840672969772074,
            0.03032902883491684,
            -0.020218371583536208,
            0.07374930653919887,
            0.043544991655911275,
            -0.02435668496872595,
            0.043705548266891665,
            0.001966284312577184,
            0.027380954604029617,
            0.34723160066564107,
            -0.0018830233292422179,
            -0.003422057601063348,
            -0.009123067414272898,
            -0.05696860328221509,
            -0.043646523188195015,
            -0.04928560570115074,
            0.11069365375500613,
            0.16692460631650885,
            0.27614164229980065,
            0.0
        ],
        "var": [
            7195761.773865095,
            5377323.650983145,
            620314.4920242111,
            892077.1198096572,
            1036385.8022966969,
            572942.9185553854,
            6940757.881593235,
            6530640.173366004,
            2870053.3762135594,
            7297402.134747237,
            7494103.835362681,
            9418462.99156166,
            12760577.739990663,
            12360754.114704177,
            3191884.8688860675,
            5272631.108969529,
            5126965.104989159,
            201289.96308793884,
            173793.41549418398,
            195715.62679988233,
            453200.1245084787,
            537818.0642891384,
            197430.08226671658,
            207931.41958139994,
            246629.48878646566,
            156353.14356013064,
            193274.01440486024,
            194718.3446186606,
            218172.4342572071,
            196093.7238996934,
            333514.7395483772,
            232448.83706905384,
            441255.01554659783,
            224072.1883758901,
            241266.6472691797,
            552510.4425318579,
            188660.99407190687,
            314341.8822441902,
            220845.03084245,
            182570.69509360378,
            208117.535346169,
            149522.68343210968,
            176480.3094161756,
            226482.84430445527,
            182407.81052736656,
            187892.81691992193,
            432639.69932156213,
            480874.5985052206,
            154140.70654591834,
            169518.32414298662,
            181235.98150387005,
            6956033.904372045,
            5518037.156342968,
            393991.89345590596,
            9035399.336080194,
            9721688.759381622,
            2921941.756614557,
            4943326.162543168,
            4672559.214701102,
            9582370.588784883,
            1690758.625437883,
            2169970.7090678504,
            288465.79731819447,
            5641243.445147982,
            5952013.517479964,
            2453714.3334245747,
            1134498.6268551047,
            2938379.644094,
            4448727.30440386,
            0.0
        ],
        "shape": [
            70
        ],
        "count": 21854986
    },
    "wandb_run_id": "9prg5n79",
    "wandb_project": "rlgym-ppo",
    "wandb_entity": "gashfraude-epsi",
    "wandb_group": "unnamed-runs",
    "wandb_config": {
        "n_proc": 6,
        "min_inference_size": 5,
        "timestep_limit": 1e+16,
        "exp_buffer_size": 150000,
        "ts_per_iteration": 50000,
        "standardize_returns": true,
        "standardize_obs": true,
        "policy_layer_sizes": [
            512,
            512,
            256
        ],
        "critic_layer_sizes": [
            512,
            512,
            256
        ],
        "ppo_epochs": 2,
        "ppo_batch_size": 50000,
        "ppo_minibatch_size": 50000,
        "ppo_ent_coef": 0.01,
        "ppo_clip_range": 0.2,
        "gae_lambda": 0.95,
        "gae_gamma": 0.99,
        "policy_lr": 0.0002,
        "critic_lr": 0.0002,
        "shm_buffer_size": 8192
    }
}