{
    "cumulative_timesteps": 1800124,
    "cumulative_model_updates": 198,
    "policy_average_reward": 128.69142990519504,
    "epoch": 33,
    "ts_since_last_save": 100006,
    "reward_running_stats": {
        "mean": [
            14.453052012183804
        ],
        "var": [
            2925732.472988733
        ],
        "shape": [
            1
        ],
        "count": 5400
    },
    "obs_running_stats": {
        "mean": [
            0.008927947273617681,
            -0.002483805784307852,
            0.15847891435187172,
            0.0005457610671989587,
            -0.0008955521734374354,
            -0.033162263769666626,
            0.0006681785488694923,
            0.0012602175425123548,
            0.0010067313994200644,
            0.07660151721741323,
            0.02951989548635819,
            0.04099369826598237,
            0.05373107439989893,
            -0.07511932486860852,
            0.49951709374568654,
            0.5406041630608973,
            0.4470228883119392,
            0.9947785448897427,
            0.995611391135072,
            0.9931422598522852,
            0.9898862967604074,
            0.9793659393872115,
            0.9949202130123236,
            0.994926748489844,
            0.9954354668323829,
            0.9961827283351196,
            0.9927922404986375,
            0.995651855054731,
            0.9930003797981306,
            0.9958535686036973,
            0.9946919530859483,
            0.9931242205624548,
            0.9904616128004029,
            0.9950479120528282,
            0.9937848817226289,
            0.9793708796447824,
            0.9953989835619093,
            0.9931428612668272,
            0.9920232571922808,
            0.9958262240879926,
            0.992979087407878,
            0.9967625763638006,
            0.9917185690275215,
            0.9937731656125581,
            0.9944083173026604,
            0.992505394513575,
            0.9885766759117647,
            0.9780503585536015,
            0.9957119481169735,
            0.9935599689891724,
            0.994162061148052,
            0.1480739335511441,
            0.007920207053293155,
            0.10744812462697152,
            0.09663550396295227,
            0.002770300092634144,
            0.05829326312284802,
            -0.017025808775568415,
            -0.009130118021254132,
            0.3693327052176507,
            0.016986427351806638,
            -2.710163666977393e-05,
            -0.013148152354257286,
            0.005766579437241492,
            -0.0025454083309022547,
            0.011954098429730293,
            0.11215192417502846,
            0.10558558144379968,
            0.21039943148045698,
            0.0
        ],
        "var": [
            79070.24347167803,
            57860.38263565363,
            9458.414918345057,
            10274.953799066594,
            10830.715527780836,
            9238.562501828415,
            72478.21856841378,
            72152.42887248266,
            31567.249725160968,
            65376.71723414798,
            55003.14410245718,
            61122.72378800864,
            60668.931650359234,
            60520.51016572384,
            64292.148830493425,
            63867.18521046139,
            63569.25201066902,
            1308.0363604426507,
            1096.4463501193861,
            1694.226763882026,
            2595.6682324518697,
            5182.639950119006,
            1284.0198124638212,
            1265.2460849184185,
            1192.9143493889794,
            952.1459176562247,
            1791.411503522655,
            1171.2511578061387,
            1726.7078774664983,
            1088.8261693921218,
            1382.958071797491,
            1729.381162003166,
            2409.441258024876,
            1269.4555626287788,
            1550.8540909590527,
            5199.693126404523,
            1211.4426907319657,
            1722.2176969872562,
            1992.9254663291201,
            1081.8429520340394,
            1759.2464871587008,
            816.9850505854505,
            2086.6502977159553,
            1575.7389931586229,
            1432.7701673179602,
            1855.588553226229,
            2889.988818683933,
            5523.001168848391,
            1107.4665506019135,
            1613.321802322527,
            1458.108707572953,
            82406.93569012161,
            70336.2191362507,
            6493.304359596826,
            99818.8790063685,
            107784.17966581087,
            46284.6647635556,
            61639.11048822091,
            58464.83758152344,
            101883.02058833197,
            17257.15532305704,
            18623.893250140336,
            5294.715434818453,
            46568.653312624425,
            48496.43774933931,
            16671.132274478834,
            13149.52075425026,
            24281.40876335163,
            42717.99676092435,
            0.0
        ],
        "shape": [
            70
        ],
        "count": 257168
    },
    "wandb_run_id": "y20wl1cc",
    "wandb_project": "rlgym-ppo",
    "wandb_entity": "gashfraude-epsi",
    "wandb_group": "unnamed-runs",
    "wandb_config": {
        "n_proc": 8,
        "min_inference_size": 7,
        "timestep_limit": 200000000,
        "exp_buffer_size": 150000,
        "ts_per_iteration": 50000,
        "standardize_returns": true,
        "standardize_obs": true,
        "policy_layer_sizes": [
            256,
            256,
            256
        ],
        "critic_layer_sizes": [
            256,
            256,
            256
        ],
        "ppo_epochs": 2,
        "ppo_batch_size": 50000,
        "ppo_minibatch_size": 50000,
        "ppo_ent_coef": 0.01,
        "ppo_clip_range": 0.2,
        "gae_lambda": 0.95,
        "gae_gamma": 0.99,
        "policy_lr": 0.0001,
        "critic_lr": 0.0001,
        "shm_buffer_size": 8192
    }
}