{
    "cumulative_timesteps": 389590518,
    "cumulative_model_updates": 46668,
    "policy_average_reward": 137.65239187738317,
    "epoch": 7778,
    "ts_since_last_save": 250157,
    "reward_running_stats": {
        "mean": [
            29.207029838197567
        ],
        "var": [
            4490070513.821152
        ],
        "shape": [
            1
        ],
        "count": 1168350
    },
    "obs_running_stats": {
        "mean": [
            -0.014566719712047127,
            0.11386489101114192,
            0.1315523447945113,
            0.0007231925928105013,
            0.023470295970718588,
            -0.022746786934654317,
            -0.05037722123296741,
            0.005203644571296768,
            0.0073013312171341235,
            0.5660600378045944,
            -0.5243310075712339,
            0.41677683583268366,
            -0.23718712234491823,
            0.19903860126212897,
            0.1416177838219402,
            0.5238051437662006,
            0.25168928453445155,
            0.9885206253937239,
            0.9900288115494755,
            0.988291685339907,
            0.9775980503631795,
            0.9718429892023869,
            0.9876324318002718,
            0.9868350281275475,
            0.985547770281652,
            0.9911233992069524,
            0.9883987001645973,
            0.9875097277306362,
            0.9857271347866066,
            0.9870755311423957,
            0.9824120948089022,
            0.9848454221887796,
            0.9735853744285864,
            0.9849557769090788,
            0.9840732856219397,
            0.9683475087309684,
            0.9868923472712487,
            0.9830132751525027,
            0.9851197616675534,
            0.9865131033830876,
            0.9858861546839679,
            0.9895327451532374,
            0.9882676022263934,
            0.9858655504923783,
            0.9861272902450867,
            0.986791678665974,
            0.9659487962780108,
            0.9690430067480394,
            0.9849656240737628,
            0.9868264282993393,
            0.9886670730663721,
            0.011647283546255473,
            0.05581483118846938,
            0.07045890147996409,
            0.07077056531583545,
            0.06496524335149961,
            0.03073845698846885,
            -0.01021516969685959,
            0.028128872835202472,
            0.4074889491535317,
            -0.0006964607237748604,
            0.014909719712250743,
            -0.009565337423509408,
            -0.026709324961753347,
            -0.06605138423733006,
            -0.05587242479273711,
            0.11644192741714793,
            0.23143241582057175,
            0.37925040191646203,
            0.0
        ],
        "var": [
            17823370.67592217,
            14759274.313680034,
            1568891.5351617178,
            2227649.8481385023,
            2935643.8916670517,
            1473888.2585676962,
            18874312.537116446,
            16477415.190442828,
            7600356.245576513,
            17293824.00179052,
            19513356.576714385,
            26059476.352924462,
            32754900.37683021,
            33746835.89256734,
            6755608.72004778,
            13832104.250073954,
            10429128.474333866,
            443838.17951845465,
            384643.0000239874,
            444556.820926245,
            940158.1107096814,
            1174859.1443233853,
            488830.9765092191,
            515639.22155225556,
            580503.6370665928,
            337317.417696889,
            426780.72334707074,
            493948.607733644,
            555042.6834528572,
            515900.65133583464,
            730793.737121467,
            591656.8170434276,
            1146326.666803841,
            604777.9396247374,
            635617.9125551343,
            1343266.007870368,
            537144.8665341614,
            706008.6349642043,
            583334.7342740335,
            560825.9849748338,
            560213.7612238339,
            445025.7947775859,
            453676.91170830274,
            581677.4470078872,
            581753.4596701716,
            535163.4577219206,
            1580276.3064907547,
            1371715.5950054964,
            676403.6344958687,
            552702.524327303,
            462169.7277647114,
            16941512.741026867,
            14263753.661517445,
            1006047.1638425816,
            22821319.845605265,
            25237891.566135287,
            6950544.206435735,
            11678411.348810876,
            11066612.759726532,
            23614221.56753287,
            4150894.815347998,
            5916404.38622057,
            691860.3385799428,
            12887402.414475253,
            13636140.92433384,
            6112375.1006705165,
            3102835.8586384323,
            9798784.417683218,
            13182650.373390887,
            0.0
        ],
        "shape": [
            70
        ],
        "count": 55655790
    },
    "wandb_run_id": "9prg5n79",
    "wandb_project": "rlgym-ppo",
    "wandb_entity": "gashfraude-epsi",
    "wandb_group": "unnamed-runs",
    "wandb_config": {
        "n_proc": 6,
        "min_inference_size": 5,
        "timestep_limit": 1e+16,
        "exp_buffer_size": 150000,
        "ts_per_iteration": 50000,
        "standardize_returns": true,
        "standardize_obs": true,
        "policy_layer_sizes": [
            512,
            512,
            256
        ],
        "critic_layer_sizes": [
            512,
            512,
            256
        ],
        "ppo_epochs": 2,
        "ppo_batch_size": 50000,
        "ppo_minibatch_size": 50000,
        "ppo_ent_coef": 0.01,
        "ppo_clip_range": 0.2,
        "gae_lambda": 0.95,
        "gae_gamma": 0.99,
        "policy_lr": 0.0002,
        "critic_lr": 0.0002,
        "shm_buffer_size": 8192
    }
}