{
    "cumulative_timesteps": 13400609,
    "cumulative_model_updates": 1558,
    "policy_average_reward": 259.119325468341,
    "epoch": 260,
    "ts_since_last_save": 100003,
    "reward_running_stats": {
        "mean": [
            30.01015249834738
        ],
        "var": [
            52530475.66875983
        ],
        "shape": [
            1
        ],
        "count": 40200
    },
    "obs_running_stats": {
        "mean": [
            0.0014450812801217886,
            0.0005127601110269921,
            0.15701005966813672,
            -0.0002569511152978961,
            -0.0006083675629077122,
            -0.03275558444747397,
            0.0015748331434531954,
            -0.0008470862093790915,
            0.000991365813038978,
            0.17476094433803915,
            0.058705209918668774,
            0.05714610208060572,
            0.09474972005590995,
            -0.10292249939128612,
            0.5163668451743905,
            0.5185212167749824,
            0.5469168205329409,
            0.9942499355311368,
            0.995101482223942,
            0.9935866387245991,
            0.989174587432489,
            0.9813895486105079,
            0.9943264264771553,
            0.9936748728466541,
            0.9937980597000924,
            0.9957512652317319,
            0.9921140898081042,
            0.99473604011157,
            0.9924815862664517,
            0.9942762948628419,
            0.9930415692370084,
            0.9916885595436912,
            0.9887854022695994,
            0.9934456386839657,
            0.992266241426262,
            0.9782628240814133,
            0.9940261326816276,
            0.9926673603716786,
            0.9919784018537593,
            0.994263218998263,
            0.9921976945766605,
            0.9955773801285547,
            0.9924049865620129,
            0.9934180453767851,
            0.9939734953690456,
            0.9927786571277699,
            0.9877684941842335,
            0.9807327682104693,
            0.9949969364829442,
            0.9932368755501265,
            0.9935841628588887,
            0.10143691180276607,
            0.006723027015288477,
            0.1129101827501002,
            0.09691735879240651,
            -0.004888082402411872,
            0.055220776082033574,
            -0.07823290908412814,
            -0.0005522072998938345,
            0.3843520308828405,
            0.003752539946800031,
            0.0031066197989360997,
            -0.011912607029617509,
            -0.01994468294693447,
            -0.04123632577207864,
            0.008845000051234488,
            0.11588546514302166,
            0.0956772008902846,
            0.19777661400809027,
            0.0
        ],
        "var": [
            593281.979058693,
            429400.1295470021,
            69390.44305449817,
            79273.60569527149,
            81229.00963317009,
            67654.70250225197,
            545652.9544384133,
            544371.3781039503,
            238955.33027326397,
            409873.8916729656,
            393758.09959928243,
            366761.17020005226,
            385779.2806856432,
            388510.7218086332,
            478081.6477028329,
            477936.72837705864,
            474379.35935286805,
            10916.752175373542,
            9304.4629888081,
            12141.58038615354,
            20520.628180872183,
            34950.090574196794,
            10784.033119270207,
            11999.276116612275,
            11823.637716701909,
            8073.335407842258,
            14928.721371275087,
            10082.0672734724,
            14224.094624326857,
            10921.53110840958,
            13253.510200933151,
            15752.293880105717,
            21208.07277685955,
            12467.521168289011,
            14653.287053833526,
            40712.58134259791,
            11401.568225010371,
            13905.378362481923,
            15191.106088411547,
            10932.319519437327,
            14786.383567653795,
            8416.236021421324,
            14403.858057443404,
            12501.775405115797,
            11470.283222302387,
            13667.202915978707,
            23115.13783628956,
            36176.23436729343,
            9539.277108410595,
            12827.424266531869,
            12169.071950704338,
            608698.1264367988,
            494909.98050145037,
            47910.02032721924,
            753736.6825033374,
            809283.4142276598,
            327489.0249525586,
            461518.8696950095,
            415384.38093219016,
            742946.6374942719,
            159028.0128238278,
            178996.01662027655,
            42611.54118840117,
            333926.14552163304,
            349177.3526770591,
            122171.22032572654,
            100147.745504797,
            165632.9488935819,
            303731.3053928958,
            0.0
        ],
        "shape": [
            70
        ],
        "count": 1914377
    },
    "wandb_run_id": "y20wl1cc",
    "wandb_project": "rlgym-ppo",
    "wandb_entity": "gashfraude-epsi",
    "wandb_group": "unnamed-runs",
    "wandb_config": {
        "n_proc": 8,
        "min_inference_size": 7,
        "timestep_limit": 200000000,
        "exp_buffer_size": 150000,
        "ts_per_iteration": 50000,
        "standardize_returns": true,
        "standardize_obs": true,
        "policy_layer_sizes": [
            256,
            256,
            256
        ],
        "critic_layer_sizes": [
            256,
            256,
            256
        ],
        "ppo_epochs": 2,
        "ppo_batch_size": 50000,
        "ppo_minibatch_size": 50000,
        "ppo_ent_coef": 0.01,
        "ppo_clip_range": 0.2,
        "gae_lambda": 0.95,
        "gae_gamma": 0.99,
        "policy_lr": 0.0001,
        "critic_lr": 0.0001,
        "shm_buffer_size": 8192
    }
}