{
    "cumulative_timesteps": 85854622,
    "cumulative_model_updates": 10266,
    "policy_average_reward": 836.6473491179213,
    "epoch": 1711,
    "ts_since_last_save": 100006,
    "reward_running_stats": {
        "mean": [
            54.83456955367789
        ],
        "var": [
            1331250331.4031477
        ],
        "shape": [
            1
        ],
        "count": 257550
    },
    "obs_running_stats": {
        "mean": [
            0.0005484584980241274,
            -0.00354928860739089,
            0.1462250876734167,
            5.513829706086863e-05,
            0.00012412195045266938,
            -0.028996586598034047,
            -0.002053299716373481,
            0.0001996863446982802,
            0.0007298438485643542,
            0.4971199628592903,
            -0.46445342200047807,
            0.4777886447747769,
            -0.2083574288023578,
            0.20178509316638357,
            0.19155078726066774,
            0.6065653499544285,
            0.5878405173388243,
            0.9758839875800515,
            0.9788890789149909,
            0.9746996500369907,
            0.9591317334804659,
            0.9477256138637209,
            0.9746803856638471,
            0.9727093109082469,
            0.9713948861726753,
            0.9809013286848658,
            0.9739133438412738,
            0.9745980215277157,
            0.9700438551345204,
            0.9741855816436417,
            0.9679037590899845,
            0.9682492768457228,
            0.9593302137879115,
            0.970123061982173,
            0.9677472877537527,
            0.9455916688246088,
            0.9756713405282641,
            0.9689941971304037,
            0.9695450490839278,
            0.976478590668546,
            0.9720092426798175,
            0.98371665975699,
            0.9769486308761925,
            0.9742584373104924,
            0.9769459603249926,
            0.9755861554402883,
            0.9642725262371411,
            0.9569399012201901,
            0.9817813291087273,
            0.9789217598767179,
            0.9798936790112677,
            0.03783923980860729,
            -0.034421963735158274,
            0.08328657839403383,
            0.05699829810059004,
            -0.058690366852102716,
            0.03529759361551506,
            3.671187993955984e-05,
            0.03670268215322401,
            0.3303404172125781,
            -0.0029123563335297265,
            -0.005381580269512768,
            -0.01219351509372744,
            -0.07640432017177355,
            -0.0508531251585822,
            -0.03230474714662556,
            0.1167327440625021,
            0.15419509156562658,
            0.2772724718609807,
            0.0
        ],
        "var": [
            3877335.5752365976,
            2838467.5294647184,
            406727.0879388636,
            483691.7922963909,
            506601.785156038,
            380526.01198148215,
            3591257.242322266,
            3526705.8958828403,
            1542257.3811104558,
            4170438.309882742,
            4521350.534762765,
            4650541.737961906,
            6845701.998527851,
            7050762.105755506,
            1889307.9184973815,
            2876650.4015505887,
            2918418.877838992,
            100927.2049583766,
            88680.42268155681,
            103007.48603092314,
            202052.71694719268,
            259510.67506835805,
            111698.05617949466,
            118162.57770885491,
            128582.4661939195,
            77439.00878203675,
            100196.97994948142,
            111115.20782362386,
            128417.38015109752,
            114315.33181213328,
            150165.02170078992,
            138055.39578770858,
            193558.90506644367,
            135567.36044423914,
            146141.11385791044,
            268389.9244188188,
            108320.69593708326,
            145152.01849317565,
            129639.33269039153,
            102028.9065496566,
            119479.05678519838,
            65022.61718589141,
            84568.71210175638,
            113724.4097035775,
            96605.84963850345,
            101877.80430340536,
            172201.70757512937,
            207505.1841859689,
            71613.66810198316,
            82249.9753537711,
            80219.61300964496,
            3793552.2392676896,
            2916312.852770653,
            267347.09295536217,
            5021668.716998909,
            5318870.759112703,
            1747231.364345007,
            2847826.835989031,
            2684803.5522423056,
            5372177.068596652,
            981824.2991104793,
            1195894.0939356217,
            186862.68412953132,
            3117355.705686927,
            3264009.225076545,
            1420367.3674339622,
            632518.8817404549,
            1498790.1557257993,
            2537993.3531412957,
            0.0
        ],
        "shape": [
            70
        ],
        "count": 12264949
    },
    "wandb_run_id": "9prg5n79",
    "wandb_project": "rlgym-ppo",
    "wandb_entity": "gashfraude-epsi",
    "wandb_group": "unnamed-runs",
    "wandb_config": {
        "n_proc": 6,
        "min_inference_size": 5,
        "timestep_limit": 1e+16,
        "exp_buffer_size": 150000,
        "ts_per_iteration": 50000,
        "standardize_returns": true,
        "standardize_obs": true,
        "policy_layer_sizes": [
            512,
            512,
            256
        ],
        "critic_layer_sizes": [
            512,
            512,
            256
        ],
        "ppo_epochs": 2,
        "ppo_batch_size": 50000,
        "ppo_minibatch_size": 50000,
        "ppo_ent_coef": 0.01,
        "ppo_clip_range": 0.2,
        "gae_lambda": 0.95,
        "gae_gamma": 0.99,
        "policy_lr": 0.0002,
        "critic_lr": 0.0002,
        "shm_buffer_size": 8192
    }
}