{
    "cumulative_timesteps": 17350780,
    "cumulative_model_updates": 2026,
    "policy_average_reward": 260.3443538314746,
    "epoch": 338,
    "ts_since_last_save": 100006,
    "reward_running_stats": {
        "mean": [
            33.537694313211006
        ],
        "var": [
            74212636.42969543
        ],
        "shape": [
            1
        ],
        "count": 52050
    },
    "obs_running_stats": {
        "mean": [
            0.0011063131927285016,
            0.0008024538766256167,
            0.15662233073706577,
            -0.0005620563379933211,
            -0.0004929762193945044,
            -0.032565602973744764,
            0.0010359861536375077,
            -0.0013051181189412022,
            0.00039888646350522903,
            0.19382362552898488,
            0.05226615201288051,
            0.0581920334437532,
            0.08526904681804164,
            -0.09878810757582002,
            0.5136583705900454,
            0.5013100051422666,
            0.5615019337428708,
            0.9941719963046252,
            0.9949753176624104,
            0.9937533066639469,
            0.9882926192205284,
            0.9819116176475691,
            0.9941411059489295,
            0.9934422198114433,
            0.9934389221282777,
            0.9954101971288312,
            0.9924397018841795,
            0.9942480799345682,
            0.9923164618963884,
            0.993769953326383,
            0.9923584270824106,
            0.991672107541505,
            0.98792466332594,
            0.9927923429780426,
            0.9918532119287484,
            0.9791312212908294,
            0.9934165787052632,
            0.992101687485313,
            0.9916619680772876,
            0.9938344906923283,
            0.9921290740136541,
            0.9952351521080968,
            0.9927962964891951,
            0.9930034128785616,
            0.9937765405315739,
            0.9927581094564861,
            0.9873869810823068,
            0.9816964531241358,
            0.9947561935127819,
            0.9934113599322347,
            0.9936259247606811,
            0.08096445680464433,
            0.004458703474971303,
            0.1140086499983336,
            0.1058300830871808,
            -0.009058407942913814,
            0.054037255474904,
            -0.08735934610334489,
            0.0022589351316891003,
            0.4029888181164518,
            0.0006770863734063909,
            0.0024305574779952036,
            -0.011560316091393125,
            -0.024708873577401296,
            -0.05080172889302622,
            0.008917994065779679,
            0.12242225713981443,
            0.09455825901656806,
            0.19610309696143188,
            0.0
        ],
        "var": [
            769306.5899319998,
            556984.3862804157,
            89529.00108055201,
            102601.16016744154,
            105197.84838918963,
            87196.87868509063,
            708091.26787742,
            706444.7184908291,
            309076.3362695235,
            483874.09579056234,
            476802.0927667873,
            426708.7390442852,
            451202.78181536,
            455942.6110349796,
            619209.307233664,
            619666.4238861984,
            610294.913437245,
            14333.857559939926,
            12364.81891923146,
            15329.599768163465,
            28700.237617902803,
            44010.132722397495,
            14421.570875424888,
            16115.270439274409,
            16180.570597655429,
            11298.676538283045,
            18549.09484216599,
            14233.106973478483,
            18837.97415707492,
            15373.041198038502,
            18821.464383637347,
            20443.632849285677,
            29549.412101119095,
            17738.993608254983,
            19991.277121886684,
            50651.65125773984,
            16244.456960221294,
            19393.68111384163,
            20452.96352893473,
            15201.09938012895,
            19322.36486836918,
            11741.404875399678,
            17701.660112999813,
            17205.373077478245,
            15332.807920104564,
            17763.038816929835,
            30855.21746236576,
            44540.492348277585,
            12939.03751430719,
            16191.387387481751,
            15664.167261590677,
            792556.4159064984,
            633488.5593144365,
            61491.33959119823,
            974937.9303211889,
            1056809.1250007965,
            411733.56706895697,
            590179.5282818357,
            525595.3721881374,
            941437.7852298584,
            215417.02462479894,
            246420.84206862107,
            56393.406174881326,
            421075.2550347823,
            441462.2784356314,
            151721.0823546954,
            136457.379808006,
            212212.81187523963,
            390750.8880488729,
            0.0
        ],
        "shape": [
            70
        ],
        "count": 2478686
    },
    "wandb_run_id": "y20wl1cc",
    "wandb_project": "rlgym-ppo",
    "wandb_entity": "gashfraude-epsi",
    "wandb_group": "unnamed-runs",
    "wandb_config": {
        "n_proc": 8,
        "min_inference_size": 7,
        "timestep_limit": 200000000,
        "exp_buffer_size": 150000,
        "ts_per_iteration": 50000,
        "standardize_returns": true,
        "standardize_obs": true,
        "policy_layer_sizes": [
            256,
            256,
            256
        ],
        "critic_layer_sizes": [
            256,
            256,
            256
        ],
        "ppo_epochs": 2,
        "ppo_batch_size": 50000,
        "ppo_minibatch_size": 50000,
        "ppo_ent_coef": 0.01,
        "ppo_clip_range": 0.2,
        "gae_lambda": 0.95,
        "gae_gamma": 0.99,
        "policy_lr": 0.0001,
        "critic_lr": 0.0001,
        "shm_buffer_size": 8192
    }
}