{
    "cumulative_timesteps": 1600113,
    "cumulative_model_updates": 174,
    "policy_average_reward": 101.51504839244731,
    "epoch": 29,
    "ts_since_last_save": 100011,
    "reward_running_stats": {
        "mean": [
            14.318570093097728
        ],
        "var": [
            2566481.8370022704
        ],
        "shape": [
            1
        ],
        "count": 4800
    },
    "obs_running_stats": {
        "mean": [
            0.010584818367171237,
            -0.005836628152691595,
            0.1590662663678606,
            0.0008441596501451362,
            -0.0001418153956431724,
            -0.03336841057266314,
            -0.0002462994274857436,
            0.001016200888107267,
            -0.004048295725638031,
            0.07284873607037402,
            0.022711854749007204,
            0.03696000700741537,
            0.05208213057926885,
            -0.0729074030555725,
            0.49855338902597185,
            0.5399990874955581,
            0.4469082094595439,
            0.9950183023784693,
            0.9955921618382828,
            0.9930375059895981,
            0.9895626726974737,
            0.9784272617525663,
            0.9951733036153623,
            0.9950712922663973,
            0.9954379935447027,
            0.9960643053456364,
            0.992604365382238,
            0.9956376835045184,
            0.9929172627219532,
            0.9959739737556613,
            0.9947677779094375,
            0.9933321794160153,
            0.9903848817369364,
            0.9947307747186087,
            0.9933186222920208,
            0.9789315180843388,
            0.995300710009621,
            0.9934056446828115,
            0.9916605219082947,
            0.9959213385956052,
            0.993343887445077,
            0.9966116417171117,
            0.9912521313225096,
            0.9942590933933417,
            0.9945799258255479,
            0.992364781803056,
            0.9882205935863682,
            0.9774984343861997,
            0.9955915495673388,
            0.993393687985336,
            0.9941629035688488,
            0.1499799601865924,
            0.011292676838229768,
            0.10748691786304446,
            0.0995647998085368,
            0.0014510903188131516,
            0.058060469435524724,
            -0.017448987642691757,
            -0.010409409338155005,
            0.37080636033116066,
            0.016808880870867696,
            0.0013750588918741572,
            -0.013294600196915807,
            0.005819897663705987,
            -0.0026785652860304215,
            0.011281008766612758,
            0.11312461569713238,
            0.10562450101156728,
            0.2101095868018363,
            0.0
        ],
        "var": [
            70216.25628683624,
            51322.76803436366,
            8428.149666954694,
            9148.784413186302,
            9662.25399317154,
            8237.322882477183,
            64634.10591852146,
            64313.624852758265,
            28013.63799860118,
            57412.770281467085,
            48705.06594521376,
            53469.85330772102,
            53299.77931551242,
            53350.62065294179,
            57148.48042473174,
            56782.19227993513,
            56503.413662364255,
            1105.3745709957057,
            975.9579961648284,
            1523.2395698490375,
            2382.0705372540356,
            4810.748709094284,
            1082.3302589309528,
            1088.3119779722651,
            1062.5149382205936,
            870.3523911234131,
            1629.268745692304,
            1050.7631514216662,
            1546.840235666319,
            943.5423607855681,
            1214.945822749853,
            1487.3758294021372,
            2156.704894341768,
            1200.4152588941536,
            1479.5832325563708,
            4718.664735244316,
            1102.8386327133658,
            1468.3692538561984,
            1848.3905889140772,
            941.5201355524974,
            1477.7954893087442,
            759.0559129505194,
            1956.7941393825288,
            1289.1762519974807,
            1235.0955354530456,
            1674.707149838009,
            2646.828705433184,
            5030.15898182042,
            1012.7525839253242,
            1468.0109342839976,
            1292.0847674294582,
            73471.9077292146,
            62388.585869755785,
            5747.265065708179,
            88802.17010551807,
            95589.83944373719,
            41162.938520245385,
            54753.674732830004,
            52080.72153892497,
            90229.40402547304,
            15344.739378521774,
            16471.251041526953,
            4717.838921692082,
            41296.32126259518,
            42774.35156465096,
            14767.010881444096,
            11806.84408448745,
            21590.070470310126,
            37932.7257456651,
            0.0
        ],
        "shape": [
            70
        ],
        "count": 228595
    },
    "wandb_run_id": "y20wl1cc",
    "wandb_project": "rlgym-ppo",
    "wandb_entity": "gashfraude-epsi",
    "wandb_group": "unnamed-runs",
    "wandb_config": {
        "n_proc": 8,
        "min_inference_size": 7,
        "timestep_limit": 200000000,
        "exp_buffer_size": 150000,
        "ts_per_iteration": 50000,
        "standardize_returns": true,
        "standardize_obs": true,
        "policy_layer_sizes": [
            256,
            256,
            256
        ],
        "critic_layer_sizes": [
            256,
            256,
            256
        ],
        "ppo_epochs": 2,
        "ppo_batch_size": 50000,
        "ppo_minibatch_size": 50000,
        "ppo_ent_coef": 0.01,
        "ppo_clip_range": 0.2,
        "gae_lambda": 0.95,
        "gae_gamma": 0.99,
        "policy_lr": 0.0001,
        "critic_lr": 0.0001,
        "shm_buffer_size": 8192
    }
}