{
    "cumulative_timesteps": 336317238,
    "cumulative_model_updates": 40290,
    "policy_average_reward": 102.53749539200781,
    "epoch": 6715,
    "ts_since_last_save": 500255,
    "reward_running_stats": {
        "mean": [
            29.948818251629138
        ],
        "var": [
            4295783233.070655
        ],
        "shape": [
            1
        ],
        "count": 1008600
    },
    "obs_running_stats": {
        "mean": [
            -0.014058297414474263,
            0.09153800100709945,
            0.13091982884706313,
            0.0007805187393515634,
            0.017064011202842386,
            -0.02287684243108951,
            -0.03816747934370755,
            0.0053487402891323,
            0.006119468733778559,
            0.5586986578088222,
            -0.5320415645206399,
            0.4123167107986834,
            -0.2335545289511879,
            0.18545904724939866,
            0.1476286835305259,
            0.5359918928708447,
            0.26624539981840956,
            0.9879535896873138,
            0.9894776775467409,
            0.9876520652317273,
            0.9764861976661233,
            0.9706029094783084,
            0.9871325708143961,
            0.9862892601721777,
            0.9849228346885662,
            0.990612046899157,
            0.9877462053981727,
            0.9870268125070564,
            0.9851443687064151,
            0.9866260751753609,
            0.9816201303041544,
            0.9842006886705703,
            0.9732299045943477,
            0.9844664352324607,
            0.9835557378340972,
            0.967433366206902,
            0.9866089612707138,
            0.9823426598972402,
            0.9845998447095154,
            0.9865111136966901,
            0.9856173882859517,
            0.9894055796394641,
            0.9877768148440401,
            0.9856241789041358,
            0.9863550998606717,
            0.9868336701246686,
            0.9664142193989136,
            0.9691130404856733,
            0.9857825477924756,
            0.9872060480701473,
            0.9884655367383178,
            0.013312532682086712,
            0.041905840767926826,
            0.07115997544330618,
            0.06783737313347582,
            0.05315853444337933,
            0.03236574551726441,
            -0.007511265995161635,
            0.027241170000221335,
            0.3921292405889304,
            -0.0007585237837784508,
            0.00990776401503295,
            -0.009509611875225433,
            -0.031010746208553555,
            -0.06764129079481615,
            -0.056756748421063555,
            0.11375610671175722,
            0.21333508669384546,
            0.35896967714101957,
            0.0
        ],
        "var": [
            15635270.235388806,
            12546316.843667712,
            1354775.4100057585,
            1914904.8083421767,
            2375338.3975231624,
            1264752.0032448906,
            15983172.961602708,
            14358292.562781181,
            6484121.837329099,
            15217856.649473535,
            16576922.625403736,
            22617400.813250646,
            28278872.078519963,
            29404569.23473751,
            6035726.086352836,
            11898787.848401338,
            9332893.262475895,
            384080.13418723276,
            335451.0116635871,
            386485.8324480766,
            824454.6156023324,
            1022755.779625009,
            419282.00566501,
            442283.5170251608,
            501243.5853281921,
            294481.35209338,
            370115.1764199692,
            422690.09472004767,
            475153.4733841531,
            439837.02407144615,
            635977.3360870949,
            508088.8055105058,
            966779.4133346776,
            514798.50508161786,
            540399.4570112664,
            1151100.2636638507,
            451951.63577120553,
            610031.3973284,
            495997.4640155957,
            459661.7228035904,
            466861.7973993918,
            372179.94302334345,
            388450.61266535096,
            486894.2593580789,
            466996.2954035438,
            434005.3887635618,
            1309105.9838958404,
            1140255.0682669675,
            525603.9629199251,
            436000.88818186364,
            386359.75785035774,
            14809913.825394645,
            12200885.032220434,
            870374.9507056357,
            19697493.96621681,
            21705896.69397353,
            6154930.696606718,
            10323845.894092996,
            9720232.81547483,
            20569964.30605398,
            3557373.0311154374,
            4850477.3607716765,
            603553.484781073,
            11374748.393902024,
            12100502.980360793,
            5336724.518922103,
            2609681.790417922,
            7962329.200971631,
            11135920.767244931,
            0.0
        ],
        "shape": [
            70
        ],
        "count": 48045322
    },
    "wandb_run_id": "9prg5n79",
    "wandb_project": "rlgym-ppo",
    "wandb_entity": "gashfraude-epsi",
    "wandb_group": "unnamed-runs",
    "wandb_config": {
        "n_proc": 6,
        "min_inference_size": 5,
        "timestep_limit": 1e+16,
        "exp_buffer_size": 150000,
        "ts_per_iteration": 50000,
        "standardize_returns": true,
        "standardize_obs": true,
        "policy_layer_sizes": [
            512,
            512,
            256
        ],
        "critic_layer_sizes": [
            512,
            512,
            256
        ],
        "ppo_epochs": 2,
        "ppo_batch_size": 50000,
        "ppo_minibatch_size": 50000,
        "ppo_ent_coef": 0.01,
        "ppo_clip_range": 0.2,
        "gae_lambda": 0.95,
        "gae_gamma": 0.99,
        "policy_lr": 0.0002,
        "critic_lr": 0.0002,
        "shm_buffer_size": 8192
    }
}