{
    "cumulative_timesteps": 80954381,
    "cumulative_model_updates": 9684,
    "policy_average_reward": 747.6514550046193,
    "epoch": 1614,
    "ts_since_last_save": 50007,
    "reward_running_stats": {
        "mean": [
            51.840918371718494
        ],
        "var": [
            1097238448.5652308
        ],
        "shape": [
            1
        ],
        "count": 242850
    },
    "obs_running_stats": {
        "mean": [
            0.0009799731069667765,
            -0.003805699551234135,
            0.14672225549108983,
            1.0667126460888212e-05,
            5.844366797833083e-05,
            -0.029173271702204226,
            -0.0020466492012013874,
            -0.00013329382171509466,
            0.0006505273583079909,
            0.4904079722626692,
            -0.4561258553352991,
            0.47857344777484795,
            -0.2103365122500913,
            0.20131817731722024,
            0.19142359772310535,
            0.6086529025382968,
            0.613876104173159,
            0.974939663420457,
            0.9780859288243223,
            0.9737186566456849,
            0.9578277743864753,
            0.945848570441922,
            0.9737520960134302,
            0.9716746807144224,
            0.970386184227768,
            0.9801625667246051,
            0.9727719998489007,
            0.9736755548603618,
            0.9689031359925938,
            0.9732386684549469,
            0.9668140442145065,
            0.9670657328479476,
            0.9578921372329517,
            0.9690935799298753,
            0.9666417893419909,
            0.9435688539827826,
            0.9748022559906483,
            0.9679610623252224,
            0.9683952350896379,
            0.9756000034710288,
            0.9709701099399989,
            0.9830886489325503,
            0.9759735487305088,
            0.9733116107150516,
            0.976087189498741,
            0.9746149834720994,
            0.9630991110959126,
            0.9553907732595227,
            0.9810639274625679,
            0.9780605789042315,
            0.9790775806390074,
            0.03947696019210767,
            -0.034544781591227584,
            0.08364365477114692,
            0.05937926058818201,
            -0.06158533771266711,
            0.035576315408475535,
            -0.0003139731483771564,
            0.03762670776165568,
            0.32977299935599697,
            -0.0028907341410597245,
            -0.005449563571340776,
            -0.01230260918286308,
            -0.07772320296406211,
            -0.052248033420547124,
            -0.031107876485677203,
            0.11715080881285123,
            0.15468500495703003,
            0.2789971847159197,
            0.0
        ],
        "var": [
            3651743.290309989,
            2671450.9975051163,
            384953.58731564786,
            456191.7952816281,
            477807.36841835926,
            360252.3346554486,
            3380762.7736639595,
            3319013.298814543,
            1451876.9587665242,
            3945796.6975776637,
            4288262.571409931,
            4333098.032104755,
            6396776.085466923,
            6612535.655164326,
            1779993.6897684995,
            2704395.7310353057,
            2688075.066359761,
            94836.27585493613,
            83102.77580071214,
            96504.38345400448,
            188440.6591368103,
            244227.3205988868,
            104604.22820485166,
            110879.4818726336,
            120117.11482510046,
            72535.69350875268,
            94907.63335546093,
            103901.08177352826,
            120462.13926753317,
            107086.0679174824,
            140197.45853627723,
            129336.72460753743,
            181501.08898349406,
            126459.55388427735,
            136237.48010695996,
            253175.26816888334,
            101257.25025702355,
            135314.73716131537,
            121441.37791017808,
            95624.2858860198,
            111765.27657767538,
            60831.139768080175,
            79549.80166035426,
            106544.16551390925,
            90304.45331636921,
            95876.73266580122,
            160669.66834117522,
            195004.52499163794,
            67080.7620123124,
            77336.56126365179,
            75478.37796009373,
            3580187.180925393,
            2753895.8695361395,
            252849.1409291194,
            4722268.950149293,
            5003860.397535819,
            1659705.4334059008,
            2689141.648629191,
            2534153.0953536914,
            5062349.108713784,
            923643.2052731303,
            1125647.5434747497,
            176895.64246241192,
            2926997.8045015866,
            3067243.4505914566,
            1344539.182622341,
            596346.4651873953,
            1411408.1975688364,
            2406562.541398588,
            0.0
        ],
        "shape": [
            70
        ],
        "count": 11564915
    },
    "wandb_run_id": "9prg5n79",
    "wandb_project": "rlgym-ppo",
    "wandb_entity": "gashfraude-epsi",
    "wandb_group": "unnamed-runs",
    "wandb_config": {
        "n_proc": 6,
        "min_inference_size": 5,
        "timestep_limit": 1e+16,
        "exp_buffer_size": 150000,
        "ts_per_iteration": 50000,
        "standardize_returns": true,
        "standardize_obs": true,
        "policy_layer_sizes": [
            512,
            512,
            256
        ],
        "critic_layer_sizes": [
            512,
            512,
            256
        ],
        "ppo_epochs": 2,
        "ppo_batch_size": 50000,
        "ppo_minibatch_size": 50000,
        "ppo_ent_coef": 0.01,
        "ppo_clip_range": 0.2,
        "gae_lambda": 0.95,
        "gae_gamma": 0.99,
        "policy_lr": 0.0002,
        "critic_lr": 0.0002,
        "shm_buffer_size": 8192
    }
}