{"Cumulative Timesteps":129374239,"_runtime":46695,"z_vel":5.2752499234060135,"Overall Steps per Second":6760.43741090975,"Value Function Update Magnitude":0.11314752697944641,"Timestep Collection Time":5.2543699578382075,"Timestep Consumption Time":2.146778364200145,"Collected Steps per Second":9522.549877813663,"Timesteps Collected":50035,"_timestamp":1.7628937525684087e+09,"SB3 Clip Fraction":0.17867999772230783,"x_vel":-2.9085233639997568,"Value Function Loss":0.4637230634689331,"Total Iteration Time":7.4011483220383525,"Policy Update Magnitude":0.0974486768245697,"Cumulative Model Updates":15480,"PPO Batch Consumption Time":0.025670448939005535,"Mean KL Divergence":0.01927872762704889,"Policy Entropy":1.0092121064662933,"_step":5300,"y_vel":15.515107259843798,"_wandb":{"runtime":46695},"Policy Reward":12459.969170885708}