{
    "cumulative_timesteps": 1900132,
    "cumulative_model_updates": 210,
    "policy_average_reward": 79.15235115510944,
    "epoch": 35,
    "ts_since_last_save": 100008,
    "reward_running_stats": {
        "mean": [
            15.06552494218604
        ],
        "var": [
            3175047.31466126
        ],
        "shape": [
            1
        ],
        "count": 5700
    },
    "obs_running_stats": {
        "mean": [
            0.007392457918065526,
            -0.0016639628281888308,
            0.1581035870168058,
            0.00042363161478571533,
            -0.0010743622161322414,
            -0.03315205344264503,
            0.0019724785985873222,
            0.0021138442909953412,
            -0.00029056351445621057,
            0.07722030375539012,
            0.032712225933448406,
            0.0414946542163256,
            0.054656569902495934,
            -0.0768660148655284,
            0.49998825570590283,
            0.5413959322980855,
            0.44742749099812484,
            0.9947991513560562,
            0.9956802634531957,
            0.9932010899883352,
            0.989725991016087,
            0.9798919150218118,
            0.9949738863304799,
            0.9949837617262518,
            0.9955357008345874,
            0.9962325840860237,
            0.9927331883286094,
            0.9958438492735927,
            0.9931256186017722,
            0.9957181346772366,
            0.9945660781981663,
            0.9930108583907618,
            0.9903226036111195,
            0.9950248714213178,
            0.9937546341658079,
            0.979122983549658,
            0.9953243120552708,
            0.99341532394537,
            0.9919383652686029,
            0.99578064201029,
            0.9929470405685995,
            0.9968482256232201,
            0.9919812600281125,
            0.9940198245531439,
            0.994385782283887,
            0.9924540706575165,
            0.9887542146768035,
            0.9780303646603589,
            0.9958455217950181,
            0.9933278938789161,
            0.9941119635051309,
            0.149395254754848,
            0.008473094016999364,
            0.10720430323592625,
            0.0969527638498338,
            0.003306098394658566,
            0.05805777718662187,
            -0.016581366301040307,
            -0.00926180143379025,
            0.36859755814746265,
            0.017189077055513376,
            0.0015097061041563931,
            -0.012967404419506697,
            0.00605155783703122,
            -0.0022849059385479506,
            0.012024612003118766,
            0.11198787852562965,
            0.10571305933505917,
            0.21058816961608975,
            0.0
        ],
        "var": [
            83485.3174388289,
            60908.747102772606,
            9949.954640377164,
            10956.89973234898,
            11354.167436465917,
            9731.45265906688,
            76213.1209199513,
            76565.5852314004,
            33424.40507315262,
            69347.95445525744,
            58219.947137736985,
            64946.6661039774,
            64361.06897814108,
            64218.41403730268,
            67863.70876423233,
            67397.50771753708,
            67112.2499115665,
            1376.7051720671825,
            1140.3340116820707,
            1775.7730055782522,
            2781.319776212557,
            5334.374568881666,
            1341.7984144749694,
            1322.0345432488905,
            1230.8623658911729,
            993.040396003253,
            1909.4372935304962,
            1181.4242849523218,
            1792.4796079504847,
            1184.2706931342047,
            1492.1885136490444,
            1857.2791122921112,
            2581.416405965808,
            1346.0431350565132,
            1647.1999449096465,
            5552.820520573801,
            1296.952227688645,
            1746.5401354360686,
            2128.6468782201787,
            1153.49023220675,
            1867.4198522802435,
            839.9838680730968,
            2133.8328749629604,
            1598.0024147546333,
            1518.2549391955563,
            1975.5765755765838,
            3004.217111382449,
            5834.879994738317,
            1132.5099869837366,
            1766.9032700627736,
            1554.462354885664,
            87400.96095621132,
            74327.39193789761,
            6834.236289337683,
            105446.85366015238,
            113698.32314894907,
            48836.36479068122,
            65027.62579826483,
            61869.58835005461,
            107572.37463867673,
            18179.344948326703,
            19657.97146813669,
            5570.49513150978,
            49364.58139061527,
            51223.53472977718,
            17695.73593526454,
            13859.793991432009,
            25657.832075938262,
            45121.01648317744,
            0.0
        ],
        "shape": [
            70
        ],
        "count": 271454
    },
    "wandb_run_id": "y20wl1cc",
    "wandb_project": "rlgym-ppo",
    "wandb_entity": "gashfraude-epsi",
    "wandb_group": "unnamed-runs",
    "wandb_config": {
        "n_proc": 8,
        "min_inference_size": 7,
        "timestep_limit": 200000000,
        "exp_buffer_size": 150000,
        "ts_per_iteration": 50000,
        "standardize_returns": true,
        "standardize_obs": true,
        "policy_layer_sizes": [
            256,
            256,
            256
        ],
        "critic_layer_sizes": [
            256,
            256,
            256
        ],
        "ppo_epochs": 2,
        "ppo_batch_size": 50000,
        "ppo_minibatch_size": 50000,
        "ppo_ent_coef": 0.01,
        "ppo_clip_range": 0.2,
        "gae_lambda": 0.95,
        "gae_gamma": 0.99,
        "policy_lr": 0.0001,
        "critic_lr": 0.0001,
        "shm_buffer_size": 8192
    }
}