{
    "cumulative_timesteps": 16003350,
    "cumulative_model_updates": 638,
    "policy_average_reward": 201.52674902390723,
    "epoch": 159,
    "ts_since_last_save": 500142,
    "reward_running_stats": {
        "mean": [
            9.785552978515625
        ],
        "var": [
            4530011.5
        ],
        "shape": [
            1
        ],
        "count": 24000
    },
    "obs_running_stats": {
        "mean": [
            -0.0021450100466609,
            0.0023763973731547594,
            0.16018901765346527,
            -0.00017762598872650415,
            0.0005320003256201744,
            -0.03387933596968651,
            -0.0005922425189055502,
            -0.0008556988905183971,
            0.002095466712489724,
            0.12330452352762222,
            -0.019131941720843315,
            0.19798262417316437,
            -0.26710131764411926,
            -0.08295939117670059,
            0.4801798462867737,
            0.4075924754142761,
            0.6115270853042603,
            0.980711042881012,
            0.982178807258606,
            0.9789330959320068,
            0.9660353660583496,
            0.9618555307388306,
            0.9797819256782532,
            0.97782963514328,
            0.9778077006340027,
            0.9837521314620972,
            0.9788166284561157,
            0.980871319770813,
            0.9778627753257751,
            0.9798913598060608,
            0.9773311018943787,
            0.9771717190742493,
            0.9653021097183228,
            0.9788426756858826,
            0.9767940640449524,
            0.9599201083183289,
            0.9809017181396484,
            0.9780957102775574,
            0.9767241477966309,
            0.9815613627433777,
            0.9777002334594727,
            0.984365701675415,
            0.9775355458259583,
            0.9800825715065002,
            0.982037365436554,
            0.9786661267280579,
            0.9694157242774963,
            0.9630517959594727,
            0.9830751419067383,
            0.9798891544342041,
            0.9816128015518188,
            0.023695802316069603,
            -0.018746543675661087,
            0.10945051908493042,
            0.04085693135857582,
            -0.058480583131313324,
            0.04624771699309349,
            -0.03515513241291046,
            0.05223863199353218,
            0.36848440766334534,
            -0.008272577077150345,
            0.0022154191974550486,
            -0.012376363389194012,
            -0.055936299264431,
            -0.07131607830524445,
            -0.023650813847780228,
            0.14392679929733276,
            0.09566062688827515,
            0.1961810141801834,
            0.0
        ],
        "var": [
            727906.625,
            529039.25,
            84221.59375,
            97199.171875,
            99831.78125,
            82016.609375,
            671537.1875,
            665531.5625,
            290760.78125,
            374058.28125,
            404176.03125,
            378792.78125,
            380627.03125,
            395321.96875,
            568827.125,
            561012.3125,
            538080.5625,
            12741.22265625,
            11834.5244140625,
            13377.017578125,
            30224.130859375,
            36027.4140625,
            14025.3271484375,
            15128.96875,
            15908.943359375,
            11255.3310546875,
            12939.4609375,
            13708.8046875,
            15599.7255859375,
            14516.3916015625,
            16863.431640625,
            16538.408203125,
            31650.87890625,
            16061.8623046875,
            17131.390625,
            39054.984375,
            14261.685546875,
            16471.869140625,
            16460.966796875,
            12672.728515625,
            15364.6240234375,
            10851.1123046875,
            14188.7958984375,
            13696.2138671875,
            12502.4912109375,
            13907.5849609375,
            26692.64453125,
            34594.5390625,
            10797.4990234375,
            12692.5234375,
            11386.48828125,
            735875.1875,
            565110.0625,
            55543.62890625,
            927599.875,
            946166.0625,
            392377.78125,
            537730.3125,
            503380.0625,
            921994.4375,
            167144.1875,
            184065.9375,
            49549.81640625,
            432507.65625,
            433512.125,
            172696.140625,
            138577.234375,
            200576.90625,
            361873.40625,
            0.0
        ],
        "shape": [
            70
        ],
        "count": 2286240
    },
    "wandb_run_id": "e6j64iac",
    "wandb_project": "rlgym-ppo",
    "wandb_entity": "gashfraude-epsi",
    "wandb_group": "unnamed-runs",
    "wandb_config": {
        "n_proc": 48,
        "min_inference_size": 36,
        "timestep_limit": 1000000000000000.0,
        "exp_buffer_size": 200000,
        "ts_per_iteration": 100000,
        "standardize_returns": true,
        "standardize_obs": true,
        "policy_layer_sizes": [
            512,
            512,
            256
        ],
        "critic_layer_sizes": [
            512,
            512,
            256
        ],
        "ppo_epochs": 2,
        "ppo_batch_size": 100000,
        "ppo_minibatch_size": 50000,
        "ppo_ent_coef": 0.01,
        "ppo_clip_range": 0.2,
        "gae_lambda": 0.95,
        "gae_gamma": 0.99,
        "policy_lr": 0.0002,
        "critic_lr": 0.0002,
        "shm_buffer_size": 8192
    }
}