{
    "cumulative_timesteps": 129074127,
    "cumulative_model_updates": 15444,
    "policy_average_reward": 24350.76673025525,
    "epoch": 2574,
    "ts_since_last_save": 100028,
    "reward_running_stats": {
        "mean": [
            68.78489569941469
        ],
        "var": [
            3133593936.1369133
        ],
        "shape": [
            1
        ],
        "count": 387150
    },
    "obs_running_stats": {
        "mean": [
            0.005168475708827161,
            0.00278135874092555,
            0.128310329581327,
            0.0002242561993443849,
            0.00047804971195952386,
            -0.021824433077788457,
            -0.0018745443685494988,
            -0.0003372804395865938,
            -0.0024088521111322427,
            0.4913391846040264,
            -0.4930425300723572,
            0.4607805431420908,
            -0.21537510980955538,
            0.2573872804221665,
            0.17539883109994947,
            0.5792865480043189,
            0.42850404681034804,
            0.9797995894708409,
            0.9826189849044841,
            0.9795665615636424,
            0.9616265551435573,
            0.9532636226508665,
            0.9801719428082585,
            0.9788053335238447,
            0.9765378579151069,
            0.9840346207879639,
            0.978980309064604,
            0.9803998169297786,
            0.9772783835681403,
            0.9802734253932102,
            0.9709480979232542,
            0.976012360203114,
            0.9620281108349982,
            0.977547564330069,
            0.9757963595845831,
            0.9520350025085411,
            0.9812569709556508,
            0.9723886278949067,
            0.9769146560620426,
            0.9816374048072761,
            0.9784720591166425,
            0.9855269820202829,
            0.9809582535452727,
            0.9784349781187717,
            0.9815336183721837,
            0.9806484405815951,
            0.9645115321339691,
            0.9592093786757895,
            0.984533350601016,
            0.9823825224538467,
            0.9821212599777246,
            0.030170875804481447,
            -0.02044301452603912,
            0.07269532344642118,
            0.04480360930488621,
            -0.03408381277477698,
            0.04681363914530974,
            0.0018694434448941108,
            0.029151601444844587,
            0.34755999139287497,
            -0.00203319842562649,
            -0.003695319569184476,
            -0.008549381457706964,
            -0.06146921582125787,
            -0.043258981683741836,
            -0.04885558792490809,
            0.11035751440965383,
            0.1699072747555115,
            0.2775641565985868,
            0.0
        ],
        "var": [
            6067228.868156545,
            4552140.235645378,
            504847.2027776967,
            750678.5819880792,
            887499.3853109243,
            463225.231725372,
            5893873.095739545,
            5503078.873886802,
            2418173.1493722326,
            6202687.616432438,
            6405639.391837568,
            7421316.876955324,
            10561690.448042016,
            10360660.386583744,
            2656900.5590039515,
            4443571.638411285,
            4462353.249912032,
            177233.0573086557,
            150143.08928536522,
            169627.55540312812,
            401712.76157473755,
            473386.5547747449,
            167380.51380361215,
            175107.15932669406,
            210250.04684472317,
            137356.74260964178,
            168030.5173337432,
            161802.57388961336,
            181460.96412570393,
            162442.12565650066,
            289271.09448479174,
            192700.7732168778,
            388615.74510494963,
            184785.03845629873,
            198814.61252382537,
            479394.54796836054,
            156318.42004325055,
            271731.2533575164,
            183334.28199433946,
            152699.16434860497,
            174194.7582614259,
            131568.2145021705,
            152790.0630866549,
            195198.37307453522,
            154584.64371929725,
            159675.0027211785,
            380816.47095775633,
            423581.0520868132,
            133014.68384676817,
            148304.1318960689,
            162349.82574341274,
            5931062.122182033,
            4764912.634563694,
            318665.90565438976,
            7623100.398870089,
            8230420.223518911,
            2406994.448272581,
            4161687.6022935645,
            3922232.324419595,
            8106886.141326602,
            1423630.5905875054,
            1862274.0251968342,
            238243.83835401386,
            4750662.875124061,
            5027996.764764007,
            2022993.8883377928,
            957039.0375789712,
            2499845.4863241217,
            3777653.489026929,
            0.0
        ],
        "shape": [
            70
        ],
        "count": 18439163
    },
    "wandb_run_id": "9prg5n79",
    "wandb_project": "rlgym-ppo",
    "wandb_entity": "gashfraude-epsi",
    "wandb_group": "unnamed-runs",
    "wandb_config": {
        "n_proc": 6,
        "min_inference_size": 5,
        "timestep_limit": 1e+16,
        "exp_buffer_size": 150000,
        "ts_per_iteration": 50000,
        "standardize_returns": true,
        "standardize_obs": true,
        "policy_layer_sizes": [
            512,
            512,
            256
        ],
        "critic_layer_sizes": [
            512,
            512,
            256
        ],
        "ppo_epochs": 2,
        "ppo_batch_size": 50000,
        "ppo_minibatch_size": 50000,
        "ppo_ent_coef": 0.01,
        "ppo_clip_range": 0.2,
        "gae_lambda": 0.95,
        "gae_gamma": 0.99,
        "policy_lr": 0.0002,
        "critic_lr": 0.0002,
        "shm_buffer_size": 8192
    }
}