{
    "cumulative_timesteps": 65702838,
    "cumulative_model_updates": 7860,
    "policy_average_reward": 1471.8260204813234,
    "epoch": 1310,
    "ts_since_last_save": 100005,
    "reward_running_stats": {
        "mean": [
            45.04214969203391
        ],
        "var": [
            649791201.9591832
        ],
        "shape": [
            1
        ],
        "count": 197100
    },
    "obs_running_stats": {
        "mean": [
            0.00014479303022396303,
            -0.004223891075162702,
            0.1495983560099648,
            -5.83739115756576e-05,
            -0.00045209465489549807,
            -0.030108016479335004,
            -0.0003919782226932973,
            -0.00045758673989323485,
            -0.00010222152704332948,
            0.4711513010173183,
            -0.4393106958646888,
            0.4697686742242735,
            -0.21964068041581153,
            0.17990736620031095,
            0.1927877403560671,
            0.6181965082028287,
            0.7170496538606571,
            0.9712255386340781,
            0.9747679265210499,
            0.9696833856043257,
            0.9523802152431682,
            0.9385064932055072,
            0.9699643027799778,
            0.9674895718525035,
            0.9661668371065125,
            0.9771014926239028,
            0.9682806760950976,
            0.969837712514506,
            0.9642410872674565,
            0.9692628688259186,
            0.9623347445811796,
            0.9621245148475546,
            0.9520155653459483,
            0.9646247885639172,
            0.9618529575347821,
            0.9353528243350132,
            0.9711416802441316,
            0.9636862254432014,
            0.9635606327186652,
            0.9719717227412129,
            0.9665178926888991,
            0.9803523437757472,
            0.9719897300862096,
            0.9694184784297364,
            0.9724001493206205,
            0.9705942987309129,
            0.9580546087393336,
            0.9490513959256323,
            0.9780566430478324,
            0.9744596875002098,
            0.9756864493262135,
            0.042598437599440875,
            -0.033925026451457306,
            0.08574410156268367,
            0.06455244670416922,
            -0.07473313803777035,
            0.0353473115241074,
            -0.0012374861156500235,
            0.03952255565695568,
            0.32649883514372496,
            -0.003028009931173711,
            -0.005737872189048195,
            -0.012775736785386545,
            -0.081354619618442,
            -0.0528384016754444,
            -0.027880983368126673,
            0.11853770553775307,
            0.15693953479653758,
            0.2862158785115586,
            0.0
        ],
        "var": [
            2948654.2949591368,
            2151946.2425223025,
            319340.04099828773,
            373278.51285802614,
            389504.11735492863,
            299407.3216483429,
            2716718.692349995,
            2678082.8188464646,
            1176216.024604081,
            3221817.079428438,
            3478899.621716509,
            3493640.1483211997,
            5117989.216110367,
            5389095.102674179,
            1450643.668249794,
            2165099.0008663284,
            1851162.9555870094,
            74587.85361641571,
            66077.80809179902,
            76479.6149994735,
            146971.43446028544,
            193575.84355667175,
            82468.2778138043,
            87804.83072342846,
            94596.1560833454,
            57675.226679607855,
            76869.9199840007,
            82043.141242059,
            95648.54972544867,
            85510.76003628231,
            109356.1617362226,
            103037.90767432755,
            143808.9106512187,
            100366.59136453521,
            107715.91502852549,
            204941.41463647125,
            80241.33033366168,
            105126.65760630333,
            97047.96892902032,
            76028.97982426225,
            89528.10114997142,
            49352.30454069473,
            63905.76400453995,
            84396.32924451621,
            72273.635540798,
            77643.01606898646,
            126852.23561792867,
            155962.38286695187,
            53677.12844514254,
            62777.55694140652,
            61236.29667882802,
            2920858.150895287,
            2248803.924710587,
            209707.13831034763,
            3801583.123001589,
            4014847.6136776707,
            1386628.6436791415,
            2198025.865293341,
            2066471.7546503244,
            4101166.1912089237,
            759504.6930066281,
            923554.7631831475,
            147347.6881058521,
            2336950.240561497,
            2458127.0532514863,
            1106372.4841554875,
            481809.7637094969,
            1141081.7326100278,
            1997741.0640822789,
            0.0
        ],
        "shape": [
            70
        ],
        "count": 9386124
    },
    "wandb_run_id": "9prg5n79",
    "wandb_project": "rlgym-ppo",
    "wandb_entity": "gashfraude-epsi",
    "wandb_group": "unnamed-runs",
    "wandb_config": {
        "n_proc": 6,
        "min_inference_size": 5,
        "timestep_limit": 1e+16,
        "exp_buffer_size": 150000,
        "ts_per_iteration": 50000,
        "standardize_returns": true,
        "standardize_obs": true,
        "policy_layer_sizes": [
            512,
            512,
            256
        ],
        "critic_layer_sizes": [
            512,
            512,
            256
        ],
        "ppo_epochs": 2,
        "ppo_batch_size": 50000,
        "ppo_minibatch_size": 50000,
        "ppo_ent_coef": 0.01,
        "ppo_clip_range": 0.2,
        "gae_lambda": 0.95,
        "gae_gamma": 0.99,
        "policy_lr": 0.0002,
        "critic_lr": 0.0002,
        "shm_buffer_size": 8192
    }
}