{"SB3 Clip Fraction":0.008559999871067703,"Timestep Consumption Time":4.412749000010081,"Timestep Collection Time":15.25108860002365,"PPO Batch Consumption Time":0.5165136257807413,"_wandb":{"runtime":877},"Overall Steps per Second":2542.789511235296,"Policy Reward":108.38773077408887,"Policy Entropy":0.7799476881821951,"Value Function Loss":0.42478059728940326,"_runtime":877,"Total Iteration Time":19.66383760003373,"z_vel":-24.00531830509278,"Value Function Update Magnitude":0.10109259188175201,"Mean KL Divergence":0.0019384043213600914,"Timesteps Collected":50001,"Policy Update Magnitude":0.07375207543373108,"_step":83,"x_vel":35.32410841962569,"Collected Steps per Second":3278.520065769106,"Cumulative Timesteps":2050139,"Cumulative Model Updates":228,"_timestamp":1.762809162167666e+09,"y_vel":28.441577455390867}