{
    "cumulative_timesteps": 80704347,
    "cumulative_model_updates": 9654,
    "policy_average_reward": 741.3139705926469,
    "epoch": 1609,
    "ts_since_last_save": 100010,
    "reward_running_stats": {
        "mean": [
            51.71001518105978
        ],
        "var": [
            1089251791.7785394
        ],
        "shape": [
            1
        ],
        "count": 242100
    },
    "obs_running_stats": {
        "mean": [
            0.0010136246525526715,
            -0.0038050034950585995,
            0.14672009604405517,
            4.937722417327212e-06,
            6.882638763884086e-05,
            -0.029166585720796365,
            -0.002058076934591218,
            -0.00014552533231784596,
            0.0006394908728480144,
            0.49003461492478345,
            -0.45566920514124565,
            0.4785351757460999,
            -0.2104421500809247,
            0.20123785811472533,
            0.19142936217424789,
            0.6086934494268901,
            0.615293639321753,
            0.9748850949872102,
            0.9780444039245529,
            0.973660305369218,
            0.957753584501361,
            0.9457426450233232,
            0.9737119762268869,
            0.9716296860695603,
            0.970327136234722,
            0.9801216641951331,
            0.9727039502696058,
            0.9736354581479818,
            0.9688472128488205,
            0.9731820393542343,
            0.9667505212112866,
            0.967002035510471,
            0.9578259530211278,
            0.9690418897323554,
            0.9665756509983866,
            0.9434574269496648,
            0.9747545477013392,
            0.9679072512168928,
            0.9683358302015741,
            0.9755499962132776,
            0.9709082740025192,
            0.98305316887403,
            0.9759189741692883,
            0.9732696925642228,
            0.9760419875888858,
            0.9745562866292891,
            0.963029716590779,
            0.9552921196352873,
            0.9810229551714416,
            0.9780110824621492,
            0.979031842159312,
            0.03954961378362968,
            -0.03451414676094737,
            0.08365782024707641,
            0.05947968746706213,
            -0.061778449212751295,
            0.035594943411499484,
            -0.0003359399647685074,
            0.03766875182518023,
            0.3297620473749171,
            -0.002892104959498442,
            -0.005458599635015022,
            -0.012309989251922159,
            -0.0777469662956935,
            -0.052304873964747554,
            -0.031038449956181043,
            0.1171672820129404,
            0.15470757319960937,
            0.27905933132534794,
            0.0
        ],
        "var": [
            3640310.001483588,
            2663182.0097377826,
            383737.99311935314,
            454735.7821533897,
            476316.28424416453,
            359068.4921440453,
            3370461.0258934214,
            3308393.4620230575,
            1447222.512448106,
            3934490.9764864794,
            4276336.714849181,
            4317687.08213692,
            6373792.650311315,
            6590279.071120375,
            1774506.096651464,
            2695786.0564624676,
            2675863.1816186453,
            94561.14136019982,
            82794.92646508769,
            96227.65443816363,
            187780.97779573576,
            243486.66959201073,
            104129.53646322574,
            110385.72909569214,
            119731.07866353888,
            72294.0208884391,
            94703.33691431,
            103423.47698260233,
            119990.5446813648,
            106773.66747621124,
            139735.1408815737,
            128885.04853853832,
            180759.10997161956,
            125948.8049707355,
            135797.30398034013,
            252412.8811226448,
            100902.18350382517,
            134787.61526134665,
            120989.7239336157,
            95322.38739482407,
            111429.94222823266,
            60632.50526928501,
            79311.15191666679,
            106073.7907650153,
            89966.93076346899,
            95635.35276147093,
            160141.20445128978,
            194518.0161913724,
            66871.66064069449,
            77115.68629259149,
            75251.92379777148,
            3569408.8149475628,
            2745950.225916805,
            252095.37847515038,
            4707001.097067431,
            4988062.743798663,
            1654930.9989682583,
            2681000.4975609393,
            2526325.9504469917,
            5046580.042410413,
            920627.0164836964,
            1122171.6146257895,
            176391.7586915118,
            2917449.4333586674,
            3057529.375246291,
            1340410.034713706,
            594471.9786010885,
            1406917.3601852693,
            2399694.040226166,
            0.0
        ],
        "shape": [
            70
        ],
        "count": 11529196
    },
    "wandb_run_id": "9prg5n79",
    "wandb_project": "rlgym-ppo",
    "wandb_entity": "gashfraude-epsi",
    "wandb_group": "unnamed-runs",
    "wandb_config": {
        "n_proc": 6,
        "min_inference_size": 5,
        "timestep_limit": 1e+16,
        "exp_buffer_size": 150000,
        "ts_per_iteration": 50000,
        "standardize_returns": true,
        "standardize_obs": true,
        "policy_layer_sizes": [
            512,
            512,
            256
        ],
        "critic_layer_sizes": [
            512,
            512,
            256
        ],
        "ppo_epochs": 2,
        "ppo_batch_size": 50000,
        "ppo_minibatch_size": 50000,
        "ppo_ent_coef": 0.01,
        "ppo_clip_range": 0.2,
        "gae_lambda": 0.95,
        "gae_gamma": 0.99,
        "policy_lr": 0.0002,
        "critic_lr": 0.0002,
        "shm_buffer_size": 8192
    }
}