{"SB3 Clip Fraction":0.05666333374877771,"Timesteps Collected":50006,"Value Function Update Magnitude":0.060091327875852585,"Timestep Collection Time":16.689546999987215,"Policy Reward":244.74329694082857,"x_vel":7.202831790062536,"Value Function Loss":0.37379445135593414,"Cumulative Timesteps":8050378,"_wandb":{"runtime":1056},"Collected Steps per Second":2996.246692617739,"Total Iteration Time":21.610776200017426,"Policy Entropy":0.47558725376923877,"Policy Update Magnitude":0.06913025677204132,"z_vel":-25.729664092516533,"PPO Batch Consumption Time":0.6072026888529459,"Cumulative Model Updates":928,"y_vel":-22.78081272738372,"_timestamp":1.7628146526555722e+09,"_runtime":1056,"Timestep Consumption Time":4.921229200030211,"Mean KL Divergence":0.005166494597991307,"_step":101,"Overall Steps per Second":2313.938173121226}