{
    "cumulative_timesteps": 86054631,
    "cumulative_model_updates": 10290,
    "policy_average_reward": 794.5879073341694,
    "epoch": 1715,
    "ts_since_last_save": 100008,
    "reward_running_stats": {
        "mean": [
            54.89145436821589
        ],
        "var": [
            1338259203.0198438
        ],
        "shape": [
            1
        ],
        "count": 258150
    },
    "obs_running_stats": {
        "mean": [
            0.0005031377534740416,
            -0.0035747664126611206,
            0.1462010103984704,
            4.827397283787791e-05,
            0.00012091900557727928,
            -0.028987113582355048,
            -0.0020622782126344347,
            0.0001729279408313221,
            0.0007222833744867344,
            0.49738930523884667,
            -0.4647751736429247,
            0.4776666681056231,
            -0.2082467231456329,
            0.20180505204960256,
            0.19155784946428867,
            0.6064688445148881,
            0.5868305246693601,
            0.9759167745082286,
            0.9789192738703618,
            0.9747374672629651,
            0.9591740914783846,
            0.947792042022796,
            0.9747166207916212,
            0.9727447585903161,
            0.9714285896074926,
            0.9809331915094902,
            0.9739494908483212,
            0.9746317637482879,
            0.9700876128898019,
            0.9742191436591241,
            0.9679511080833423,
            0.968296229493846,
            0.9593882978586438,
            0.9701645207073412,
            0.9677858899335854,
            0.9456499604392311,
            0.9756997410783339,
            0.9690344564479023,
            0.9695893967747297,
            0.9765125172543403,
            0.9720511981022657,
            0.9837431992532183,
            0.9769825224468943,
            0.9742932128346024,
            0.9769808342265173,
            0.975624352531461,
            0.9643148933560027,
            0.9569955692543339,
            0.9818040697101101,
            0.9789504146881745,
            0.9799256875690732,
            0.037779478243683565,
            -0.03442370207317831,
            0.0832694946877794,
            0.056886289937683215,
            -0.058597648771834494,
            0.03529176956760456,
            5.386226197010766e-05,
            0.03665928842868217,
            0.3303585211104073,
            -0.002917958936085806,
            -0.005390889603423247,
            -0.012186971082721517,
            -0.07633728468981409,
            -0.05078879934699292,
            -0.032351535829770975,
            0.1167240767268885,
            0.15417111012635235,
            0.27719019223936664,
            0.0
        ],
        "var": [
            3886603.0575258923,
            2845313.4019547952,
            407587.7566641793,
            484810.3013202931,
            507774.1020926568,
            381312.1127487585,
            3599794.8359107478,
            3535081.502127585,
            1545972.0761130808,
            4179465.827814542,
            4530769.391374503,
            4664497.327386914,
            6864067.619161884,
            7068646.77573429,
            1893786.2651911706,
            2883721.9136058707,
            2927510.439593985,
            101216.0149280094,
            88915.35016290502,
            103270.7032664005,
            202694.53441242664,
            260194.920208746,
            111980.27999356859,
            118509.06691531134,
            128985.77643744026,
            77597.53617633723,
            100501.70403561967,
            111428.83082493985,
            128741.94507463869,
            114642.57918827502,
            150507.92466790928,
            138393.2178906362,
            194017.68410496382,
            135916.2891381717,
            146588.98431881712,
            269221.2779782022,
            108666.76248103281,
            145546.22096373208,
            129971.0143672094,
            102287.70468449304,
            119769.5228406167,
            65164.657808498065,
            84814.7238281041,
            114035.47130521268,
            96840.41605692674,
            102111.68418490897,
            172702.4301087264,
            208057.1037209486,
            71855.36429447884,
            82502.12090074205,
            80404.87296552483,
            3802392.1209252756,
            2923115.243613657,
            267917.90085323603,
            5033869.4906452475,
            5331867.9745294545,
            1750675.0850916319,
            2854339.5110659394,
            2690853.8058084287,
            5384922.6981702205,
            984290.7804389227,
            1198861.3144648247,
            187255.5642716852,
            3125234.23481746,
            3272182.0738045047,
            1423392.3449363534,
            634070.2545480583,
            1502312.7118685415,
            2543268.502724688,
            0.0
        ],
        "shape": [
            70
        ],
        "count": 12293522
    },
    "wandb_run_id": "9prg5n79",
    "wandb_project": "rlgym-ppo",
    "wandb_entity": "gashfraude-epsi",
    "wandb_group": "unnamed-runs",
    "wandb_config": {
        "n_proc": 6,
        "min_inference_size": 5,
        "timestep_limit": 1e+16,
        "exp_buffer_size": 150000,
        "ts_per_iteration": 50000,
        "standardize_returns": true,
        "standardize_obs": true,
        "policy_layer_sizes": [
            512,
            512,
            256
        ],
        "critic_layer_sizes": [
            512,
            512,
            256
        ],
        "ppo_epochs": 2,
        "ppo_batch_size": 50000,
        "ppo_minibatch_size": 50000,
        "ppo_ent_coef": 0.01,
        "ppo_clip_range": 0.2,
        "gae_lambda": 0.95,
        "gae_gamma": 0.99,
        "policy_lr": 0.0002,
        "critic_lr": 0.0002,
        "shm_buffer_size": 8192
    }
}