{
    "cumulative_timesteps": 86254638,
    "cumulative_model_updates": 10314,
    "policy_average_reward": 969.2082863486095,
    "epoch": 1719,
    "ts_since_last_save": 100000,
    "reward_running_stats": {
        "mean": [
            54.9473485099037
        ],
        "var": [
            1342644776.3338249
        ],
        "shape": [
            1
        ],
        "count": 258750
    },
    "obs_running_stats": {
        "mean": [
            0.000405804704994314,
            -0.0035472740750306275,
            0.14617326236924882,
            5.3600176168310586e-05,
            0.0001270820228218219,
            -0.028976533091966423,
            -0.002094988211350711,
            0.00020098378805302375,
            0.0007448654650719326,
            0.4976455070490177,
            -0.46509412433967307,
            0.47753926298730487,
            -0.20813355946367113,
            0.20183805846690855,
            0.191565300237275,
            0.6063421592432539,
            0.5858284286172714,
            0.9759483524136336,
            0.9789438896951614,
            0.9747769736232547,
            0.9592125165917024,
            0.9478772293112019,
            0.9747463557304596,
            0.9727777673271074,
            0.9714663544823375,
            0.9809621457482911,
            0.9739941516947276,
            0.9746702978843034,
            0.970131084131336,
            0.9742633415549824,
            0.9679813546420752,
            0.9683473441932541,
            0.9594324752162868,
            0.9702108975093972,
            0.967832831756364,
            0.9457285095340822,
            0.9757303614418781,
            0.969075419251005,
            0.9696337797956124,
            0.976552290068686,
            0.9720946609396537,
            0.9837620669319487,
            0.9770220981365969,
            0.9743278249973453,
            0.9770087275054092,
            0.9756588808348023,
            0.9643512990892347,
            0.957038640066422,
            0.9818256483573948,
            0.9789803145372923,
            0.9799474016750344,
            0.03768924046354425,
            -0.034397270342903165,
            0.08325105242504895,
            0.0567894851136568,
            -0.05849708193738376,
            0.035288762421187524,
            7.275258170262762e-05,
            0.0366112936618996,
            0.33037601154745144,
            -0.0029239576801015966,
            -0.005365536824484932,
            -0.012181015283085676,
            -0.07629609696413807,
            -0.0507400663510815,
            -0.0324015647411934,
            0.1167142783047707,
            0.15415033630669758,
            0.2771097774841578,
            0.0
        ],
        "var": [
            3895839.4315365124,
            2852427.064948456,
            408450.2584876814,
            485948.91671955335,
            508904.2271650737,
            382079.41486514534,
            3608796.079396564,
            3543721.813771145,
            1549600.2488496557,
            4188546.8199519035,
            4540187.52592425,
            4678505.016279595,
            6882510.693765149,
            7086516.828143895,
            1898267.658316285,
            2890873.2363167577,
            2936569.99910147,
            101517.17268201885,
            89214.43373373231,
            103512.04516782386,
            203378.55402810947,
            260668.55682228168,
            112336.53196276489,
            118882.00024815781,
            129340.02578570165,
            77788.74388205372,
            100704.96164908934,
            111684.51584660083,
            129067.40250878659,
            114843.64572155928,
            151045.45549881618,
            138680.40376285234,
            194630.75053499077,
            136205.9286285746,
            146938.57327657944,
            269827.01200162445,
            108985.21640341949,
            145930.0631623247,
            130299.82918844237,
            102475.9448059614,
            120040.11709845002,
            65396.66137659468,
            84992.01615412404,
            114346.50265166028,
            97155.09022210169,
            102386.4345813331,
            173269.04573707804,
            208747.88719272785,
            72109.57498142637,
            82737.9606038371,
            80710.09556439437,
            3811244.4712300175,
            2930124.6807728168,
            268478.4216392995,
            5046043.706620526,
            5344842.204822022,
            1754155.7998227146,
            2860762.2566313366,
            2696980.465490907,
            5397689.541389802,
            986703.058601619,
            1201867.7329520956,
            187649.49336167023,
            3133068.557985026,
            3280263.5848966413,
            1426389.871139904,
            635585.5716999472,
            1505861.5148668718,
            2548551.4339126,
            0.0
        ],
        "shape": [
            70
        ],
        "count": 12322094
    },
    "wandb_run_id": "9prg5n79",
    "wandb_project": "rlgym-ppo",
    "wandb_entity": "gashfraude-epsi",
    "wandb_group": "unnamed-runs",
    "wandb_config": {
        "n_proc": 6,
        "min_inference_size": 5,
        "timestep_limit": 1e+16,
        "exp_buffer_size": 150000,
        "ts_per_iteration": 50000,
        "standardize_returns": true,
        "standardize_obs": true,
        "policy_layer_sizes": [
            512,
            512,
            256
        ],
        "critic_layer_sizes": [
            512,
            512,
            256
        ],
        "ppo_epochs": 2,
        "ppo_batch_size": 50000,
        "ppo_minibatch_size": 50000,
        "ppo_ent_coef": 0.01,
        "ppo_clip_range": 0.2,
        "gae_lambda": 0.95,
        "gae_gamma": 0.99,
        "policy_lr": 0.0002,
        "critic_lr": 0.0002,
        "shm_buffer_size": 8192
    }
}