{
    "cumulative_timesteps": 129174173,
    "cumulative_model_updates": 15456,
    "policy_average_reward": 14414.333009351945,
    "epoch": 2576,
    "ts_since_last_save": 100046,
    "reward_running_stats": {
        "mean": [
            68.88594979629161
        ],
        "var": [
            3145151401.4694505
        ],
        "shape": [
            1
        ],
        "count": 387450
    },
    "obs_running_stats": {
        "mean": [
            0.005161436715183711,
            0.002779673734432716,
            0.12827326216440307,
            0.00022593451356697812,
            0.0004805810633275713,
            -0.02180826925628298,
            -0.0018847091263909817,
            -0.0003251153828592841,
            -0.0023933292619544556,
            0.49129158656909816,
            -0.4931153462931501,
            0.46074545154562574,
            -0.2153950835113104,
            0.2575233990776696,
            0.17536360867370565,
            0.5792287408038336,
            0.4282532749039351,
            0.97980363881898,
            0.9826226929821895,
            0.9795748556813147,
            0.961622570613367,
            0.9532745692747099,
            0.980182640122701,
            0.9788141630551764,
            0.9765450839001373,
            0.9840367988713049,
            0.9789865103118123,
            0.9804093081284256,
            0.977286553314969,
            0.9802814971566195,
            0.9709495740064532,
            0.9760252496768047,
            0.9620306432718373,
            0.9775619200509159,
            0.9758096331216628,
            0.9520322693462113,
            0.9812667736784623,
            0.9723886088925857,
            0.9769273343820787,
            0.9816439865864907,
            0.9784841272549396,
            0.9855270287782435,
            0.9809640607871202,
            0.9784402469886136,
            0.9815391425402626,
            0.9806555174044245,
            0.9645037415429385,
            0.959222981566793,
            0.9845403446740965,
            0.9823918869114608,
            0.9821276295613491,
            0.030144515337939364,
            -0.020429358293123045,
            0.0726715946166843,
            0.04477604388873249,
            -0.034037230081869686,
            0.04683880801010429,
            0.0018732961732784716,
            0.02913516836662183,
            0.34762178070274263,
            -0.002030310151685785,
            -0.00368956750508648,
            -0.008541184317543714,
            -0.0614294538558478,
            -0.043241390491427716,
            -0.04888515281783258,
            0.11034105153025754,
            0.1699823021824575,
            0.2776042453228757,
            0.0
        ],
        "var": [
            6072649.740975765,
            4556331.55934033,
            504992.1158665757,
            751400.1482375307,
            888606.6689558928,
            463350.6278877933,
            5899760.835107742,
            5507824.483277472,
            2420247.9982256745,
            6208433.488727225,
            6410018.70988147,
            7427775.831180551,
            10569787.006062668,
            10367739.608644323,
            2658545.825422591,
            4447224.132531283,
            4465190.567780984,
            177444.24358314072,
            150321.14977700755,
            169766.84132841774,
            402308.071462874,
            473840.21430202003,
            167468.7205855198,
            175247.64399552543,
            210450.43507366176,
            137542.38272992868,
            168215.01233820792,
            161908.9470902808,
            181634.4348451126,
            162575.43913115023,
            289648.6136465848,
            192808.9570369827,
            389094.6854399448,
            184845.72525141516,
            198919.09320828613,
            480092.82641579333,
            156407.1781301036,
            272115.33718336595,
            183433.46385496395,
            152839.8046811673,
            174282.71994676234,
            131771.24554841162,
            152953.96115982835,
            195406.91908507733,
            154745.53406514612,
            159820.7036250555,
            381439.26490490034,
            423909.74546199455,
            133107.25621265298,
            148384.7829136139,
            162487.4592105654,
            5936370.1334719295,
            4769507.378753935,
            318722.0921652549,
            7629163.905943564,
            8237349.675946348,
            2408278.497599745,
            4164494.7222993784,
            3924840.74779655,
            8113249.581196141,
            1424632.8735081453,
            1863957.252805454,
            238335.97305489288,
            4754148.626990001,
            5031958.387644745,
            2024197.306592114,
            957743.6543524,
            2502775.286783658,
            3780848.629719677,
            0.0
        ],
        "shape": [
            70
        ],
        "count": 18453456
    },
    "wandb_run_id": "9prg5n79",
    "wandb_project": "rlgym-ppo",
    "wandb_entity": "gashfraude-epsi",
    "wandb_group": "unnamed-runs",
    "wandb_config": {
        "n_proc": 6,
        "min_inference_size": 5,
        "timestep_limit": 1e+16,
        "exp_buffer_size": 150000,
        "ts_per_iteration": 50000,
        "standardize_returns": true,
        "standardize_obs": true,
        "policy_layer_sizes": [
            512,
            512,
            256
        ],
        "critic_layer_sizes": [
            512,
            512,
            256
        ],
        "ppo_epochs": 2,
        "ppo_batch_size": 50000,
        "ppo_minibatch_size": 50000,
        "ppo_ent_coef": 0.01,
        "ppo_clip_range": 0.2,
        "gae_lambda": 0.95,
        "gae_gamma": 0.99,
        "policy_lr": 0.0002,
        "critic_lr": 0.0002,
        "shm_buffer_size": 8192
    }
}