{
    "cumulative_timesteps": 13100593,
    "cumulative_model_updates": 1522,
    "policy_average_reward": 260.6289625186587,
    "epoch": 254,
    "ts_since_last_save": 100013,
    "reward_running_stats": {
        "mean": [
            29.771443456814147
        ],
        "var": [
            50388835.05539629
        ],
        "shape": [
            1
        ],
        "count": 39300
    },
    "obs_running_stats": {
        "mean": [
            0.0013626484769941054,
            0.0005102463957389178,
            0.1570079747564151,
            -0.000279253748520954,
            -0.0006223168110254039,
            -0.03279641274512565,
            0.0016415018144725598,
            -0.0008505598954651278,
            0.001159190033445917,
            0.17333138665076864,
            0.05970555594239716,
            0.05708632577746615,
            0.09542306511592044,
            -0.10317920293165572,
            0.5167432686769106,
            0.5194813038866515,
            0.5455162748408869,
            0.9942363381322512,
            0.9951244847016749,
            0.9935754837822427,
            0.9892029188969474,
            0.9813277570550241,
            0.9944064848676542,
            0.9936812340232932,
            0.9938099136339567,
            0.9957784620072961,
            0.9921018055965098,
            0.994723422902732,
            0.992496953899962,
            0.9943055128703836,
            0.993063349246213,
            0.9917242373719252,
            0.9889277158800354,
            0.9934846872600649,
            0.992293241505634,
            0.9782875872228247,
            0.9940384008291985,
            0.9927201106622422,
            0.9920292666353605,
            0.9942932062044973,
            0.9922444978862469,
            0.9956064723100785,
            0.9923550151880203,
            0.9934233338272023,
            0.9939888326657546,
            0.992753807363894,
            0.9878196599822225,
            0.9805827329425625,
            0.9950250252994933,
            0.9932294657783107,
            0.9935627990241656,
            0.1028702607969992,
            0.006973870474916099,
            0.11280815364704462,
            0.09589715159478764,
            -0.004511789259759526,
            0.05518609868688998,
            -0.0771658871796295,
            -0.0009252825772122846,
            0.38276191635593876,
            0.004047937621956121,
            0.003238985896782716,
            -0.01192355583453959,
            -0.019484853809353907,
            -0.04023011407573954,
            0.008841644068362978,
            0.11560429139786049,
            0.09584109191032747,
            0.19805430620986444,
            0.0
        ],
        "var": [
            580148.5822164412,
            419663.03800061037,
            67825.34134037865,
            77471.29625348379,
            79301.12475735754,
            66136.7483582807,
            533205.2651183492,
            531957.5434856864,
            233310.58270402875,
            403797.30660577945,
            387034.30288999964,
            362003.52706781874,
            380689.17876040284,
            383009.96138405043,
            467354.8032544187,
            467168.1472128262,
            464000.9828250654,
            10696.876267319265,
            9052.912202438316,
            11889.075257449487,
            20009.79741082858,
            34278.623570178825,
            10394.10091361023,
            11718.141352822988,
            11537.561201576014,
            7841.540236067422,
            14616.02385262085,
            9881.00599586187,
            13875.949381060838,
            10623.559605883489,
            12917.151858344034,
            15333.362205844149,
            20472.399099439586,
            12116.317551732005,
            14274.63078065079,
            39756.84655460252,
            11124.371812587557,
            13496.125435640612,
            14756.386338408342,
            10632.372301506277,
            14368.355469709193,
            8173.554352929367,
            14172.905124181756,
            12211.762427924852,
            11185.185373747925,
            13405.765132244816,
            22503.887730762188,
            35636.282765182936,
            9273.87445431057,
            12553.196998402409,
            11935.322295242933,
            594915.7112900788,
            484381.25940772385,
            46924.8073605162,
            736667.3667984243,
            790840.3527608035,
            321057.6359237247,
            451763.33205452585,
            406739.5956747138,
            727673.0167937216,
            154898.58239801225,
            174081.48476346742,
            41599.579492103796,
            327267.2502502997,
            342138.32680259174,
            119890.44478784925,
            97686.6465612938,
            162172.551351124,
            297245.08396338957,
            0.0
        ],
        "shape": [
            70
        ],
        "count": 1871517
    },
    "wandb_run_id": "y20wl1cc",
    "wandb_project": "rlgym-ppo",
    "wandb_entity": "gashfraude-epsi",
    "wandb_group": "unnamed-runs",
    "wandb_config": {
        "n_proc": 8,
        "min_inference_size": 7,
        "timestep_limit": 200000000,
        "exp_buffer_size": 150000,
        "ts_per_iteration": 50000,
        "standardize_returns": true,
        "standardize_obs": true,
        "policy_layer_sizes": [
            256,
            256,
            256
        ],
        "critic_layer_sizes": [
            256,
            256,
            256
        ],
        "ppo_epochs": 2,
        "ppo_batch_size": 50000,
        "ppo_minibatch_size": 50000,
        "ppo_ent_coef": 0.01,
        "ppo_clip_range": 0.2,
        "gae_lambda": 0.95,
        "gae_gamma": 0.99,
        "policy_lr": 0.0001,
        "critic_lr": 0.0001,
        "shm_buffer_size": 8192
    }
}