{
    "cumulative_timesteps": 700035,
    "cumulative_model_updates": 78,
    "policy_average_reward": 66.93070623300774,
    "epoch": 13,
    "ts_since_last_save": 100006,
    "reward_running_stats": {
        "mean": [
            14.119876861572266
        ],
        "var": [
            1060034.375
        ],
        "shape": [
            1
        ],
        "count": 2100
    },
    "obs_running_stats": {
        "mean": [
            0.014195394702255726,
            0.007980287075042725,
            0.15961238741874695,
            0.0005496389931067824,
            0.0012080990709364414,
            -0.033261243253946304,
            -0.0022054051514714956,
            -0.003440765431150794,
            -0.008703057654201984,
            0.06368937343358994,
            -0.006516778841614723,
            0.015477102249860764,
            0.04788443073630333,
            -0.06549565494060516,
            0.5006759762763977,
            0.5366507172584534,
            0.4429517090320587,
            0.9937916398048401,
            0.9941577315330505,
            0.9924933314323425,
            0.989115834236145,
            0.9779850244522095,
            0.9943393468856812,
            0.9935882091522217,
            0.9959083199501038,
            0.9971448183059692,
            0.9927815198898315,
            0.9957090616226196,
            0.9924193620681763,
            0.9957794547080994,
            0.9955936074256897,
            0.9927535653114319,
            0.9910979866981506,
            0.994971752166748,
            0.992480456829071,
            0.978011429309845,
            0.9953626990318298,
            0.9935512542724609,
            0.9920149445533752,
            0.9955027103424072,
            0.992841899394989,
            0.9969865679740906,
            0.9908503293991089,
            0.9936662912368774,
            0.9951404929161072,
            0.9922082424163818,
            0.9877928495407104,
            0.9754524827003479,
            0.9951721429824829,
            0.9922290444374084,
            0.9935840964317322,
            0.1545102447271347,
            0.014104906469583511,
            0.10836536437273026,
            0.10394392907619476,
            0.013222447596490383,
            0.056658025830984116,
            -0.01622353494167328,
            -0.012999501079320908,
            0.36842775344848633,
            0.019717372953891754,
            0.0011576622491702437,
            -0.014282681979238987,
            0.009502578526735306,
            0.0007288504857569933,
            0.011105391196906567,
            0.11730709671974182,
            0.10437741130590439,
            0.20747244358062744,
            0.0
        ],
        "var": [
            30497.33984375,
            22606.1875,
            3714.576904296875,
            3960.79296875,
            4147.21484375,
            3629.493896484375,
            28418.697265625,
            27935.947265625,
            12046.15234375,
            25627.302734375,
            22390.98828125,
            24356.1328125,
            23580.91796875,
            23789.017578125,
            25003.443359375,
            24867.30078125,
            24676.490234375,
            581.9129638671875,
            542.09814453125,
            703.3783569335938,
            1070.6488037109375,
            2147.360107421875,
            536.3238525390625,
            598.4597778320312,
            399.6704406738281,
            300.95330810546875,
            680.2611083984375,
            454.36334228515625,
            706.2565307617188,
            414.5813293457031,
            435.3871765136719,
            706.98583984375,
            898.5310668945312,
            482.6075134277344,
            724.8271484375,
            2156.78515625,
            471.11248779296875,
            610.86328125,
            771.5916137695312,
            432.42138671875,
            686.5035400390625,
            320.7023620605469,
            912.672119140625,
            610.4090576171875,
            471.71527099609375,
            736.6452026367188,
            1181.2149658203125,
            2386.685791015625,
            463.9613342285156,
            757.6353759765625,
            604.4707641601562,
            32143.22265625,
            27689.92578125,
            2522.010009765625,
            39120.44921875,
            41319.890625,
            18151.6484375,
            24001.16796875,
            23128.423828125,
            39259.40625,
            6825.08056640625,
            7412.68505859375,
            2068.22119140625,
            18239.076171875,
            18672.181640625,
            6579.466796875,
            5333.939453125,
            9347.5185546875,
            16442.68359375,
            0.0
        ],
        "shape": [
            70
        ],
        "count": 100013
    },
    "wandb_run_id": "y20wl1cc",
    "wandb_project": "rlgym-ppo",
    "wandb_entity": "gashfraude-epsi",
    "wandb_group": "unnamed-runs",
    "wandb_config": {
        "n_proc": 8,
        "min_inference_size": 7,
        "timestep_limit": 200000000,
        "exp_buffer_size": 150000,
        "ts_per_iteration": 50000,
        "standardize_returns": true,
        "standardize_obs": true,
        "policy_layer_sizes": [
            256,
            256,
            256
        ],
        "critic_layer_sizes": [
            256,
            256,
            256
        ],
        "ppo_epochs": 2,
        "ppo_batch_size": 50000,
        "ppo_minibatch_size": 50000,
        "ppo_ent_coef": 0.01,
        "ppo_clip_range": 0.2,
        "gae_lambda": 0.95,
        "gae_gamma": 0.99,
        "policy_lr": 0.0001,
        "critic_lr": 0.0001,
        "shm_buffer_size": 8192
    }
}