{
    "cumulative_timesteps": 361378100,
    "cumulative_model_updates": 43290,
    "policy_average_reward": 138.26187747236293,
    "epoch": 7215,
    "ts_since_last_save": 500250,
    "reward_running_stats": {
        "mean": [
            29.55847125962393
        ],
        "var": [
            4407255690.385658
        ],
        "shape": [
            1
        ],
        "count": 1083750
    },
    "obs_running_stats": {
        "mean": [
            -0.014887579805352508,
            0.10258230407983826,
            0.13110353283914267,
            0.0007491175233347237,
            0.019839705979673678,
            -0.02280443675104987,
            -0.043421508781931406,
            0.005281613902169957,
            0.0068453771924625135,
            0.5622955996870331,
            -0.5289024780756297,
            0.4147304842115936,
            -0.23597766265587203,
            0.1897854929254768,
            0.14450373525418855,
            0.5305325325983559,
            0.25904632812936096,
            0.9882607760104017,
            0.9897711415280895,
            0.9879815176028601,
            0.9770839901801298,
            0.9713014642299305,
            0.9874084808656726,
            0.9865860544177815,
            0.9852632115377323,
            0.9908706020906553,
            0.9881055454850614,
            0.9872846622345736,
            0.9854727336681776,
            0.9868677253125823,
            0.9820541642235335,
            0.9845566270624866,
            0.9734701201368378,
            0.984736342300511,
            0.9838384565825194,
            0.9679849073059231,
            0.9867772613356816,
            0.9827145976000572,
            0.9849005191184298,
            0.986533910054166,
            0.9858124184498516,
            0.9894557163114681,
            0.9880508755579214,
            0.9857992516371541,
            0.9862820045260661,
            0.9868786495027632,
            0.9660211036709039,
            0.9691392119629323,
            0.9853599505179764,
            0.9870989288300759,
            0.9885827618240591,
            0.011919043087406704,
            0.04896590936560492,
            0.07078282676134519,
            0.06931845541572702,
            0.05895661342155021,
            0.03147255291223736,
            -0.008704079428588862,
            0.027754600787231888,
            0.39950951213866837,
            -0.0007395667862802005,
            0.01204328148681476,
            -0.009527096946801563,
            -0.028577188380203664,
            -0.06737775088523816,
            -0.05629652405819878,
            0.1148098314704184,
            0.22177803860291562,
            0.36901161290671025,
            0.0
        ],
        "var": [
            16690123.194116822,
            13583898.96863691,
            1454253.4822494814,
            2059020.2418377895,
            2621921.851840213,
            1361112.7680151365,
            17320713.800627295,
            15364143.454488967,
            7005770.882440083,
            16208648.767730258,
            17942380.824608628,
            24232848.748948086,
            30373289.952614974,
            31501768.341611903,
            6372030.870255403,
            12807930.219225407,
            9855873.913140342,
            411206.8086415179,
            357890.007779501,
            413553.3928244315,
            877229.0541062857,
            1090938.9911411055,
            450874.8788023897,
            475790.1178907961,
            537359.6424613415,
            314674.99283577176,
            395344.57771313365,
            455563.50270392286,
            511094.47532947443,
            474932.3492751287,
            678976.8574695601,
            545957.2407671621,
            1048313.7465995366,
            556041.7820821851,
            584184.2399184089,
            1237261.1079528402,
            490793.8839622081,
            653600.1319410213,
            535233.8140036458,
            506157.0417909377,
            507831.8744087546,
            407173.81767813535,
            417869.7219690806,
            528841.6569586989,
            518850.4802365193,
            478260.80852117314,
            1444232.3785981133,
            1246151.0439007494,
            596967.7138210295,
            486606.7795180557,
            421265.3435718327,
            15821791.485269533,
            13171690.430190066,
            933094.5556036212,
            21161491.44448368,
            23367684.769417904,
            6537822.895836681,
            10972014.139742317,
            10356706.406502107,
            22008009.535484336,
            3828189.7977155484,
            5319855.131099441,
            644703.867858742,
            12085648.438494164,
            12836658.05007328,
            5704658.009297343,
            2834814.1791946488,
            8809374.888975551,
            12100764.251893148,
            0.0
        ],
        "shape": [
            70
        ],
        "count": 51625445
    },
    "wandb_run_id": "9prg5n79",
    "wandb_project": "rlgym-ppo",
    "wandb_entity": "gashfraude-epsi",
    "wandb_group": "unnamed-runs",
    "wandb_config": {
        "n_proc": 6,
        "min_inference_size": 5,
        "timestep_limit": 1e+16,
        "exp_buffer_size": 150000,
        "ts_per_iteration": 50000,
        "standardize_returns": true,
        "standardize_obs": true,
        "policy_layer_sizes": [
            512,
            512,
            256
        ],
        "critic_layer_sizes": [
            512,
            512,
            256
        ],
        "ppo_epochs": 2,
        "ppo_batch_size": 50000,
        "ppo_minibatch_size": 50000,
        "ppo_ent_coef": 0.01,
        "ppo_clip_range": 0.2,
        "gae_lambda": 0.95,
        "gae_gamma": 0.99,
        "policy_lr": 0.0002,
        "critic_lr": 0.0002,
        "shm_buffer_size": 8192
    }
}