{"Cumulative Model Updates":90,"Collected Steps per Second":2919.933787588669,"Timesteps Collected":50006,"Policy Reward":113.62038164094261,"Policy Entropy":0.6864117284615835,"SB3 Clip Fraction":0.006400000032347937,"_timestamp":1.762808116696148e+09,"Timestep Consumption Time":4.247408900060691,"_runtime":310,"Mean KL Divergence":0.0016824475605972111,"Overall Steps per Second":2339.665613092513,"_wandb":{"runtime":310},"z_vel":-32.3302385675328,"Total Iteration Time":21.373139700037427,"x_vel":34.12207974575793,"Cumulative Timesteps":800042,"PPO Batch Consumption Time":0.4529943863550822,"Value Function Update Magnitude":0.16263224184513092,"_step":31,"y_vel":1.4786430059619322,"Value Function Loss":0.4082517276207606,"Policy Update Magnitude":0.047126103192567825,"Timestep Collection Time":17.125730799976736}