{
    "cumulative_timesteps": 900050,
    "cumulative_model_updates": 96,
    "policy_average_reward": 72.10929461541653,
    "epoch": 16,
    "ts_since_last_save": 100008,
    "reward_running_stats": {
        "mean": [
            16.61845586740114
        ],
        "var": [
            1588198.1984913575
        ],
        "shape": [
            1
        ],
        "count": 2700
    },
    "obs_running_stats": {
        "mean": [
            0.012685205830877462,
            0.001134679196807059,
            0.15938984805827197,
            0.002219047027651181,
            0.002486592076945505,
            -0.033056720557113686,
            -0.0060500788287274135,
            0.0010338444405837985,
            -0.003970332538163147,
            0.06024796712750793,
            0.0006306609691978937,
            0.02233468892623283,
            0.04754596458326709,
            -0.06774450797596138,
            0.49996743008097844,
            0.5388152007687208,
            0.447124742517888,
            0.9946200117602537,
            0.9945980918251178,
            0.9930039715185961,
            0.9897584431063996,
            0.9778403550956094,
            0.9947322518777865,
            0.9944264698772639,
            0.9958249586607417,
            0.9966739760198194,
            0.9928716571364985,
            0.9961721825137583,
            0.9925957854815234,
            0.9962723043774298,
            0.995162305314803,
            0.9927268097117994,
            0.9904579972987408,
            0.9951120763286985,
            0.9926560470257053,
            0.978309072344481,
            0.995666447394335,
            0.9933940191487933,
            0.9914736985801492,
            0.9955799106921711,
            0.993330891002977,
            0.9966982271656503,
            0.99057658656203,
            0.9939935720393451,
            0.9943850663687369,
            0.9920724440939869,
            0.9883057766076735,
            0.9749292660827158,
            0.9957946453995523,
            0.9930616871588391,
            0.993340402075804,
            0.15397307862002232,
            0.01438710278388426,
            0.10807467181457033,
            0.10093766406658873,
            0.005401062274284903,
            0.05910377126997453,
            -0.01622471592524984,
            -0.01170018180765152,
            0.37187140653921075,
            0.01727750755516688,
            0.0002711383095984918,
            -0.013765121591436837,
            0.01001816969738268,
            0.00013237377049318147,
            0.010178327317482583,
            0.1150780611926695,
            0.10554984841848285,
            0.20887966804290833,
            0.0
        ],
        "var": [
            39568.363131946426,
            28916.72625193221,
            4783.7975714940585,
            5092.589373792658,
            5419.10218078363,
            4624.554688803771,
            36741.74143678912,
            35558.37345125735,
            15855.285195969826,
            32226.88115218613,
            28152.44834554218,
            30386.34634832175,
            29708.17943062448,
            30065.150154994677,
            32146.708665269147,
            31951.94737762915,
            31786.013306505414,
            660.3258559006593,
            663.6471587716247,
            836.0274483852768,
            1324.4858542707998,
            2771.9908065005006,
            658.0876813768281,
            679.8706181587108,
            559.0310564314705,
            400.4707830270916,
            861.2379678703286,
            548.2292036629048,
            884.2583499171947,
            504.4608370179216,
            644.1945378721597,
            901.7370155474262,
            1195.1308846268396,
            627.6899877925281,
            899.8527863655621,
            2732.634453786315,
            588.4719670156879,
            814.6984645002066,
            1044.9407399848815,
            578.810713792923,
            818.2040028936692,
            410.27859922010276,
            1174.8688894515758,
            752.071268126573,
            720.7570249117866,
            953.9523171680635,
            1471.962510510384,
            3145.079643320678,
            547.921154293119,
            853.7974339665573,
            816.1705659492707,
            41373.10857132611,
            35180.7996575959,
            3246.2656960340832,
            50026.0994029115,
            53690.22191182625,
            23103.779835407942,
            30862.060947302012,
            29430.97713008572,
            50453.94258246445,
            8721.0901811986,
            9399.247057784076,
            2670.4381934826006,
            23128.672991362844,
            23985.79636089435,
            8307.722883841134,
            6745.036336155957,
            12134.85152187852,
            21242.99019701627,
            0.0
        ],
        "shape": [
            70
        ],
        "count": 128586
    },
    "wandb_run_id": "y20wl1cc",
    "wandb_project": "rlgym-ppo",
    "wandb_entity": "gashfraude-epsi",
    "wandb_group": "unnamed-runs",
    "wandb_config": {
        "n_proc": 8,
        "min_inference_size": 7,
        "timestep_limit": 200000000,
        "exp_buffer_size": 150000,
        "ts_per_iteration": 50000,
        "standardize_returns": true,
        "standardize_obs": true,
        "policy_layer_sizes": [
            256,
            256,
            256
        ],
        "critic_layer_sizes": [
            256,
            256,
            256
        ],
        "ppo_epochs": 2,
        "ppo_batch_size": 50000,
        "ppo_minibatch_size": 50000,
        "ppo_ent_coef": 0.01,
        "ppo_clip_range": 0.2,
        "gae_lambda": 0.95,
        "gae_gamma": 0.99,
        "policy_lr": 0.0001,
        "critic_lr": 0.0001,
        "shm_buffer_size": 8192
    }
}