{
    "cumulative_timesteps": 401595848,
    "cumulative_model_updates": 48102,
    "policy_average_reward": 144.86946199067674,
    "epoch": 8017,
    "ts_since_last_save": 500158,
    "reward_running_stats": {
        "mean": [
            28.962568895139395
        ],
        "var": [
            4526463294.472983
        ],
        "shape": [
            1
        ],
        "count": 1204350
    },
    "obs_running_stats": {
        "mean": [
            -0.014582406965475933,
            0.117732295264723,
            0.13171176197654744,
            0.000688628839601324,
            0.02485225417211798,
            -0.022747217514882283,
            -0.05291673785446055,
            0.005099071482800651,
            0.0076337283449879915,
            0.567143418395254,
            -0.5228022040724302,
            0.41758080879491444,
            -0.23719469723429876,
            0.20305767144351788,
            0.14126328044786354,
            0.5216718222599875,
            0.24900182239452934,
            0.9886260738636424,
            0.990121804036911,
            0.9884116994497565,
            0.9778066824338445,
            0.9720596079158009,
            0.987724986851173,
            0.9869272099012972,
            0.9856585801208129,
            0.9912200473970643,
            0.9885194021595559,
            0.9875886075975092,
            0.9858287654228594,
            0.9871582922068787,
            0.9825533527102781,
            0.9849564509543228,
            0.9736409832450171,
            0.9850377967980247,
            0.9841592886152787,
            0.9685100915113651,
            0.9869540552865892,
            0.9831308790056684,
            0.9852019690808987,
            0.9865300747509909,
            0.9859389499406729,
            0.9895704443421686,
            0.988360377822561,
            0.9858968075790419,
            0.9860781250088758,
            0.9867874411799321,
            0.9659593837963575,
            0.9690979945880132,
            0.9848538017785722,
            0.9867794757792818,
            0.9887295700164954,
            0.01132232955284011,
            0.058053861498752767,
            0.07038321843900396,
            0.07107077381679805,
            0.0671085542845975,
            0.030491259201137478,
            -0.010830047844356452,
            0.028270309243909903,
            0.4097315583182566,
            -0.0007123539886555754,
            0.015958868330911678,
            -0.009588080443740267,
            -0.025862780239929578,
            -0.06575304022507517,
            -0.05569492297018413,
            0.11704619741883754,
            0.23391419117874634,
            0.3817009629208922,
            0.0
        ],
        "var": [
            18313365.951843694,
            15245768.375885986,
            1618010.5012866557,
            2298392.8275323086,
            3068798.2562633255,
            1521833.7904603921,
            19533219.91619999,
            16947365.47828975,
            7846253.623652416,
            17779680.86293024,
            20180263.142109852,
            26836580.630352687,
            33779338.709007494,
            34687227.5551917,
            6949508.708117472,
            14265460.054788599,
            10675159.07385099,
            457388.43227296777,
            396344.3797575966,
            457677.1187551884,
            966282.1973578552,
            1210059.581375123,
            504600.49964515807,
            532770.7352340173,
            598757.4689628424,
            346959.1840497862,
            439681.7318365289,
            510689.73865801346,
            573507.1503539244,
            533154.5062845859,
            752607.137028703,
            611076.2936696543,
            1187410.3879045772,
            625626.9720848952,
            657720.6158399227,
            1387094.697610275,
            555882.7933731821,
            728128.1866323204,
            603898.9578690323,
            582697.2709552406,
            581134.4619495666,
            460672.084688649,
            468364.2371650085,
            603833.4473678123,
            607957.9964982703,
            557753.8279162982,
            1636121.0960989867,
            1420205.151183718,
            708022.3595998343,
            577620.7920225406,
            477881.49969294283,
            17419436.258381173,
            14722772.81003333,
            1037497.9314589953,
            23519219.732655596,
            26034581.311641697,
            7135738.152278838,
            11998402.682499686,
            11375010.911516048,
            24308220.371127564,
            4284091.31379585,
            6162423.009972702,
            712404.809877378,
            13244930.784949586,
            14005280.240187129,
            6291341.511874103,
            3215732.8034002404,
            10179967.086940655,
            13620013.963428037,
            0.0
        ],
        "shape": [
            70
        ],
        "count": 57370837
    },
    "wandb_run_id": "9prg5n79",
    "wandb_project": "rlgym-ppo",
    "wandb_entity": "gashfraude-epsi",
    "wandb_group": "unnamed-runs",
    "wandb_config": {
        "n_proc": 6,
        "min_inference_size": 5,
        "timestep_limit": 1e+16,
        "exp_buffer_size": 150000,
        "ts_per_iteration": 50000,
        "standardize_returns": true,
        "standardize_obs": true,
        "policy_layer_sizes": [
            512,
            512,
            256
        ],
        "critic_layer_sizes": [
            512,
            512,
            256
        ],
        "ppo_epochs": 2,
        "ppo_batch_size": 50000,
        "ppo_minibatch_size": 50000,
        "ppo_ent_coef": 0.01,
        "ppo_clip_range": 0.2,
        "gae_lambda": 0.95,
        "gae_gamma": 0.99,
        "policy_lr": 0.0002,
        "critic_lr": 0.0002,
        "shm_buffer_size": 8192
    }
}