{
    "cumulative_timesteps": 337317637,
    "cumulative_model_updates": 40410,
    "policy_average_reward": 75.68799785091161,
    "epoch": 6735,
    "ts_since_last_save": 500170,
    "reward_running_stats": {
        "mean": [
            29.884678031967226
        ],
        "var": [
            4298198935.890869
        ],
        "shape": [
            1
        ],
        "count": 1011600
    },
    "obs_running_stats": {
        "mean": [
            -0.01408563516165008,
            0.09192424776132051,
            0.13092181167912867,
            0.0007826162262040611,
            0.017142250566658607,
            -0.02287550479458618,
            -0.03835975618953528,
            0.005349721999635674,
            0.006132652623693047,
            0.5587873192069761,
            -0.5319149601799406,
            0.412433695920814,
            -0.2337630309418908,
            0.1854754477071993,
            0.14752579108021668,
            0.535765183070196,
            0.2659681289286858,
            0.9879639781290829,
            0.9894907676127693,
            0.9876657966484483,
            0.9765204892626632,
            0.9706385251375942,
            0.9871439623036824,
            0.9863022811234261,
            0.9849380404330389,
            0.9906233913677395,
            0.9877609649922379,
            0.987042896310526,
            0.9851591249571089,
            0.9866401101587665,
            0.9816376810751872,
            0.9842204848461178,
            0.9732637058195087,
            0.9844775160256085,
            0.9835665519938633,
            0.9674611993050498,
            0.98661920789831,
            0.9823575697832048,
            0.9846114636821083,
            0.9865206336695109,
            0.9856294550603104,
            0.9894107487639654,
            0.9877909233555706,
            0.9856360387716778,
            0.9863600190541967,
            0.9868372945127386,
            0.9663991094506896,
            0.9691174643648172,
            0.9857725427149919,
            0.9872090661272132,
            0.9884719996493635,
            0.01328233496422728,
            0.04214567997691297,
            0.0711449586537075,
            0.06794251887862596,
            0.05340838004104757,
            0.03233465391160252,
            -0.007567950774001364,
            0.027249456666544023,
            0.39237173875718157,
            -0.000754317583113739,
            0.009963926699092804,
            -0.00951175714613943,
            -0.030909273785522395,
            -0.06767781930350372,
            -0.056752593601054196,
            0.11378701624053106,
            0.21359951698800164,
            0.3593119434061856,
            0.0
        ],
        "var": [
            15678735.653673012,
            12586921.823344134,
            1358771.6839245178,
            1920480.6001609818,
            2383522.559223766,
            1268547.4243706795,
            16034239.89925921,
            14399769.41482457,
            6504324.203991338,
            15260634.14892908,
            16632451.292099524,
            22681777.11043027,
            28359775.44210981,
            29491046.514569648,
            6050214.82261549,
            11935115.1430523,
            9354562.581852654,
            385292.45076101343,
            336321.4547652644,
            387583.3741289553,
            826161.2527817797,
            1025218.1196564329,
            420562.4638203729,
            443605.84904480714,
            502655.1820692955,
            295274.01458064653,
            371151.13735017745,
            423765.1390554788,
            476555.05024792085,
            441064.54284958204,
            637741.1312995855,
            509387.2559630773,
            968961.1480835892,
            516466.6039371138,
            542206.944176671,
            1154349.0123534824,
            453359.22748856456,
            611817.2015822481,
            497621.8083682883,
            461117.091298312,
            468322.95356491307,
            373434.17876867886,
            389512.87104193243,
            488364.1491067991,
            468689.15500969515,
            435692.2127427283,
            1314423.8561614146,
            1144332.8956560008,
            528075.3608032763,
            437664.21620826476,
            387684.92651055177,
            14850717.187649187,
            12239336.00834165,
            872836.4639287235,
            19755756.0695245,
            21771318.72627535,
            6171075.26977688,
            10350830.828106852,
            9746358.348421315,
            20628448.22160745,
            3567417.57194306,
            4866176.707963124,
            605205.9015290603,
            11403888.527298262,
            12131312.582095655,
            5351508.012883964,
            2618286.5028234487,
            7993615.735069493,
            11173453.211521424,
            0.0
        ],
        "shape": [
            70
        ],
        "count": 48188236
    },
    "wandb_run_id": "9prg5n79",
    "wandb_project": "rlgym-ppo",
    "wandb_entity": "gashfraude-epsi",
    "wandb_group": "unnamed-runs",
    "wandb_config": {
        "n_proc": 6,
        "min_inference_size": 5,
        "timestep_limit": 1e+16,
        "exp_buffer_size": 150000,
        "ts_per_iteration": 50000,
        "standardize_returns": true,
        "standardize_obs": true,
        "policy_layer_sizes": [
            512,
            512,
            256
        ],
        "critic_layer_sizes": [
            512,
            512,
            256
        ],
        "ppo_epochs": 2,
        "ppo_batch_size": 50000,
        "ppo_minibatch_size": 50000,
        "ppo_ent_coef": 0.01,
        "ppo_clip_range": 0.2,
        "gae_lambda": 0.95,
        "gae_gamma": 0.99,
        "policy_lr": 0.0002,
        "critic_lr": 0.0002,
        "shm_buffer_size": 8192
    }
}