{
    "cumulative_timesteps": 362878697,
    "cumulative_model_updates": 43470,
    "policy_average_reward": 226.75712976686802,
    "epoch": 7245,
    "ts_since_last_save": 500261,
    "reward_running_stats": {
        "mean": [
            29.601742930282306
        ],
        "var": [
            4415748668.4957285
        ],
        "shape": [
            1
        ],
        "count": 1088250
    },
    "obs_running_stats": {
        "mean": [
            -0.014916972592057773,
            0.1032700208154927,
            0.1311350725519866,
            0.0007564172881345928,
            0.020053528032623533,
            -0.02280222132670516,
            -0.04382364716120804,
            0.005310398130635185,
            0.0069089193702741745,
            0.5625408362766177,
            -0.5286208053346333,
            0.4148991962977448,
            -0.2361653879863569,
            0.19021785447041548,
            0.1442463190197231,
            0.530139595448565,
            0.25862418117561836,
            0.9882761415970661,
            0.989782576187105,
            0.9880013944884226,
            0.9771118939817393,
            0.9713277207623929,
            0.9874219117881247,
            0.986605162528203,
            0.9852835653923694,
            0.9908870967124617,
            0.9881205498999862,
            0.9872969269322879,
            0.9854858746216625,
            0.9868805567403917,
            0.9820744973736582,
            0.9845726497138844,
            0.9734728639134765,
            0.9847555955626168,
            0.9838569860893417,
            0.9680166803244763,
            0.9867835609666432,
            0.9827360963067174,
            0.9849063040698278,
            0.9865269026829787,
            0.9858159949680364,
            0.9894590995919602,
            0.9880620743969704,
            0.9858063355478526,
            0.9862688436075896,
            0.98687474974023,
            0.9660063098295264,
            0.9691468828619235,
            0.9853238856146382,
            0.9870834699698043,
            0.9885850096091383,
            0.011848840126583556,
            0.04938967951011705,
            0.07075271019619467,
            0.06942214612373583,
            0.059292474239842644,
            0.031425442187828785,
            -0.008802168650462384,
            0.02778288285658212,
            0.40006100506903186,
            -0.0007313414604880817,
            0.012214626536057017,
            -0.009527441578876496,
            -0.028472593491159725,
            -0.06728632691297705,
            -0.056281736505400984,
            0.11489457606460918,
            0.22248431464537582,
            0.36980883046491525,
            0.0
        ],
        "var": [
            16749573.469872661,
            13647067.314409869,
            1460401.9446646362,
            2068094.2695830686,
            2638735.1347160162,
            1367283.5553738924,
            17403847.08832214,
            15422909.013423437,
            7037449.83384105,
            16263619.361524578,
            18026102.343332127,
            24328173.182927735,
            30498309.812440585,
            31623362.01183325,
            6389040.717946908,
            12862559.003439128,
            9886465.259150054,
            412915.95580612775,
            359479.69819458795,
            415093.1757828233,
            880648.7355011342,
            1095631.5232649767,
            452861.4155658448,
            477663.10100601293,
            539448.1641583983,
            315774.72448384465,
            397104.74088617787,
            457635.00425768155,
            513502.0178699008,
            477062.8416608213,
            681738.6294267309,
            548411.7553337574,
            1053715.4115526732,
            558296.2877445887,
            586663.2778476138,
            1242362.7971930099,
            493273.0374487346,
            656165.585894133,
            538130.9932890875,
            509358.38275007,
            510649.98447611363,
            409238.68160081527,
            419833.9812656017,
            531485.8538752417,
            522414.41172574245,
            481233.594209817,
            1451983.7444023401,
            1252189.4205093621,
            601874.9580198185,
            490117.4102905901,
            423571.060118719,
            15880845.099796476,
            13230787.904989358,
            936759.5958462284,
            21250767.672203213,
            23467376.65279231,
            6558587.261434982,
            11007609.469566954,
            10393941.924826657,
            22092123.42010159,
            3844948.3375172694,
            5351994.679908283,
            647142.081458598,
            12125664.000384929,
            12876727.179401048,
            5725806.614331669,
            2848756.8436380676,
            8866721.069181355,
            12161472.760630662,
            0.0
        ],
        "shape": [
            70
        ],
        "count": 51839816
    },
    "wandb_run_id": "9prg5n79",
    "wandb_project": "rlgym-ppo",
    "wandb_entity": "gashfraude-epsi",
    "wandb_group": "unnamed-runs",
    "wandb_config": {
        "n_proc": 6,
        "min_inference_size": 5,
        "timestep_limit": 1e+16,
        "exp_buffer_size": 150000,
        "ts_per_iteration": 50000,
        "standardize_returns": true,
        "standardize_obs": true,
        "policy_layer_sizes": [
            512,
            512,
            256
        ],
        "critic_layer_sizes": [
            512,
            512,
            256
        ],
        "ppo_epochs": 2,
        "ppo_batch_size": 50000,
        "ppo_minibatch_size": 50000,
        "ppo_ent_coef": 0.01,
        "ppo_clip_range": 0.2,
        "gae_lambda": 0.95,
        "gae_gamma": 0.99,
        "policy_lr": 0.0002,
        "critic_lr": 0.0002,
        "shm_buffer_size": 8192
    }
}