{
    "cumulative_timesteps": 403396680,
    "cumulative_model_updates": 48318,
    "policy_average_reward": 117.99743700111883,
    "epoch": 8053,
    "ts_since_last_save": 300216,
    "reward_running_stats": {
        "mean": [
            28.940773166170114
        ],
        "var": [
            4531845966.593751
        ],
        "shape": [
            1
        ],
        "count": 1209750
    },
    "obs_running_stats": {
        "mean": [
            -0.014535762348731957,
            0.1183833373224525,
            0.13173455093102202,
            0.0006847691950806687,
            0.02507412493140295,
            -0.022745815906812978,
            -0.05332158439475828,
            0.005077989708659252,
            0.007687619918885246,
            0.5673116537636422,
            -0.5225121613436469,
            0.41769698536938293,
            -0.23723217618392603,
            0.20352893006489994,
            0.14118110642242074,
            0.5213430101817897,
            0.24862276324475593,
            0.9886400092118464,
            0.9901381896995423,
            0.9884281535376154,
            0.9778292317650829,
            0.9720855496570673,
            0.9877360037366842,
            0.9869388555928511,
            0.9856710651419155,
            0.9912317906162715,
            0.9885360348459262,
            0.9876025412036675,
            0.985841965684627,
            0.9871716480283457,
            0.9825706592319761,
            0.9849688601521909,
            0.9736559958350481,
            0.9850428844439522,
            0.9841724279913421,
            0.9685314374414148,
            0.9869616594380012,
            0.9831435597458196,
            0.9852105925866168,
            0.9865303920690924,
            0.9859378282621305,
            0.9895787756585711,
            0.98837612397544,
            0.9858988933911669,
            0.9860661266167443,
            0.9867794255777816,
            0.9659485613493816,
            0.9690888129699475,
            0.9848396511484423,
            0.9867617088434675,
            0.9887327358695165,
            0.011313777526226828,
            0.05844899743536206,
            0.07036729974885311,
            0.0711292962253152,
            0.06744182799462087,
            0.03042705427258952,
            -0.010918161500489822,
            0.028300091345088457,
            0.4101154217750656,
            -0.0007195618113370813,
            0.01613309361160137,
            -0.009591363731334453,
            -0.025765152513172632,
            -0.06571676375821893,
            -0.05567439404342748,
            0.11715776275998688,
            0.2343333096661093,
            0.3821270264112938,
            0.0
        ],
        "var": [
            18384890.399533167,
            15318785.726372352,
            1625333.457849902,
            2309172.3966420786,
            3089364.642448874,
            1529094.3553075176,
            19631795.538074296,
            17017593.749834847,
            7883633.755734391,
            17852027.70246703,
            20282571.595443077,
            26953159.46691406,
            33931887.60756335,
            34829388.178439796,
            6977318.508634598,
            14330469.557648009,
            10712292.740388174,
            459496.40826845175,
            397934.9165353359,
            459697.5323708186,
            970623.1351879971,
            1215635.24807838,
            507100.3159793979,
            535436.3088659424,
            601695.1844427581,
            348533.22795740224,
            441664.81637000595,
            513060.03018320684,
            576362.0364435173,
            535665.8390022604,
            756054.6137953675,
            614194.5803181594,
            1193193.239397863,
            629134.1517873341,
            660998.0409535787,
            1393788.040725509,
            558768.4388740051,
            731688.6241038487,
            607167.326074895,
            586098.0864340717,
            584763.7801816541,
            462857.11179407063,
            470437.4930208819,
            607293.6683413521,
            612161.8738260726,
            561557.7073273296,
            1645161.5239781092,
            1428405.7773777235,
            712650.6278450222,
            581973.7368512349,
            480569.93355786544,
            17489337.379318725,
            14792039.146990335,
            1042116.0883034691,
            23625069.22324688,
            26153381.74488092,
            7162813.678583211,
            12044879.610873897,
            11420771.051191213,
            24411475.93765786,
            4304431.255129757,
            6200689.391233147,
            715474.6399471102,
            13297898.637156745,
            14058552.356305132,
            6318047.355667506,
            3233268.0489174277,
            10238911.250474283,
            13686527.718004124,
            0.0
        ],
        "shape": [
            70
        ],
        "count": 57628098
    },
    "wandb_run_id": "9prg5n79",
    "wandb_project": "rlgym-ppo",
    "wandb_entity": "gashfraude-epsi",
    "wandb_group": "unnamed-runs",
    "wandb_config": {
        "n_proc": 6,
        "min_inference_size": 5,
        "timestep_limit": 1e+16,
        "exp_buffer_size": 150000,
        "ts_per_iteration": 50000,
        "standardize_returns": true,
        "standardize_obs": true,
        "policy_layer_sizes": [
            512,
            512,
            256
        ],
        "critic_layer_sizes": [
            512,
            512,
            256
        ],
        "ppo_epochs": 2,
        "ppo_batch_size": 50000,
        "ppo_minibatch_size": 50000,
        "ppo_ent_coef": 0.01,
        "ppo_clip_range": 0.2,
        "gae_lambda": 0.95,
        "gae_gamma": 0.99,
        "policy_lr": 0.0002,
        "critic_lr": 0.0002,
        "shm_buffer_size": 8192
    }
}