{
    "cumulative_timesteps": 2100138,
    "cumulative_model_updates": 226,
    "policy_average_reward": 119.64369870309496,
    "epoch": 38,
    "ts_since_last_save": 100000,
    "reward_running_stats": {
        "mean": [
            15.280809549997482
        ],
        "var": [
            3401043.725037959
        ],
        "shape": [
            1
        ],
        "count": 6300
    },
    "obs_running_stats": {
        "mean": [
            0.009926769686231176,
            -0.004307262572964278,
            0.15849651952494387,
            0.0007876771458595084,
            -0.0011040602412606504,
            -0.03322387642001105,
            0.00012608713253814942,
            0.0003737876945242089,
            0.001902421624140196,
            0.07711344257580705,
            0.03615036229680716,
            0.043134347437469356,
            0.05791232644273958,
            -0.07805623396672423,
            0.5012159345003121,
            0.5413333891264258,
            0.4469312064334522,
            0.9948311440748773,
            0.9959016559745558,
            0.9930519644353921,
            0.9900677913423557,
            0.9795570380578066,
            0.9948392517313693,
            0.995181491122889,
            0.9955475463271611,
            0.9960814058797798,
            0.992558627934097,
            0.9955397074277365,
            0.9931736638555474,
            0.9956092822977789,
            0.9947935851932952,
            0.992899847191926,
            0.9904709326546773,
            0.9953520076486805,
            0.9940627494378721,
            0.97881800369464,
            0.9954196163154362,
            0.9934357800532739,
            0.9920061494857871,
            0.9953558638126734,
            0.9930954182321136,
            0.99688506408886,
            0.9917516513891195,
            0.9938627234114713,
            0.9943771477941492,
            0.9923460876599571,
            0.9890119076042659,
            0.9779394272780123,
            0.9958978564302564,
            0.9933933395939192,
            0.9939027582320383,
            0.14898894298427198,
            0.008300649107294516,
            0.10699397535386132,
            0.09661396724795211,
            0.002300385278837628,
            0.05859602688743426,
            -0.01727290196514499,
            -0.009259200244238604,
            0.3664418497753353,
            0.017691234295208403,
            0.0007402289477313401,
            -0.013300867113541438,
            0.00691686379481395,
            -0.0028142821573138256,
            0.011594056434234482,
            0.11220358510181458,
            0.10535831164212148,
            0.2099351422708904,
            0.0
        ],
        "var": [
            92208.31823090148,
            67102.61952140658,
            11063.164019443619,
            12067.976384208312,
            12538.301445134182,
            10765.378347115931,
            84900.00173736313,
            84434.4926177307,
            36842.95993512707,
            77413.91723560916,
            64891.5728249552,
            72769.25012291646,
            71732.27613633846,
            71752.62647631837,
            75006.26521421969,
            74493.0984559304,
            74160.55084750254,
            1515.0318681314382,
            1197.3600131049755,
            2012.8372002524727,
            2971.375978410161,
            5993.747670419477,
            1524.6651469123028,
            1405.8990322615784,
            1354.324616617982,
            1145.2862441568277,
            2167.158198069642,
            1390.1444895443965,
            1973.3268709790375,
            1338.4636095619217,
            1579.0711419856043,
            2088.414162861514,
            2811.5953179865687,
            1390.280426937519,
            1733.211698282878,
            6224.518940645186,
            1401.5922508276917,
            1927.3820114028524,
            2337.1165060846884,
            1399.85196179465,
            2023.619909999216,
            918.7693057186772,
            2428.8750735806157,
            1814.4094594910605,
            1680.3252553076356,
            2221.457215891563,
            3246.3226794929883,
            6474.887992210516,
            1235.146486566644,
            1936.8920644421182,
            1783.7195127516072,
            96381.77628625985,
            82512.36250114991,
            7545.012817889684,
            116620.63256154163,
            125452.23506090604,
            54118.01084040058,
            71870.51961782391,
            68612.8266777169,
            119134.41602410213,
            20042.732032899647,
            21813.19504746885,
            6157.9071966425845,
            54884.70774572038,
            56770.59974467195,
            19759.12004476187,
            15349.080681220694,
            28274.99787819813,
            49757.314328856286,
            0.0
        ],
        "shape": [
            70
        ],
        "count": 300026
    },
    "wandb_run_id": "y20wl1cc",
    "wandb_project": "rlgym-ppo",
    "wandb_entity": "gashfraude-epsi",
    "wandb_group": "unnamed-runs",
    "wandb_config": {
        "n_proc": 8,
        "min_inference_size": 7,
        "timestep_limit": 200000000,
        "exp_buffer_size": 150000,
        "ts_per_iteration": 50000,
        "standardize_returns": true,
        "standardize_obs": true,
        "policy_layer_sizes": [
            256,
            256,
            256
        ],
        "critic_layer_sizes": [
            256,
            256,
            256
        ],
        "ppo_epochs": 2,
        "ppo_batch_size": 50000,
        "ppo_minibatch_size": 50000,
        "ppo_ent_coef": 0.01,
        "ppo_clip_range": 0.2,
        "gae_lambda": 0.95,
        "gae_gamma": 0.99,
        "policy_lr": 0.0001,
        "critic_lr": 0.0001,
        "shm_buffer_size": 8192
    }
}