{"_runtime":46761,"Policy Reward":16.67027485012133,"SB3 Clip Fraction":0.03955999885996183,"episode_goals":0,"x_vel":-25.091872048079402,"Policy Entropy":1.4189374049504597,"PPO Batch Consumption Time":0.028270562489827473,"Value Function Update Magnitude":0.10265994071960449,"Value Function Loss":0.27021635820468265,"Policy Update Magnitude":0.17470572888851166,"Mean KL Divergence":0.0035113053551564613,"Timestep Consumption Time":2.0215736420359462,"_timestamp":1.762895313301471e+09,"z_vel":-39.772170207205775,"y_vel":39.90900752839094,"total_goals":0,"total_touches":0,"Overall Steps per Second":7093.045848681056,"Cumulative Model Updates":15528,"Collected Steps per Second":9942.417556870254,"episode_touches":0,"_wandb":{"runtime":46761},"Cumulative Timesteps":129824481,"Timestep Collection Time":5.032377660041675,"Timesteps Collected":50034,"_step":5318,"Total Iteration Time":7.053951302077621}