{
    "cumulative_timesteps": 337867946,
    "cumulative_model_updates": 40476,
    "policy_average_reward": 78.91305069309485,
    "epoch": 6746,
    "ts_since_last_save": 50029,
    "reward_running_stats": {
        "mean": [
            29.853589992671207
        ],
        "var": [
            4299637699.443388
        ],
        "shape": [
            1
        ],
        "count": 1013250
    },
    "obs_running_stats": {
        "mean": [
            -0.014153862864178662,
            0.0921449211900997,
            0.13092151946747504,
            0.000784155911513234,
            0.01719255300273813,
            -0.02287506052970816,
            -0.038475276990765146,
            0.005360217238628155,
            0.006162379501026749,
            0.5588393499033725,
            -0.5318457081970727,
            0.4125048063562213,
            -0.2338646576507638,
            0.18548430106298444,
            0.1474734386377667,
            0.5356410043557475,
            0.2658121761347496,
            0.9879741968169613,
            0.9894938379147931,
            0.9876741391384599,
            0.9765329587979946,
            0.9706518734642621,
            0.9871501091777172,
            0.9863090116196958,
            0.9849440509972516,
            0.9906295270789366,
            0.9877683444661731,
            0.9870509688416196,
            0.9851680281735894,
            0.986648445094303,
            0.9816490050385659,
            0.9842323050154385,
            0.9732717838375933,
            0.9844871979414748,
            0.9835752107717025,
            0.9674789562193689,
            0.986626354507996,
            0.982372154892128,
            0.9846170738505736,
            0.9865253510656947,
            0.9856364734331016,
            0.9894114839388014,
            0.9878016310928303,
            0.9856437094019296,
            0.9863620560783236,
            0.9868432571815814,
            0.9663865660101462,
            0.9691348440236719,
            0.9857654675857119,
            0.9872088707976621,
            0.9884732693670478,
            0.013224447225881295,
            0.04228497118108385,
            0.07113706601401097,
            0.06799188057723933,
            0.053556984533087874,
            0.03232071131672564,
            -0.007588271704283059,
            0.02725141681529186,
            0.39250762991841776,
            -0.0007544046672017352,
            0.010004806057318306,
            -0.009511930474596548,
            -0.030850223364868916,
            -0.067693889702282,
            -0.05674663179017659,
            0.11380520259618183,
            0.21374072487892726,
            0.35949404213220065,
            0.0
        ],
        "var": [
            15702908.184573008,
            12609704.172323024,
            1360912.8235702962,
            1923473.500897986,
            2388218.8446174185,
            1270600.584315124,
            16062449.140330529,
            14422485.15501452,
            6515190.935864568,
            15283967.557632698,
            16663145.995254133,
            22716809.244203065,
            28404394.83760931,
            29538705.097571164,
            6058320.264966834,
            11955096.569909796,
            9366386.257748106,
            385745.9298565977,
            336993.8864539292,
            388148.34383742657,
            827390.1682662504,
            1026852.1706233525,
            421271.09704689874,
            444351.99601287843,
            503540.08457406453,
            295713.65457551426,
            371754.07721466664,
            424391.03444160573,
            477287.48626971355,
            441709.2569861862,
            638631.6904407108,
            510055.6795105294,
            970637.7968928874,
            517215.16488108534,
            543073.4457872775,
            1156022.5366760532,
            454061.38043202413,
            612500.5614051119,
            498550.52400097414,
            461940.9445603998,
            469107.4521768753,
            374223.11486443825,
            389956.7668889703,
            489117.5620927155,
            469651.21056102094,
            436433.166702503,
            1317541.4034081788,
            1145898.7148954945,
            529509.7277051237,
            438666.11281635053,
            388520.89176911896,
            14873594.503746072,
            12260831.163972875,
            874203.0422771807,
            19787867.611306764,
            21807115.126505677,
            6180066.393216768,
            10365688.675592626,
            9760812.821441123,
            20660417.575740147,
            3572978.0553901284,
            4874741.44894349,
            606108.0152776041,
            11420041.646342335,
            12148121.831454033,
            5359815.726792412,
            2623080.7150784316,
            8010724.293484023,
            11194022.662492765,
            0.0
        ],
        "shape": [
            70
        ],
        "count": 48266852
    },
    "wandb_run_id": "9prg5n79",
    "wandb_project": "rlgym-ppo",
    "wandb_entity": "gashfraude-epsi",
    "wandb_group": "unnamed-runs",
    "wandb_config": {
        "n_proc": 6,
        "min_inference_size": 5,
        "timestep_limit": 1e+16,
        "exp_buffer_size": 150000,
        "ts_per_iteration": 50000,
        "standardize_returns": true,
        "standardize_obs": true,
        "policy_layer_sizes": [
            512,
            512,
            256
        ],
        "critic_layer_sizes": [
            512,
            512,
            256
        ],
        "ppo_epochs": 2,
        "ppo_batch_size": 50000,
        "ppo_minibatch_size": 50000,
        "ppo_ent_coef": 0.01,
        "ppo_clip_range": 0.2,
        "gae_lambda": 0.95,
        "gae_gamma": 0.99,
        "policy_lr": 0.0002,
        "critic_lr": 0.0002,
        "shm_buffer_size": 8192
    }
}