{"y_vel":-54.092073414782284,"Policy Update Magnitude":0.029418591409921646,"Collected Steps per Second":3261.7301767944296,"Timestep Collection Time":15.329594199953135,"Timestep Consumption Time":4.405524300062098,"Value Function Update Magnitude":0.06638488173484802,"Policy Entropy":0.17293284088373184,"x_vel":-7.906821938170213,"_wandb":{"runtime":3910},"SB3 Clip Fraction":0.17424666788429022,"Policy Reward":289.6872945847846,"Cumulative Model Updates":2086,"_runtime":3910,"Cumulative Timesteps":17950802,"Mean KL Divergence":0.012488854040081302,"_timestamp":1.762822969165497e+09,"PPO Batch Consumption Time":0.5272020896275839,"z_vel":-22.40618644018918,"Overall Steps per Second":2533.6052580561604,"Value Function Loss":0.2243791992465655,"Timesteps Collected":50001,"_step":330,"Total Iteration Time":19.735118500015233}