{
    "cumulative_timesteps": 17700792,
    "cumulative_model_updates": 2068,
    "policy_average_reward": 281.4269901348434,
    "epoch": 345,
    "ts_since_last_save": 50000,
    "reward_running_stats": {
        "mean": [
            34.25979880267984
        ],
        "var": [
            78055934.65265588
        ],
        "shape": [
            1
        ],
        "count": 53100
    },
    "obs_running_stats": {
        "mean": [
            0.0010353304209482013,
            0.0006794456581298629,
            0.15666159485687456,
            -0.0006649457855865913,
            -0.0004846513611035761,
            -0.03257996893790752,
            0.0009082082639400422,
            -0.0016092066391925539,
            0.000803949045760121,
            0.19593026327675922,
            0.051836268708379526,
            0.05854323506106504,
            0.08481565832117285,
            -0.09835723810769527,
            0.5135211666936934,
            0.4990252223311373,
            0.562610326834068,
            0.9941792774879152,
            0.9949853007707411,
            0.9937696578944024,
            0.9882983108889897,
            0.9819829808582253,
            0.9941462297207612,
            0.9934350627896986,
            0.993421152840697,
            0.995385480486508,
            0.9924840055018622,
            0.994248715642537,
            0.9923042786109344,
            0.9937472201120815,
            0.9923402729760291,
            0.9916667337186819,
            0.9878146422337118,
            0.9927225033087731,
            0.9918240884058527,
            0.9792227630994745,
            0.9933826418303164,
            0.9920356182123786,
            0.9916896180966702,
            0.9938168087151097,
            0.992137996443456,
            0.9952103376289263,
            0.9928462036279716,
            0.9930017690811599,
            0.9937928278000465,
            0.9927019969629569,
            0.9873836893246467,
            0.9817269883071637,
            0.9947404544465118,
            0.993422213458125,
            0.993578752673855,
            0.07949897999478034,
            0.0044622412842863345,
            0.11411899234444307,
            0.10667102806739828,
            -0.00911064426728762,
            0.054002439009661216,
            -0.08812230172338005,
            0.002569135905091855,
            0.4045729805768871,
            0.0004931229792066212,
            0.0023478593481644815,
            -0.01157273135267576,
            -0.025074202565669217,
            -0.05146753245899738,
            0.008957876656807084,
            0.12321277576434068,
            0.09445342122426437,
            0.19593243650261832,
            0.0
        ],
        "var": [
            785054.7781148463,
            568158.4960212497,
            91360.84687074098,
            104684.26000831829,
            107422.62706328975,
            89017.6401079212,
            722831.0700955153,
            720429.184054548,
            315183.89636221743,
            490648.1828468345,
            484191.10243000253,
            431714.95134314336,
            456720.917280262,
            461647.005939271,
            631709.9091337665,
            632168.7748547954,
            622258.4220795069,
            14605.37368514707,
            12589.809932924396,
            15599.164521222387,
            29264.72111949677,
            44724.28800006772,
            14700.00622899888,
            16458.882635916012,
            16550.827708373385,
            11589.047905251702,
            18813.92581992896,
            14517.471169570277,
            19249.548401071926,
            15739.382868474804,
            19245.84216245608,
            20869.938617095362,
            30417.371577783393,
            18270.837870624833,
            20467.756407514844,
            51451.51533820847,
            16656.15696670765,
            19949.911664271305,
            20797.651279401452,
            15551.646491235664,
            19690.622137676015,
            12040.670114087083,
            17934.877252497146,
            17556.86719643557,
            15601.383231044234,
            18262.353383226968,
            31486.052727276277,
            45364.56490742252,
            13239.244559105655,
            16491.57814672138,
            16098.609467845461,
            808448.9295394495,
            645542.8109523369,
            62743.38983669181,
            994420.9460096842,
            1079147.9824016504,
            418758.79238893924,
            601286.4088654226,
            535322.692497553,
            958526.0938124736,
            220294.90230627652,
            252436.20808209365,
            57636.32064328517,
            428717.7916638806,
            449354.26890250127,
            154255.36363941533,
            140000.75562033348,
            216278.8381624841,
            398371.17168376694,
            0.0
        ],
        "shape": [
            70
        ],
        "count": 2528688
    },
    "wandb_run_id": "y20wl1cc",
    "wandb_project": "rlgym-ppo",
    "wandb_entity": "gashfraude-epsi",
    "wandb_group": "unnamed-runs",
    "wandb_config": {
        "n_proc": 8,
        "min_inference_size": 7,
        "timestep_limit": 200000000,
        "exp_buffer_size": 150000,
        "ts_per_iteration": 50000,
        "standardize_returns": true,
        "standardize_obs": true,
        "policy_layer_sizes": [
            256,
            256,
            256
        ],
        "critic_layer_sizes": [
            256,
            256,
            256
        ],
        "ppo_epochs": 2,
        "ppo_batch_size": 50000,
        "ppo_minibatch_size": 50000,
        "ppo_ent_coef": 0.01,
        "ppo_clip_range": 0.2,
        "gae_lambda": 0.95,
        "gae_gamma": 0.99,
        "policy_lr": 0.0001,
        "critic_lr": 0.0001,
        "shm_buffer_size": 8192
    }
}