{"_runtime":27254,"Collected Steps per Second":2831.0377187053327,"Timestep Collection Time":17.663134499976877,"Mean KL Divergence":0.02048043580725789,"_timestamp":1.7628512394733508e+09,"y_vel":-0.7132783697251855,"_wandb":{"runtime":27254},"Cumulative Timesteps":55752424,"_step":2229,"PPO Batch Consumption Time":1.5877114137013753,"Policy Reward":423.7993958900521,"Timestep Consumption Time":11.173262300028,"Value Function Update Magnitude":0.11264120787382126,"Timesteps Collected":50005,"Policy Update Magnitude":0.08231372386217117,"Policy Entropy":0.3042413741350174,"SB3 Clip Fraction":0.2368599995970726,"Overall Steps per Second":1734.0932137537914,"Value Function Loss":0.26273555556933087,"z_vel":-28.277886870181444,"Total Iteration Time":28.836396800004877,"Cumulative Model Updates":6684,"x_vel":-18.321865138491233}