{
    "cumulative_timesteps": 14503082,
    "cumulative_model_updates": 578,
    "policy_average_reward": 197.89258025446466,
    "epoch": 144,
    "ts_since_last_save": 500109,
    "reward_running_stats": {
        "mean": [
            9.433834075927734
        ],
        "var": [
            4024728.0
        ],
        "shape": [
            1
        ],
        "count": 21750
    },
    "obs_running_stats": {
        "mean": [
            -0.002759065944701433,
            0.002562055131420493,
            0.16037431359291077,
            -0.00028487571398727596,
            0.0003684765542857349,
            -0.0338294580578804,
            -0.00019805050396826118,
            -0.001255831797607243,
            0.002327745081856847,
            0.11221922934055328,
            -0.023764820769429207,
            0.17306005954742432,
            -0.23827557265758514,
            -0.07257452607154846,
            0.47826087474823,
            0.42188242077827454,
            0.608283281326294,
            0.9812934398651123,
            0.9827740788459778,
            0.9794754385948181,
            0.9673682451248169,
            0.9628862142562866,
            0.980427622795105,
            0.9784821271896362,
            0.9785592555999756,
            0.9843155741691589,
            0.9791779518127441,
            0.9816225171089172,
            0.9786695241928101,
            0.9807100296020508,
            0.978303849697113,
            0.9777827262878418,
            0.9671187400817871,
            0.9797407388687134,
            0.9775723814964294,
            0.9613096714019775,
            0.9817243218421936,
            0.9790183305740356,
            0.9773834347724915,
            0.9823061227798462,
            0.9783514142036438,
            0.9850687384605408,
            0.9778934717178345,
            0.9806946516036987,
            0.9827367663383484,
            0.9793254733085632,
            0.970725953578949,
            0.9641537070274353,
            0.9835714101791382,
            0.9803491234779358,
            0.9820677638053894,
            0.03494449704885483,
            -0.019568711519241333,
            0.11004414409399033,
            0.04169531166553497,
            -0.05551062151789665,
            0.044942326843738556,
            -0.037119798362255096,
            0.050279825925827026,
            0.3725481927394867,
            -0.0065131220035254955,
            0.001708115916699171,
            -0.01233277190476656,
            -0.05196681618690491,
            -0.0659763514995575,
            -0.02172965742647648,
            0.13773788511753082,
            0.09643953293561935,
            0.1971704512834549,
            0.0
        ],
        "var": [
            659873.9375,
            478925.375,
            76198.890625,
            88197.9609375,
            90553.6328125,
            74562.3359375,
            608746.0,
            602753.0,
            263149.375,
            345042.375,
            370773.5625,
            344499.8125,
            345296.0625,
            362112.15625,
            515255.1875,
            512006.5,
            489790.84375,
            11503.6435546875,
            10560.396484375,
            12228.376953125,
            27011.7265625,
            33881.453125,
            12648.873046875,
            13715.26953125,
            14290.849609375,
            10043.0380859375,
            12180.412109375,
            12115.3583984375,
            13861.0771484375,
            12772.220703125,
            14704.0546875,
            15068.6494140625,
            27389.634765625,
            14142.9306640625,
            15371.7197265625,
            36171.0546875,
            12516.7861328125,
            14502.25390625,
            14857.4296875,
            11079.826171875,
            13905.2685546875,
            9343.3486328125,
            13221.1630859375,
            12386.1044921875,
            11012.314453125,
            12501.578125,
            23908.623046875,
            32211.072265625,
            9731.9560546875,
            11704.998046875,
            10425.40625,
            667537.8125,
            515755.375,
            50533.4296875,
            839847.75,
            861015.5,
            353858.21875,
            487114.0625,
            454425.1875,
            832125.125,
            152053.265625,
            166868.46875,
            45243.50390625,
            379731.1875,
            383044.5625,
            147319.28125,
            121818.4609375,
            181966.34375,
            330418.90625,
            0.0
        ],
        "shape": [
            70
        ],
        "count": 2071916
    },
    "wandb_run_id": "e6j64iac",
    "wandb_project": "rlgym-ppo",
    "wandb_entity": "gashfraude-epsi",
    "wandb_group": "unnamed-runs",
    "wandb_config": {
        "n_proc": 48,
        "min_inference_size": 36,
        "timestep_limit": 1000000000000000.0,
        "exp_buffer_size": 200000,
        "ts_per_iteration": 100000,
        "standardize_returns": true,
        "standardize_obs": true,
        "policy_layer_sizes": [
            512,
            512,
            256
        ],
        "critic_layer_sizes": [
            512,
            512,
            256
        ],
        "ppo_epochs": 2,
        "ppo_batch_size": 100000,
        "ppo_minibatch_size": 50000,
        "ppo_ent_coef": 0.01,
        "ppo_clip_range": 0.2,
        "gae_lambda": 0.95,
        "gae_gamma": 0.99,
        "policy_lr": 0.0002,
        "critic_lr": 0.0002,
        "shm_buffer_size": 8192
    }
}