{"Policy Reward":265.4021888083856,"x_vel":25.339318385830413,"Mean KL Divergence":0.005176515279648204,"y_vel":4.403701294163256,"_wandb":{"runtime":3719},"Cumulative Model Updates":1564,"z_vel":-26.869652167175243,"Timestep Consumption Time":7.3830923000350595,"Policy Entropy":0.28292979796727497,"_runtime":3719,"_step":317,"Cumulative Timesteps":13450614,"Timestep Collection Time":30.072644100000616,"Value Function Update Magnitude":0.02679203450679779,"Policy Update Magnitude":0.04250362142920494,"PPO Batch Consumption Time":0.9768704573313395,"_timestamp":1.7628179135916333e+09,"Collected Steps per Second":1662.806896318072,"Timesteps Collected":50005,"SB3 Clip Fraction":0.059589999417463936,"Total Iteration Time":37.455736400035676,"Overall Steps per Second":1335.042500991981,"Value Function Loss":0.2729295293490092}