{
    "cumulative_timesteps": 361878240,
    "cumulative_model_updates": 43350,
    "policy_average_reward": 201.2242859565963,
    "epoch": 7225,
    "ts_since_last_save": 500140,
    "reward_running_stats": {
        "mean": [
            29.576121673223398
        ],
        "var": [
            4410099366.762176
        ],
        "shape": [
            1
        ],
        "count": 1085250
    },
    "obs_running_stats": {
        "mean": [
            -0.014934105541476068,
            0.10280853735814527,
            0.1311157734316318,
            0.0007507858937568184,
            0.019911816107415475,
            -0.022804106265432483,
            -0.04355959839539142,
            0.005292119938811574,
            0.0068760877470023405,
            0.5623891621015021,
            -0.5288381615623211,
            0.41478108052317764,
            -0.2360346909229597,
            0.1899179077700053,
            0.14442549752910935,
            0.5304118866864144,
            0.25889932507926755,
            0.9882660907555096,
            0.9897760323772178,
            0.9879874891134316,
            0.9770897028247912,
            0.971311222682384,
            0.9874129618205763,
            0.9865948830525916,
            0.9852681621020491,
            0.9908767201826131,
            0.9881103590601429,
            0.9872892562855876,
            0.9854795417880649,
            0.9868712900894901,
            0.9820595071367929,
            0.9845632698900642,
            0.973471407126852,
            0.9847410732052172,
            0.9838449700515035,
            0.9680020929874826,
            0.9867778368335997,
            0.9827212715932001,
            0.9849012704751647,
            0.9865311079256585,
            0.985815255922333,
            0.9894553947936056,
            0.9880559000956092,
            0.9858025908952115,
            0.986280730504818,
            0.9868805549822647,
            0.9660123170340131,
            0.9691454787310001,
            0.9853448048671607,
            0.9870973768728954,
            0.988583317955153,
            0.011863199243701234,
            0.04910315758580452,
            0.07077246591186273,
            0.06934295660303617,
            0.05906350160358812,
            0.03145840145837647,
            -0.008734414441242372,
            0.027767823942865262,
            0.3996847427603342,
            -0.0007392449144464285,
            0.012096678153819868,
            -0.009526266850475478,
            -0.028539223282503814,
            -0.06734718913429269,
            -0.056293889871664685,
            0.11483569587195161,
            0.2219906274079514,
            0.36926028334461763,
            0.0
        ],
        "var": [
            16710099.506817102,
            13604786.949876599,
            1456356.9159669217,
            2062054.5079551477,
            2627477.656226269,
            1363189.9515105525,
            17348356.485105902,
            15383878.88830428,
            7016547.22193562,
            16227053.961720156,
            17969405.88479965,
            24264965.6342812,
            30415249.645322118,
            31542674.255405255,
            6377987.537008281,
            12826105.973424101,
            9865924.508341972,
            411767.4116789835,
            358365.70343059616,
            414100.49102391506,
            878547.0668272002,
            1092455.0961674566,
            451537.38347325963,
            476291.5023597262,
            538148.6675425172,
            315010.81092695927,
            395941.387846031,
            456228.9894906273,
            511775.62022567145,
            475678.86700231617,
            679969.7593385469,
            546710.8049860672,
            1050095.9884863847,
            556878.6009504787,
            584994.4595963821,
            1238643.747262108,
            491697.1785349174,
            654480.7095212515,
            536258.6970206015,
            507247.1837076221,
            508688.65451458376,
            407935.5233128061,
            418459.72670485184,
            529674.1508169438,
            519881.2276218124,
            479090.09207015164,
            1447001.012791374,
            1247983.9907731381,
            598758.4624003465,
            487594.81744966767,
            422043.6864378538,
            15841432.68004888,
            13191250.141257172,
            934300.259569851,
            21191453.21762976,
            23400661.950607587,
            6544888.757761345,
            10984129.999523845,
            10369404.138734479,
            22035875.564545326,
            3833655.7461167965,
            5330386.689396066,
            645493.8878044481,
            12099450.686774207,
            12850251.787238436,
            5711832.728115009,
            2839389.4911906617,
            8827819.536373802,
            12120765.225813212,
            0.0
        ],
        "shape": [
            70
        ],
        "count": 51696894
    },
    "wandb_run_id": "9prg5n79",
    "wandb_project": "rlgym-ppo",
    "wandb_entity": "gashfraude-epsi",
    "wandb_group": "unnamed-runs",
    "wandb_config": {
        "n_proc": 6,
        "min_inference_size": 5,
        "timestep_limit": 1e+16,
        "exp_buffer_size": 150000,
        "ts_per_iteration": 50000,
        "standardize_returns": true,
        "standardize_obs": true,
        "policy_layer_sizes": [
            512,
            512,
            256
        ],
        "critic_layer_sizes": [
            512,
            512,
            256
        ],
        "ppo_epochs": 2,
        "ppo_batch_size": 50000,
        "ppo_minibatch_size": 50000,
        "ppo_ent_coef": 0.01,
        "ppo_clip_range": 0.2,
        "gae_lambda": 0.95,
        "gae_gamma": 0.99,
        "policy_lr": 0.0002,
        "critic_lr": 0.0002,
        "shm_buffer_size": 8192
    }
}