{"Cumulative Model Updates":7866,"PPO Batch Consumption Time":1.8994269371032715,"SB3 Clip Fraction":0.15660333260893822,"Timestep Collection Time":22.8563126999652,"Timesteps Collected":50003,"Cumulative Timesteps":65802844,"_wandb":{"runtime":34295},"Policy Entropy":0.5264115234216055,"x_vel":1.6644740177366806,"Policy Update Magnitude":0.09955687820911407,"Total Iteration Time":35.82385809998959,"z_vel":-16.529550124660613,"_step":2656,"_timestamp":1.7628619902044725e+09,"Collected Steps per Second":2187.710706288864,"Mean KL Divergence":0.013588232221081853,"_runtime":34295,"Overall Steps per Second":1395.8016431517333,"y_vel":9.115870233311226,"Value Function Update Magnitude":0.132086381316185,"Value Function Loss":0.7592007716496786,"Timestep Consumption Time":12.967545400024392,"Policy Reward":1485.5670188153927}