{
    "cumulative_timesteps": 387839673,
    "cumulative_model_updates": 46458,
    "policy_average_reward": 107.05764540159056,
    "epoch": 7743,
    "ts_since_last_save": 500253,
    "reward_running_stats": {
        "mean": [
            29.24795811588565
        ],
        "var": [
            4485512236.0286
        ],
        "shape": [
            1
        ],
        "count": 1163100
    },
    "obs_running_stats": {
        "mean": [
            -0.01461775824269188,
            0.11331452638433905,
            0.1315253671174904,
            0.0007308685762589311,
            0.02328010590460225,
            -0.022746500897633345,
            -0.05003210570361908,
            0.00522841120066849,
            0.007304900156173499,
            0.5658672193509204,
            -0.5244900075358775,
            0.4166106330219973,
            -0.23719479331037419,
            0.19843980749082313,
            0.14168491741628947,
            0.5241448683233507,
            0.25210920141221776,
            0.9885031320095016,
            0.9900186500689471,
            0.9882698013812297,
            0.9775705766755195,
            0.9718081974611743,
            0.9876198448477462,
            0.9868200867696612,
            0.9855293099658046,
            0.9911088118139695,
            0.9883803314897963,
            0.9874987346427245,
            0.9857165231771738,
            0.9870644008539936,
            0.982394748128468,
            0.984825361458955,
            0.9735781937091859,
            0.9849463938236791,
            0.9840644669263859,
            0.9683105819542309,
            0.9868846856146726,
            0.98299582681873,
            0.9851033759779945,
            0.9865118696452785,
            0.9858787697157583,
            0.989524116428813,
            0.9882543992622078,
            0.9858604910345562,
            0.9861329962309424,
            0.9867941029929688,
            0.9659230963604349,
            0.969034090799215,
            0.9849775287555511,
            0.9868358499538692,
            0.9886593192926926,
            0.011652486561959488,
            0.055498650870448446,
            0.0704684798603625,
            0.07072258064294605,
            0.06466698767374464,
            0.030760361748028923,
            -0.01013083638369259,
            0.02810863295955597,
            0.4071612215588525,
            -0.0006943044974262438,
            0.01476769182730273,
            -0.009561873768610117,
            -0.026847402835007042,
            -0.0661181771909869,
            -0.055907626989881096,
            0.11635619394921916,
            0.2310725087373736,
            0.37888167592521266,
            0.0
        ],
        "var": [
            17753001.37088882,
            14688171.778740413,
            1561637.3294869538,
            2217484.9262428405,
            2916270.1261821687,
            1466833.4756319115,
            18778461.142023865,
            16408294.751468822,
            7564826.993782158,
            17224067.261246882,
            19418802.85482145,
            25947894.110250887,
            32605830.704861723,
            33609057.505238764,
            6727869.278403587,
            13768813.192780718,
            10393564.750878483,
            441946.8701490556,
            382725.63485268,
            442846.6895826737,
            936134.3910418117,
            1169833.8232320622,
            486455.9754244744,
            513195.76240220066,
            577934.2965352676,
            335910.76538315887,
            424906.75452564546,
            491457.40650531853,
            552094.8472621478,
            513310.4846071791,
            727399.2838538642,
            589001.5498781085,
            1140271.1632306587,
            601575.9020297977,
            632170.790229171,
            1337516.0045940324,
            534322.7083344789,
            702765.9468384961,
            580549.0832142538,
            557564.637172587,
            557131.0325639128,
            442903.1863899209,
            451491.1660497449,
            578464.4910164793,
            578024.3657188293,
            531772.6417660202,
            1573376.3088557585,
            1364675.7052728515,
            672059.9950620916,
            548942.6797089011,
            459787.1114633319,
            16872940.369218044,
            14197505.047204474,
            1001448.9789432248,
            22719492.396372903,
            25121918.615747847,
            6923212.006964454,
            11631342.486378219,
            11021423.715895547,
            23513064.90283396,
            4131566.195993961,
            5881096.224417678,
            688862.9638753267,
            12835386.46503441,
            13582066.764325375,
            6086134.8577664085,
            3086468.757055421,
            9743576.900417125,
            13118825.760798195,
            0.0
        ],
        "shape": [
            70
        ],
        "count": 55405669
    },
    "wandb_run_id": "9prg5n79",
    "wandb_project": "rlgym-ppo",
    "wandb_entity": "gashfraude-epsi",
    "wandb_group": "unnamed-runs",
    "wandb_config": {
        "n_proc": 6,
        "min_inference_size": 5,
        "timestep_limit": 1e+16,
        "exp_buffer_size": 150000,
        "ts_per_iteration": 50000,
        "standardize_returns": true,
        "standardize_obs": true,
        "policy_layer_sizes": [
            512,
            512,
            256
        ],
        "critic_layer_sizes": [
            512,
            512,
            256
        ],
        "ppo_epochs": 2,
        "ppo_batch_size": 50000,
        "ppo_minibatch_size": 50000,
        "ppo_ent_coef": 0.01,
        "ppo_clip_range": 0.2,
        "gae_lambda": 0.95,
        "gae_gamma": 0.99,
        "policy_lr": 0.0002,
        "critic_lr": 0.0002,
        "shm_buffer_size": 8192
    }
}