{
    "cumulative_timesteps": 403096464,
    "cumulative_model_updates": 48282,
    "policy_average_reward": 166.31818501439176,
    "epoch": 8047,
    "ts_since_last_save": 500155,
    "reward_running_stats": {
        "mean": [
            28.940894596880973
        ],
        "var": [
            4530538370.545202
        ],
        "shape": [
            1
        ],
        "count": 1208850
    },
    "obs_running_stats": {
        "mean": [
            -0.014575028623854038,
            0.11827776219234988,
            0.13173135962109597,
            0.0006829825408581112,
            0.025035539859697618,
            -0.02274661711360784,
            -0.053250141277245665,
            0.005078770137136769,
            0.007683094758259474,
            0.5672846310587353,
            -0.5225621505927999,
            0.4176740913397925,
            -0.23722754453205033,
            0.20344498357529878,
            0.1411950158149933,
            0.5213983257571028,
            0.24868366313675852,
            0.9886378696471086,
            0.9901345958371535,
            0.9884242411901438,
            0.9778237293121398,
            0.9720799024614353,
            0.9877349100830918,
            0.9869365604486385,
            0.9856673221780857,
            0.9912296364005616,
            0.9885323070391242,
            0.9875997505181243,
            0.985842083600736,
            0.9871687969080774,
            0.9825660658725527,
            0.9849661050085359,
            0.9736516571923532,
            0.9850406706676723,
            0.9841704341997325,
            0.9685314960725966,
            0.9869600064380348,
            0.9831428661821514,
            0.985210448658955,
            0.9865273933035223,
            0.985939754131261,
            0.9895779951548702,
            0.9883722944366554,
            0.9858988626843208,
            0.9860685821784805,
            0.9867833327616661,
            0.9659469741692579,
            0.9690911795673901,
            0.9848397519201258,
            0.9867678429909138,
            0.9887315336437367,
            0.011287669738721038,
            0.05838468152603458,
            0.07036976129106381,
            0.07111867655641894,
            0.06738611778093531,
            0.030439057082729284,
            -0.010906132142178929,
            0.028295076472966467,
            0.4100512254715745,
            -0.0007192626800622151,
            0.016104985072365276,
            -0.009591477434568356,
            -0.025784517664748662,
            -0.06572217203432741,
            -0.055678569755191025,
            0.11714025250566394,
            0.23426259857527532,
            0.38205490136231957,
            0.0
        ],
        "var": [
            18372748.867681038,
            15306699.81680834,
            1624113.435241944,
            2307366.048426281,
            3085987.332158652,
            1527883.9950675452,
            19615430.06138911,
            17006096.248206954,
            7877501.960288286,
            17839968.619227223,
            20265391.953603942,
            26933971.163846187,
            33906412.80607429,
            34805889.641078465,
            6972693.180448675,
            14319630.947664874,
            10706043.76791965,
            459135.1434078672,
            397719.0050082149,
            459427.0603997174,
            969996.1646839658,
            1214778.510004467,
            506642.2217755004,
            535012.1724884785,
            601298.8124315884,
            348282.3495741073,
            441388.5301584125,
            512691.63689288835,
            575756.8256120133,
            535282.684088922,
            755575.4207245946,
            613713.5002416092,
            1192329.8392080674,
            628625.9327178819,
            660441.1502657073,
            1392477.7239374162,
            558309.2474085544,
            731016.4637953128,
            606550.461666576,
            585696.2151143277,
            584061.3798757385,
            462458.83270435367,
            470160.1602610315,
            606699.1463741548,
            611435.1409172429,
            560779.1517195848,
            1643836.028015738,
            1426993.1818184424,
            712004.6610081551,
            581069.6033938394,
            480159.81808451266,
            17477829.33479732,
            14780471.405079005,
            1041328.4549652282,
            23607470.524396047,
            26133514.345368806,
            7158321.000511737,
            12037130.119731624,
            11413265.149222502,
            24394159.743437488,
            4301021.4815531215,
            6194340.663865547,
            714971.3096436994,
            13289142.53953818,
            14049639.348375272,
            6313590.184446851,
            3230374.372689413,
            10229052.402397424,
            13675422.17379132,
            0.0
        ],
        "shape": [
            70
        ],
        "count": 57585210
    },
    "wandb_run_id": "9prg5n79",
    "wandb_project": "rlgym-ppo",
    "wandb_entity": "gashfraude-epsi",
    "wandb_group": "unnamed-runs",
    "wandb_config": {
        "n_proc": 6,
        "min_inference_size": 5,
        "timestep_limit": 1e+16,
        "exp_buffer_size": 150000,
        "ts_per_iteration": 50000,
        "standardize_returns": true,
        "standardize_obs": true,
        "policy_layer_sizes": [
            512,
            512,
            256
        ],
        "critic_layer_sizes": [
            512,
            512,
            256
        ],
        "ppo_epochs": 2,
        "ppo_batch_size": 50000,
        "ppo_minibatch_size": 50000,
        "ppo_ent_coef": 0.01,
        "ppo_clip_range": 0.2,
        "gae_lambda": 0.95,
        "gae_gamma": 0.99,
        "policy_lr": 0.0002,
        "critic_lr": 0.0002,
        "shm_buffer_size": 8192
    }
}