{
    "cumulative_timesteps": 17550785,
    "cumulative_model_updates": 2050,
    "policy_average_reward": 309.2307675843119,
    "epoch": 342,
    "ts_since_last_save": 100003,
    "reward_running_stats": {
        "mean": [
            33.876670269640904
        ],
        "var": [
            75980330.12295662
        ],
        "shape": [
            1
        ],
        "count": 52650
    },
    "obs_running_stats": {
        "mean": [
            0.0009106634937153086,
            0.0007607961148442004,
            0.15664714253447296,
            -0.0006137800532309666,
            -0.0005392773440697474,
            -0.03258392672286581,
            0.0011122308636433264,
            -0.0014410271350353634,
            0.0006099836240555703,
            0.19502683401323914,
            0.05203177422104854,
            0.05831464330646987,
            0.08498032643300152,
            -0.09857427526757068,
            0.5135274518874227,
            0.5000407183489193,
            0.5621599301473453,
            0.9941917460557941,
            0.9949875083598745,
            0.9937698508417085,
            0.9882581206901196,
            0.9819885228805331,
            0.9941472482449497,
            0.9934355866271298,
            0.9934367137863116,
            0.9953962934330961,
            0.992474805107604,
            0.994258188132491,
            0.9923270447924081,
            0.9937456259111661,
            0.9923521792297443,
            0.9916832530013373,
            0.9878684331810663,
            0.9927632024493943,
            0.991844744522826,
            0.9791428925050683,
            0.9933946828785165,
            0.9920540938931005,
            0.9916692406627561,
            0.9938305664579393,
            0.9921413934866701,
            0.995220451281127,
            0.9928133765889315,
            0.993007762844635,
            0.9937736755228401,
            0.9927457115686814,
            0.9873819473667931,
            0.9816880650529229,
            0.9947421646569398,
            0.9934130552599673,
            0.9935936664441181,
            0.08008717117789152,
            0.004482664055621809,
            0.11407788301627593,
            0.10637712969991119,
            -0.009145908277700692,
            0.05399542408673963,
            -0.08776939063242102,
            0.0024231382089681766,
            0.40384305075000293,
            0.0005909718388444845,
            0.002442438271954606,
            -0.011573037630044468,
            -0.024922673297749786,
            -0.051206087608280396,
            0.008926422802950962,
            0.12288965787305128,
            0.09449495536906949,
            0.19599977385452075,
            0.0
        ],
        "var": [
            778509.4170766308,
            563461.5466216775,
            90571.1275978446,
            103842.84906390599,
            106461.38061635407,
            88255.53442183195,
            716483.6601782594,
            714688.3637001163,
            312604.9770197652,
            487732.87479672115,
            481044.78953584656,
            429572.1840020088,
            454375.8910917638,
            459211.93862158706,
            626355.9007597024,
            626813.6734356539,
            617125.8269630938,
            14450.463295009133,
            12477.404338055841,
            15466.002401015621,
            29115.293176590312,
            44331.74508223812,
            14572.770457783827,
            16317.823478671362,
            16372.26796947803,
            11463.754145093997,
            18676.7894377643,
            14371.452976266124,
            19029.6948288028,
            15610.170730670223,
            19053.556452625882,
            20652.116399566115,
            30027.83313698087,
            18015.45393108338,
            20243.034701877517,
            51207.42899643535,
            16485.49456693206,
            19735.008015698008,
            20671.28106704429,
            15385.891893921165,
            19515.080646130267,
            11913.404388446454,
            17863.793670846037,
            17393.126983257698,
            15516.611854446252,
            17999.089749576273,
            31223.35355609429,
            45074.15009939873,
            13122.882471211507,
            16374.20307633481,
            15924.972736043019,
            801682.236903039,
            640382.6038009673,
            62229.048247614825,
            985905.2694291397,
            1069652.1446078015,
            415805.702745941,
            596630.026686335,
            531145.8640193001,
            951240.4722830636,
            218235.72357019293,
            249914.25987852374,
            57112.85640019357,
            425479.2161331123,
            446067.42092720245,
            153179.6916264108,
            138499.60281606115,
            214530.34832737563,
            395097.68834665953,
            0.0
        ],
        "shape": [
            70
        ],
        "count": 2507258
    },
    "wandb_run_id": "y20wl1cc",
    "wandb_project": "rlgym-ppo",
    "wandb_entity": "gashfraude-epsi",
    "wandb_group": "unnamed-runs",
    "wandb_config": {
        "n_proc": 8,
        "min_inference_size": 7,
        "timestep_limit": 200000000,
        "exp_buffer_size": 150000,
        "ts_per_iteration": 50000,
        "standardize_returns": true,
        "standardize_obs": true,
        "policy_layer_sizes": [
            256,
            256,
            256
        ],
        "critic_layer_sizes": [
            256,
            256,
            256
        ],
        "ppo_epochs": 2,
        "ppo_batch_size": 50000,
        "ppo_minibatch_size": 50000,
        "ppo_ent_coef": 0.01,
        "ppo_clip_range": 0.2,
        "gae_lambda": 0.95,
        "gae_gamma": 0.99,
        "policy_lr": 0.0001,
        "critic_lr": 0.0001,
        "shm_buffer_size": 8192
    }
}