{
    "cumulative_timesteps": 153234978,
    "cumulative_model_updates": 18336,
    "policy_average_reward": 45.83517950150722,
    "epoch": 3056,
    "ts_since_last_save": 50041,
    "reward_running_stats": {
        "mean": [
            58.61402466068941
        ],
        "var": [
            3433218580.063063
        ],
        "shape": [
            1
        ],
        "count": 459600
    },
    "obs_running_stats": {
        "mean": [
            0.003555085669567009,
            0.0033833110114338963,
            0.13135135433007367,
            0.000100525703444462,
            0.0005951329164899825,
            -0.022973351445278487,
            -0.0021496286385020934,
            -0.0005415606355804561,
            -0.0017723054492206432,
            0.50905586305326,
            -0.5109079477605145,
            0.4378020445046228,
            -0.20698535325334702,
            0.2621049121976352,
            0.1783421334115295,
            0.5802528452183159,
            0.3857128627826021,
            0.9818890026879099,
            0.98427294923082,
            0.9815950954373609,
            0.9653418703209145,
            0.9577003893080546,
            0.9819114726667746,
            0.9806376388689301,
            0.9785628617580716,
            0.9856846501375954,
            0.9811445388502086,
            0.9819731338839859,
            0.9791663447335932,
            0.9818269278650918,
            0.9734966727053843,
            0.9779577769733778,
            0.9656089859046635,
            0.9792701087290655,
            0.9776508490854138,
            0.9562423862903864,
            0.9827177054315179,
            0.9747818828157199,
            0.9788235130302096,
            0.9831529987618733,
            0.980305155373107,
            0.9869877091433364,
            0.9828723326849568,
            0.9803980832434758,
            0.9831652535017821,
            0.9824060760001088,
            0.9677300775295954,
            0.9630311777190773,
            0.9860005448277415,
            0.9841900296115211,
            0.9840803273248553,
            0.03035332827454039,
            -0.020189647459703385,
            0.07375526924737856,
            0.04356616438531937,
            -0.02425494207900372,
            0.04366525512364394,
            0.0019577799826454604,
            0.027366042252901308,
            0.3472143220864121,
            -0.0018762244691369685,
            -0.003408502256834249,
            -0.009126274701486579,
            -0.056937091032011465,
            -0.043650672365522225,
            -0.04928146925718809,
            0.11070239858203046,
            0.16688473176812865,
            0.2761035444745724,
            0.0
        ],
        "var": [
            7208017.5767340325,
            5386032.595519888,
            621504.187842213,
            893607.903275359,
            1037976.419385319,
            574107.5267243431,
            6951824.193494322,
            6541767.418072573,
            2874933.544509008,
            7308788.094463937,
            7505593.172150088,
            9440192.085684076,
            12783716.757214867,
            12382458.508196792,
            3197751.5753098163,
            5281386.981109851,
            5133569.2910204595,
            201560.94498943255,
            174084.1026764549,
            196032.1027595961,
            453687.0031413363,
            538683.9004139389,
            197825.3766357757,
            208227.4362168933,
            246992.39459745373,
            156555.71491162456,
            193568.6740542788,
            194982.515673171,
            218575.11338759624,
            196467.86071575413,
            333941.3735271107,
            232882.98069628305,
            441985.4536021975,
            224461.37802225884,
            241626.49973915608,
            553352.6624640881,
            188973.8507540284,
            314779.5728049131,
            221238.3717794194,
            182905.51751688664,
            208426.30833404567,
            149702.10427762696,
            176877.09039602688,
            226821.32736907658,
            182688.51342362157,
            188120.96657258563,
            433277.4819638235,
            481472.6069570034,
            154401.40359070318,
            169795.49960895308,
            181519.99760117292,
            6967268.530969783,
            5526370.005309765,
            394743.7439653516,
            9050269.437795188,
            9737418.622844582,
            2927057.5622980655,
            4951458.817396164,
            4680389.83320833,
            9598081.944093106,
            1693564.2016984934,
            2173308.4621415883,
            288980.8136287032,
            5650776.082653297,
            5961845.094721445,
            2457965.182305473,
            1136482.62354324,
            2942766.501657518,
            4455495.460298051,
            0.0
        ],
        "shape": [
            70
        ],
        "count": 21890714
    },
    "wandb_run_id": "9prg5n79",
    "wandb_project": "rlgym-ppo",
    "wandb_entity": "gashfraude-epsi",
    "wandb_group": "unnamed-runs",
    "wandb_config": {
        "n_proc": 6,
        "min_inference_size": 5,
        "timestep_limit": 1e+16,
        "exp_buffer_size": 150000,
        "ts_per_iteration": 50000,
        "standardize_returns": true,
        "standardize_obs": true,
        "policy_layer_sizes": [
            512,
            512,
            256
        ],
        "critic_layer_sizes": [
            512,
            512,
            256
        ],
        "ppo_epochs": 2,
        "ppo_batch_size": 50000,
        "ppo_minibatch_size": 50000,
        "ppo_ent_coef": 0.01,
        "ppo_clip_range": 0.2,
        "gae_lambda": 0.95,
        "gae_gamma": 0.99,
        "policy_lr": 0.0002,
        "critic_lr": 0.0002,
        "shm_buffer_size": 8192
    }
}