{
    "cumulative_timesteps": 65402823,
    "cumulative_model_updates": 7824,
    "policy_average_reward": 1140.8371833556794,
    "epoch": 1304,
    "ts_since_last_save": 100007,
    "reward_running_stats": {
        "mean": [
            44.57235987282376
        ],
        "var": [
            622010898.8379785
        ],
        "shape": [
            1
        ],
        "count": 196200
    },
    "obs_running_stats": {
        "mean": [
            4.327356163076068e-05,
            -0.004186452239615045,
            0.14977187994553415,
            -7.599439429111232e-05,
            -0.0004951586563685044,
            -0.030166590895507567,
            -0.00028084243499317696,
            -0.000492994794770476,
            -0.00014921307392468875,
            0.47165011310758415,
            -0.4404198456254995,
            0.46948213050545196,
            -0.21967756658607257,
            0.179567575008541,
            0.19287943097641433,
            0.6183904751025161,
            0.7190178128623428,
            0.9711326113073161,
            0.97469167679066,
            0.9695904480951846,
            0.9522797218551626,
            0.9383488876781362,
            0.9698660180853688,
            0.9673843233724454,
            0.9660553069799099,
            0.9770283482650896,
            0.9681771300110217,
            0.969735315174891,
            0.9641204023419188,
            0.9691566572708546,
            0.9622452367718667,
            0.9620028972526179,
            0.951873691505822,
            0.9645128206183546,
            0.961732448901772,
            0.9351755080219403,
            0.9710520072308523,
            0.9635923212176826,
            0.9634323312263796,
            0.971880184725861,
            0.9664067955898406,
            0.9802909007043878,
            0.971887357718707,
            0.9693293561118954,
            0.9723081148979402,
            0.9705029710258045,
            0.9579747932225857,
            0.9489192572972077,
            0.9780010446744926,
            0.9743753880338658,
            0.975621155826779,
            0.042666107506235486,
            -0.033945829173387135,
            0.08585206423687347,
            0.0645276720560148,
            -0.07484490707810042,
            0.035264049010927036,
            -0.001262508192929216,
            0.03951093886624287,
            0.32640689333740314,
            -0.003038760963567815,
            -0.005784024625554951,
            -0.012802910296878389,
            -0.08140655347501376,
            -0.05282414399842347,
            -0.027866483419872846,
            0.11860545441114244,
            0.15699982116557942,
            0.2864563647160206,
            0.0
        ],
        "var": [
            2934352.127472526,
            2141085.479676504,
            318293.1615444828,
            371744.1469336723,
            387804.68598789006,
            298511.4218907256,
            2702523.9229582935,
            2664711.6329021645,
            1170967.3420322076,
            3206387.9079454546,
            3458170.4803796588,
            3482548.5334525593,
            5100833.517728247,
            5370324.896319202,
            1444500.216420696,
            2154554.2460248563,
            1834448.458531793,
            74208.29233932089,
            65700.08853491873,
            76035.27563677674,
            145877.1051590715,
            192393.57614681986,
            82082.6889520779,
            87376.08690238834,
            94166.58775878289,
            57368.35144427683,
            76459.56665280322,
            81688.32077555676,
            95217.57456506298,
            85165.14182089231,
            108575.89117835322,
            102526.17672187142,
            143049.19272837183,
            99876.09293651511,
            107183.2447500258,
            203792.0359920197,
            79829.59105385028,
            104440.37157895822,
            96654.3607493281,
            75668.62774432954,
            89109.52347665117,
            49078.255534556054,
            63641.70898850969,
            83907.40796807574,
            71935.7379851771,
            77222.81440553117,
            125813.0223958856,
            154998.66848945094,
            53253.93879371331,
            62458.21504647793,
            60799.9277098988,
            2907160.4109458146,
            2237648.167278323,
            209141.3950790609,
            3783566.8844051934,
            3995104.7726862435,
            1381928.8440923796,
            2188656.2517205644,
            2057549.2550894406,
            4081804.01384721,
            756520.8514734962,
            919688.783884854,
            146872.19360822902,
            2325080.6241048956,
            2445645.4612205387,
            1102583.387626506,
            479575.5917423113,
            1135797.5174347772,
            1989945.3008346518,
            0.0
        ],
        "shape": [
            70
        ],
        "count": 9343265
    },
    "wandb_run_id": "9prg5n79",
    "wandb_project": "rlgym-ppo",
    "wandb_entity": "gashfraude-epsi",
    "wandb_group": "unnamed-runs",
    "wandb_config": {
        "n_proc": 6,
        "min_inference_size": 5,
        "timestep_limit": 1e+16,
        "exp_buffer_size": 150000,
        "ts_per_iteration": 50000,
        "standardize_returns": true,
        "standardize_obs": true,
        "policy_layer_sizes": [
            512,
            512,
            256
        ],
        "critic_layer_sizes": [
            512,
            512,
            256
        ],
        "ppo_epochs": 2,
        "ppo_batch_size": 50000,
        "ppo_minibatch_size": 50000,
        "ppo_ent_coef": 0.01,
        "ppo_clip_range": 0.2,
        "gae_lambda": 0.95,
        "gae_gamma": 0.99,
        "policy_lr": 0.0002,
        "critic_lr": 0.0002,
        "shm_buffer_size": 8192
    }
}