{
    "cumulative_timesteps": 13450614,
    "cumulative_model_updates": 1564,
    "policy_average_reward": 265.4021888083856,
    "epoch": 261,
    "ts_since_last_save": 50005,
    "reward_running_stats": {
        "mean": [
            30.062577005018458
        ],
        "var": [
            52749712.394653164
        ],
        "shape": [
            1
        ],
        "count": 40350
    },
    "obs_running_stats": {
        "mean": [
            0.001524606721189145,
            0.00047922682458095383,
            0.1569927530707835,
            -0.000221982247404089,
            -0.0006103557792038928,
            -0.03274279048440248,
            0.0016185629391175414,
            -0.0007480930136743387,
            0.000996656795398459,
            0.17502243434872405,
            0.05860467379709587,
            0.05719507854160104,
            0.09467645244322898,
            -0.10284514645686395,
            0.5162937736606533,
            0.5183480220898229,
            0.5471512043285461,
            0.9942593409552286,
            0.9950832623316033,
            0.9935891422840658,
            0.989101377641267,
            0.9814306277844305,
            0.9943319046067979,
            0.9936666399806289,
            0.9937836442683323,
            0.9957592530291267,
            0.9921106181067934,
            0.9947478018759448,
            0.9924939223489794,
            0.9942731121875666,
            0.993040374386543,
            0.9916929147516411,
            0.9887818144180983,
            0.9934455438646943,
            0.992277816761153,
            0.9783071997046625,
            0.9940332475356255,
            0.9926509031112164,
            0.991989485930721,
            0.9942439518694772,
            0.9921751769175349,
            0.9955698812598169,
            0.9923848208499635,
            0.993398797542715,
            0.993955825671397,
            0.9927919705734465,
            0.9877338183266,
            0.9807133178985642,
            0.9949994016577588,
            0.9932375567805771,
            0.9935950023633966,
            0.10124450879639217,
            0.006695101155789889,
            0.11293331652727821,
            0.09717106707294824,
            -0.004955008993026367,
            0.05526173348060512,
            -0.0784330634196895,
            -0.0005096375104949542,
            0.38459450630028025,
            0.003798544840021825,
            0.0031226978595134277,
            -0.011914112990436793,
            -0.02001934220133163,
            -0.04139187420009253,
            0.008849448760876564,
            0.1159330398997738,
            0.09562650027516835,
            0.19770546286011384,
            0.0
        ],
        "var": [
            595647.080810893,
            430956.23865241546,
            69633.73728444065,
            79589.10563537657,
            81511.36975369805,
            67905.94609786589,
            547677.47983677,
            546394.1011479257,
            239809.1879542737,
            410856.59282845753,
            394858.9980002213,
            367563.97078256804,
            386620.49521475594,
            389373.4212134437,
            479870.0701059788,
            479732.2980486721,
            476107.0205538749,
            10939.723673159753,
            9373.947958131055,
            12182.348278667203,
            20734.735087280416,
            35004.551373083734,
            10813.922576339286,
            12059.790092527988,
            11895.018986803356,
            8088.336766826558,
            14991.171929312137,
            10097.107016196447,
            14254.046996199411,
            10968.227071060777,
            13305.132383726796,
            15802.93951547545,
            21294.019767245096,
            12514.211919104171,
            14686.203598434164,
            40782.90945602719,
            11430.476556325484,
            13988.530020591947,
            15226.987921014297,
            11009.658949107754,
            14884.272573936112,
            8461.968746323959,
            14495.856641995011,
            12584.97837480682,
            11546.613965544537,
            13693.199557248632,
            23266.436884367366,
            36347.141778123274,
            9570.145700689412,
            12874.115251707031,
            12194.044960146244,
            611041.3250342042,
            496651.4509505098,
            48075.01798609088,
            756541.6553084841,
            812329.3171761847,
            328587.523118998,
            463125.6384931428,
            416823.50469086954,
            745526.3789963191,
            159704.12030113398,
            179754.44385334564,
            42786.34441084835,
            335022.631520437,
            350296.03388751345,
            122545.34719802157,
            100569.34649758098,
            166172.19820228967,
            304781.97239885456,
            0.0
        ],
        "shape": [
            70
        ],
        "count": 1921520
    },
    "wandb_run_id": "y20wl1cc",
    "wandb_project": "rlgym-ppo",
    "wandb_entity": "gashfraude-epsi",
    "wandb_group": "unnamed-runs",
    "wandb_config": {
        "n_proc": 8,
        "min_inference_size": 7,
        "timestep_limit": 200000000,
        "exp_buffer_size": 150000,
        "ts_per_iteration": 50000,
        "standardize_returns": true,
        "standardize_obs": true,
        "policy_layer_sizes": [
            256,
            256,
            256
        ],
        "critic_layer_sizes": [
            256,
            256,
            256
        ],
        "ppo_epochs": 2,
        "ppo_batch_size": 50000,
        "ppo_minibatch_size": 50000,
        "ppo_ent_coef": 0.01,
        "ppo_clip_range": 0.2,
        "gae_lambda": 0.95,
        "gae_gamma": 0.99,
        "policy_lr": 0.0001,
        "critic_lr": 0.0001,
        "shm_buffer_size": 8192
    }
}