{
    "cumulative_timesteps": 17450782,
    "cumulative_model_updates": 2038,
    "policy_average_reward": 303.000182655913,
    "epoch": 340,
    "ts_since_last_save": 100002,
    "reward_running_stats": {
        "mean": [
            33.716442425631804
        ],
        "var": [
            75165804.60700744
        ],
        "shape": [
            1
        ],
        "count": 52350
    },
    "obs_running_stats": {
        "mean": [
            0.0008935126182117673,
            0.0008229920002973183,
            0.1566805194189483,
            -0.0006090981736742278,
            -0.0005072109577827415,
            -0.032589557462384705,
            0.001085784553956903,
            -0.001390774670673728,
            0.000518400538894295,
            0.1943754815857185,
            0.05214678281137887,
            0.058246108220265096,
            0.08510543995811884,
            -0.09868169802192546,
            0.5136129936334417,
            0.5006875694576924,
            0.5618310121980366,
            0.9941753091620593,
            0.9949888688021233,
            0.9937734594217805,
            0.9882686525020167,
            0.9819482849788848,
            0.9941478048450338,
            0.9934380819582191,
            0.9934348031724595,
            0.9954048099539325,
            0.9924581563308726,
            0.994251357921667,
            0.9923344191880709,
            0.9937623328825033,
            0.992354081871431,
            0.99167891558895,
            0.9878811442891119,
            0.9927802965484022,
            0.9918429370497646,
            0.9791260593285731,
            0.9933993505761914,
            0.9920723390981631,
            0.9916604105483819,
            0.9938252970334984,
            0.9921420882186398,
            0.9952251522432702,
            0.9928014758928766,
            0.9930150268251384,
            0.9937825206797508,
            0.9927582930318846,
            0.9873641928553424,
            0.9817058733946765,
            0.9947437236653381,
            0.993422641772548,
            0.9936002766743249,
            0.08048052035600446,
            0.004438753583319337,
            0.11403631426799914,
            0.10611970452052988,
            -0.009082577707347777,
            0.05401124834400598,
            -0.08754084577081328,
            0.0023540021218754962,
            0.40339626838946824,
            0.0006271277150098397,
            0.0024196872915741717,
            -0.011570930421307477,
            -0.024839361173187587,
            -0.051028821196566564,
            0.008911354142427278,
            0.12267579222816519,
            0.09453464892856525,
            0.19607119574345105,
            0.0
        ],
        "var": [
            774072.8700069946,
            560102.0674450515,
            90087.96264270371,
            103228.79697559967,
            105858.44839441452,
            87757.75172443208,
            712370.0220532798,
            710580.5068461817,
            310811.564901729,
            485785.50264158665,
            478939.2403133917,
            428151.4762785668,
            452790.4192616756,
            457578.56768218963,
            622781.2271965176,
            623240.9990357411,
            613711.1965173725,
            14408.468564973437,
            12402.797270402938,
            15368.668970147111,
            28923.87911371367,
            44175.76208119216,
            14488.276062121324,
            16218.520740326503,
            16283.820831217026,
            11377.252230103804,
            18610.97307690169,
            14306.728308894604,
            18902.817892348205,
            15480.249852584708,
            18940.46457056088,
            20544.924631960013,
            29825.704135767497,
            17870.81817198372,
            20131.911334930388,
            50955.89244859721,
            16380.271538605319,
            19577.6320027235,
            20574.905569416907,
            15311.273487280967,
            19401.990136762295,
            11833.842710537174,
            17791.104727807156,
            17276.07855742269,
            15406.440076411774,
            17865.296216358784,
            31088.510331475703,
            44774.56573200045,
            13044.318269059528,
            16257.137527489647,
            15817.770081867917,
            797261.0214380405,
            636805.2185495921,
            61857.889251276116,
            980348.3150898688,
            1063332.7612422719,
            413735.5357595279,
            593442.5047443673,
            528339.1373211142,
            946388.5723141665,
            216891.3112980983,
            248168.92573360528,
            56756.60979456372,
            423297.2649008639,
            443870.73082919035,
            152449.46517286875,
            137514.5704304131,
            213388.20684674813,
            392954.6887343252,
            0.0
        ],
        "shape": [
            70
        ],
        "count": 2492972
    },
    "wandb_run_id": "y20wl1cc",
    "wandb_project": "rlgym-ppo",
    "wandb_entity": "gashfraude-epsi",
    "wandb_group": "unnamed-runs",
    "wandb_config": {
        "n_proc": 8,
        "min_inference_size": 7,
        "timestep_limit": 200000000,
        "exp_buffer_size": 150000,
        "ts_per_iteration": 50000,
        "standardize_returns": true,
        "standardize_obs": true,
        "policy_layer_sizes": [
            256,
            256,
            256
        ],
        "critic_layer_sizes": [
            256,
            256,
            256
        ],
        "ppo_epochs": 2,
        "ppo_batch_size": 50000,
        "ppo_minibatch_size": 50000,
        "ppo_ent_coef": 0.01,
        "ppo_clip_range": 0.2,
        "gae_lambda": 0.95,
        "gae_gamma": 0.99,
        "policy_lr": 0.0001,
        "critic_lr": 0.0001,
        "shm_buffer_size": 8192
    }
}