{
    "cumulative_timesteps": 402095998,
    "cumulative_model_updates": 48162,
    "policy_average_reward": 98.93461934091069,
    "epoch": 8027,
    "ts_since_last_save": 500150,
    "reward_running_stats": {
        "mean": [
            28.96222486726296
        ],
        "var": [
            4527975251.68271
        ],
        "shape": [
            1
        ],
        "count": 1205850
    },
    "obs_running_stats": {
        "mean": [
            -0.014570109951844448,
            0.11790910542304485,
            0.13171930234292942,
            0.0006831312002820286,
            0.024913291992816305,
            -0.022747973768489842,
            -0.05303227721651179,
            0.0050876334763690035,
            0.007641913554852669,
            0.5671872336977644,
            -0.5227245613276588,
            0.4176107186378254,
            -0.23720807307627376,
            0.2031828715297819,
            0.14124240277306152,
            0.5215795304663066,
            0.24889365852197823,
            0.9886300198594375,
            0.9901256826621063,
            0.9884166606741299,
            0.9778155559061009,
            0.972060049071887,
            0.9877282257488379,
            0.9869309188562162,
            0.985663048857417,
            0.9912232214979427,
            0.9885211480634977,
            0.987593878870693,
            0.9858327961591481,
            0.9871628452989561,
            0.9825584284648203,
            0.9849578760643478,
            0.9736434440061547,
            0.9850418016772001,
            0.9841643862331435,
            0.9685136943268612,
            0.98695529362081,
            0.9831348882244353,
            0.9852046904089866,
            0.9865290202344542,
            0.9859376383986408,
            0.9895732156759756,
            0.9883655421539298,
            0.9858973415601937,
            0.9860765881266135,
            0.9867879989106431,
            0.9659510659177097,
            0.9690929103246827,
            0.9848514375945487,
            0.9867773450572835,
            0.9887304626032156,
            0.011322926457870424,
            0.05815966860484652,
            0.07038045982381333,
            0.07108019661621362,
            0.0672040571652346,
            0.030476260494618043,
            -0.010855224948258557,
            0.02827760562658245,
            0.4098370278189451,
            -0.0007160337261904445,
            0.016004673519228026,
            -0.009589268060504955,
            -0.025834872646030883,
            -0.06574571705752398,
            -0.05569046881060278,
            0.11708773320074026,
            0.23402509955954165,
            0.38181332728757045,
            0.0
        ],
        "var": [
            18333414.597406503,
            15266104.517358681,
            1620068.1704870511,
            2301430.52209998,
            3074399.822629375,
            1523870.0602162052,
            19560198.148703475,
            16967265.4771284,
            7856671.595570263,
            17800115.583886143,
            20208591.25995819,
            26869128.054590788,
            33821769.36128183,
            34727027.07330617,
            6957315.699061146,
            14283518.291976089,
            10685400.551904807,
            457970.3443517952,
            396824.8085582273,
            458217.1273752248,
            967345.6250375009,
            1211976.2188890362,
            505285.3007708617,
            533485.0941312332,
            599518.134968163,
            347401.8772199531,
            440394.61700540077,
            511270.24690373417,
            574280.362819155,
            533805.4395539928,
            753550.5607965739,
            612055.5867974726,
            1189110.19604262,
            626456.8599212463,
            658550.9624489442,
            1389079.8799429294,
            556733.4887206168,
            729090.6232525847,
            604788.9376357506,
            583705.6752327259,
            582198.2165856817,
            461253.63282709365,
            468896.4613407529,
            604797.101121045,
            609024.6899205627,
            558654.2013398652,
            1638915.7693941782,
            1422618.8697017261,
            709219.854292952,
            578672.0673555938,
            478627.57960295957,
            17439464.58757284,
            14741757.959842375,
            1038824.3110559836,
            23548594.60509367,
            26067536.202492125,
            7143348.043365682,
            12011546.41088702,
            11387773.232899416,
            24336683.470964633,
            4289875.914674958,
            6172784.717757649,
            713264.5474628273,
            13259633.389841087,
            14020260.370252592,
            6298760.45040244,
            3220928.249717077,
            10196160.47738324,
            13638402.933836166,
            0.0
        ],
        "shape": [
            70
        ],
        "count": 57442287
    },
    "wandb_run_id": "9prg5n79",
    "wandb_project": "rlgym-ppo",
    "wandb_entity": "gashfraude-epsi",
    "wandb_group": "unnamed-runs",
    "wandb_config": {
        "n_proc": 6,
        "min_inference_size": 5,
        "timestep_limit": 1e+16,
        "exp_buffer_size": 150000,
        "ts_per_iteration": 50000,
        "standardize_returns": true,
        "standardize_obs": true,
        "policy_layer_sizes": [
            512,
            512,
            256
        ],
        "critic_layer_sizes": [
            512,
            512,
            256
        ],
        "ppo_epochs": 2,
        "ppo_batch_size": 50000,
        "ppo_minibatch_size": 50000,
        "ppo_ent_coef": 0.01,
        "ppo_clip_range": 0.2,
        "gae_lambda": 0.95,
        "gae_gamma": 0.99,
        "policy_lr": 0.0002,
        "critic_lr": 0.0002,
        "shm_buffer_size": 8192
    }
}