{
    "cumulative_timesteps": 389340361,
    "cumulative_model_updates": 46638,
    "policy_average_reward": 106.02982855020662,
    "epoch": 7773,
    "ts_since_last_save": 500207,
    "reward_running_stats": {
        "mean": [
            29.2151051525152
        ],
        "var": [
            4489126189.879701
        ],
        "shape": [
            1
        ],
        "count": 1167600
    },
    "obs_running_stats": {
        "mean": [
            -0.014578590164509134,
            0.11379682412838871,
            0.131548925767534,
            0.0007254211071376363,
            0.02344073155304157,
            -0.02274620812562235,
            -0.05032461111477741,
            0.0052129294120928,
            0.007301667352169054,
            0.5660334504342005,
            -0.5243523996130787,
            0.4167567357686644,
            -0.23719517051143135,
            0.19895147045363396,
            0.14162684520741445,
            0.5238489629337785,
            0.25174842902972133,
            0.9885169174071391,
            0.9900270434756149,
            0.9882896461465779,
            0.977594192429533,
            0.9718392091431544,
            0.9876319287481674,
            0.9868324665226581,
            0.9855451367111021,
            0.99112188494945,
            0.9883984377475126,
            0.9875083367779854,
            0.985725767125484,
            0.9870726745873384,
            0.9824103950807883,
            0.98484257107414,
            0.9735876581467627,
            0.9849559812346583,
            0.9840714486407394,
            0.9683419322335742,
            0.9868898224950579,
            0.9830094625961598,
            0.9851169070302658,
            0.9865138948022486,
            0.9858841700312355,
            0.9895309999501831,
            0.9882663745990261,
            0.9858643436826348,
            0.9861272943977519,
            0.9867923254510462,
            0.9659460474876188,
            0.9690406099493916,
            0.9849659785593575,
            0.986825748977223,
            0.9886667313764809,
            0.01164694811486123,
            0.05578253051147792,
            0.07045819946351459,
            0.0707695613031254,
            0.06491912245274256,
            0.030736802039551217,
            -0.010201572155119165,
            0.028124665368784853,
            0.40744333384432535,
            -0.0006950477772722768,
            0.014887398876471747,
            -0.009564020060104908,
            -0.02673124445240101,
            -0.06605836788008178,
            -0.05587576910706025,
            0.11642660606649557,
            0.23138588045039107,
            0.37920254636359507,
            0.0
        ],
        "var": [
            17813171.764353815,
            14749097.110214844,
            1567867.3310322636,
            2226191.327182231,
            2932834.2978171934,
            1472868.4096663091,
            18860450.02484821,
            16467179.530319817,
            7595306.097213927,
            17283875.421982575,
            19499909.83631513,
            26043290.843465697,
            32733404.495729875,
            33727184.50740582,
            6751625.693103591,
            13823074.107938483,
            10424031.20504488,
            443634.1530581752,
            384386.59184645716,
            444254.0637734023,
            939580.4304481656,
            1174079.6365795208,
            488421.7506264834,
            515313.6635976324,
            580136.8670528478,
            337085.738202659,
            426385.1945346377,
            493583.2502283331,
            554613.7920442612,
            515599.51353389764,
            730267.4661597487,
            591277.2175945751,
            1145287.3117773777,
            604237.3698724653,
            635156.7228630076,
            1342461.1753385668,
            536819.3248058163,
            705616.7417991457,
            582964.9215386979,
            560307.6727242953,
            559823.7638819641,
            444750.6779992809,
            453329.22859977314,
            581244.6890716297,
            581264.3437384078,
            534662.6426849522,
            1579243.3305353392,
            1370768.5889615407,
            675855.3050616622,
            552274.7307088467,
            461787.88688789215,
            16931565.90830994,
            14254271.032337299,
            1005320.8831444959,
            22806648.64355307,
            25221465.235991944,
            6946615.06811816,
            11671604.938392999,
            11060159.002076007,
            23599806.96261264,
            4148158.5293998974,
            5911475.071585975,
            691412.3025226899,
            12879883.988081232,
            13628314.539105237,
            6108616.89569293,
            3100361.2076989394,
            9791037.43830472,
            13173594.252839848,
            0.0
        ],
        "shape": [
            70
        ],
        "count": 55620053
    },
    "wandb_run_id": "9prg5n79",
    "wandb_project": "rlgym-ppo",
    "wandb_entity": "gashfraude-epsi",
    "wandb_group": "unnamed-runs",
    "wandb_config": {
        "n_proc": 6,
        "min_inference_size": 5,
        "timestep_limit": 1e+16,
        "exp_buffer_size": 150000,
        "ts_per_iteration": 50000,
        "standardize_returns": true,
        "standardize_obs": true,
        "policy_layer_sizes": [
            512,
            512,
            256
        ],
        "critic_layer_sizes": [
            512,
            512,
            256
        ],
        "ppo_epochs": 2,
        "ppo_batch_size": 50000,
        "ppo_minibatch_size": 50000,
        "ppo_ent_coef": 0.01,
        "ppo_clip_range": 0.2,
        "gae_lambda": 0.95,
        "gae_gamma": 0.99,
        "policy_lr": 0.0002,
        "critic_lr": 0.0002,
        "shm_buffer_size": 8192
    }
}