{
    "cumulative_timesteps": 1300086,
    "cumulative_model_updates": 144,
    "policy_average_reward": 133.50104317276413,
    "epoch": 24,
    "ts_since_last_save": 100004,
    "reward_running_stats": {
        "mean": [
            14.644579875670576
        ],
        "var": [
            2205561.748465054
        ],
        "shape": [
            1
        ],
        "count": 3900
    },
    "obs_running_stats": {
        "mean": [
            0.011371422554754455,
            0.0005778260173833316,
            0.15903173834416892,
            0.0016509778730696817,
            0.0018927760959168798,
            -0.03286080806355942,
            -0.006120040723570265,
            0.0018356679380030266,
            -0.0021370175985777782,
            0.06519284497775717,
            0.014945005546708887,
            0.03247016513549738,
            0.048139717964807476,
            -0.07223366378685259,
            0.4964078303616597,
            0.5384102609433176,
            0.4485661329719116,
            0.9949293550572755,
            0.99531798289717,
            0.9929275667443249,
            0.9884031957814934,
            0.9781331360996098,
            0.9950393645749076,
            0.9949353487010304,
            0.9960381412899676,
            0.9966582310211625,
            0.9922652551743567,
            0.9961170074446003,
            0.9927741914346615,
            0.9957125272199824,
            0.9945617937007154,
            0.9931071831414956,
            0.9908957543619122,
            0.9952054090624294,
            0.9931820262463842,
            0.9784037945475089,
            0.9957022720915224,
            0.9933483548853037,
            0.9915881691323449,
            0.995631593549178,
            0.9936330771453167,
            0.9966534842211069,
            0.9906817327988809,
            0.9941457000562638,
            0.9946105621161994,
            0.9924603319600511,
            0.9872628952742925,
            0.9770115035939188,
            0.9957371847553309,
            0.9931559655475484,
            0.9938927118423175,
            0.15341077544077042,
            0.01473500126857961,
            0.10802031138493719,
            0.10340575002102488,
            0.0028893435559467734,
            0.05991099125070142,
            -0.016214271918510548,
            -0.011589128183882757,
            0.37225667497755527,
            0.017238825353837115,
            0.001644177586100125,
            -0.01351460742224857,
            0.008919663226021038,
            -0.0016383801213699666,
            0.00956399580053259,
            0.11422412777379089,
            0.10531853515640163,
            0.20941777485525337,
            0.0
        ],
        "var": [
            57336.615092280736,
            41639.50483062902,
            6846.092180724294,
            7417.653928660704,
            7760.642856764859,
            6672.418741056486,
            52449.903968845676,
            52060.23755694234,
            22716.39104488047,
            46228.354648476794,
            39691.94681542813,
            42986.97916767786,
            42819.295128171834,
            43064.85613932195,
            46431.31214906883,
            46158.65528011019,
            45941.164476147555,
            909.2721956256433,
            838.3278491467134,
            1247.03072794581,
            2149.9945757015366,
            3958.322423530832,
            901.0853117781189,
            903.1008384970957,
            757.3570940403956,
            592.8190877912712,
            1376.660069432636,
            776.3128409923589,
            1271.610141018293,
            819.8333904588447,
            1029.7109596882176,
            1244.7147305436874,
            1655.443628541276,
            888.4924663216603,
            1220.1540965309105,
            3928.5080851203234,
            828.456177336058,
            1198.0921405867637,
            1507.1463280779333,
            820.778565576882,
            1141.3938939159548,
            606.6003394683075,
            1689.1601164713675,
            1065.3446585841662,
            998.4161800903814,
            1332.4751059476503,
            2321.414931591678,
            4173.746279660625,
            797.8201158390547,
            1230.2876572491975,
            1092.9456998484948,
            59391.290201945216,
            50561.55454280596,
            4717.601115603933,
            71856.32534763457,
            77822.00124003274,
            33398.57918929008,
            44552.97178217462,
            42310.93968038287,
            73052.59569978829,
            12558.106598295772,
            13589.360720611534,
            3892.576216308722,
            33280.142150107786,
            34699.56610789631,
            11894.663110899248,
            9685.856556318051,
            17496.23825227139,
            30744.775429675643,
            0.0
        ],
        "shape": [
            70
        ],
        "count": 185734
    },
    "wandb_run_id": "y20wl1cc",
    "wandb_project": "rlgym-ppo",
    "wandb_entity": "gashfraude-epsi",
    "wandb_group": "unnamed-runs",
    "wandb_config": {
        "n_proc": 8,
        "min_inference_size": 7,
        "timestep_limit": 200000000,
        "exp_buffer_size": 150000,
        "ts_per_iteration": 50000,
        "standardize_returns": true,
        "standardize_obs": true,
        "policy_layer_sizes": [
            256,
            256,
            256
        ],
        "critic_layer_sizes": [
            256,
            256,
            256
        ],
        "ppo_epochs": 2,
        "ppo_batch_size": 50000,
        "ppo_minibatch_size": 50000,
        "ppo_ent_coef": 0.01,
        "ppo_clip_range": 0.2,
        "gae_lambda": 0.95,
        "gae_gamma": 0.99,
        "policy_lr": 0.0001,
        "critic_lr": 0.0001,
        "shm_buffer_size": 8192
    }
}