{"Timesteps Collected":50008,"Policy Update Magnitude":0.14789916574954987,"Timestep Collection Time":9.841663700004574,"Policy Reward":0.0316571129130552,"Mean KL Divergence":0.00816717091947794,"Policy Entropy":0.9748321374257406,"SB3 Clip Fraction":0.10018666585286458,"_step":91,"Overall Steps per Second":3953.821377691212,"Value Function Update Magnitude":0.0748567283153534,"Collected Steps per Second":5081.254706963494,"x_vel":-2.697814132774411,"z_vel":17.364036555827937,"_runtime":583,"y_vel":375.3933410184531,"Cumulative Model Updates":135,"_wandb":{"runtime":583},"Total Iteration Time":12.648016999999527,"_timestamp":1.7627187331197505e+09,"Value Function Loss":0.48163069287935895,"Timestep Consumption Time":2.806353299994953,"PPO Batch Consumption Time":0.5537027517954508,"Cumulative Timesteps":2300202}