{
    "cumulative_timesteps": 7400340,
    "cumulative_model_updates": 856,
    "policy_average_reward": 172.96543645035518,
    "epoch": 143,
    "ts_since_last_save": 100002,
    "reward_running_stats": {
        "mean": [
            21.6623957500201
        ],
        "var": [
            20051545.657237485
        ],
        "shape": [
            1
        ],
        "count": 22200
    },
    "obs_running_stats": {
        "mean": [
            0.0008469317956847056,
            3.7730321637774716e-05,
            0.15800669643877793,
            0.0004990636707333162,
            -0.00044460308776965814,
            -0.03330788429227459,
            0.0013093181204950027,
            0.00306006994063021,
            0.0012205759466047017,
            0.13051274235026467,
            0.06225880310157869,
            0.054027308737654,
            0.10337821441353298,
            -0.10898133287320977,
            0.516549229155178,
            0.5367746547061427,
            0.5029956376585899,
            0.9941006404024835,
            0.9950296824581994,
            0.993422621572981,
            0.9895261617646399,
            0.9803306286053635,
            0.9948454701389577,
            0.9942804678552302,
            0.9945489379798053,
            0.9959282176853111,
            0.9920756517743956,
            0.9950149321704176,
            0.9928621901213559,
            0.9949410333075316,
            0.994016201497908,
            0.9922254578173733,
            0.9902563493694156,
            0.9945114173946856,
            0.9932015293850729,
            0.9781089733205057,
            0.9945778991302227,
            0.9934672250101461,
            0.9923199221012589,
            0.9948606017002247,
            0.9925202714633661,
            0.9960853484761728,
            0.9918229896004989,
            0.9936886538323499,
            0.9944078575102301,
            0.9930567663732496,
            0.9883922279373409,
            0.979051468701681,
            0.9952594029437954,
            0.9932026262866923,
            0.9937331218384247,
            0.12786416377797918,
            0.006050797465884925,
            0.10790751779707557,
            0.08333828416549297,
            -0.0024084796721790956,
            0.05288161996420155,
            -0.04108555223368291,
            -0.008467231263276245,
            0.352291800348527,
            0.010284822246381229,
            0.001787093449709707,
            -0.012832231576740303,
            -0.0027497675024889586,
            -0.01679815885313858,
            0.013037222468640888,
            0.1120595923737508,
            0.10049038383419116,
            0.20404692497995677,
            0.0
        ],
        "var": [
            326615.4503637811,
            236804.08430621892,
            38642.85336681096,
            43524.356621317515,
            44509.25940134318,
            37734.007834953256,
            299812.2542123973,
            299026.87445035874,
            130823.02633381172,
            278940.424177845,
            252007.33380486723,
            256584.9275236414,
            264065.4260180363,
            261460.3003931826,
            264010.1666002218,
            262868.9492055191,
            264289.02599544026,
            6172.254610413954,
            5201.282297848658,
            6850.584613342142,
            10977.997192308523,
            20371.11977221693,
            5405.566954249577,
            5979.280875398015,
            5755.85877223062,
            4261.365536979277,
            8262.384783187801,
            5301.840946627181,
            7431.44526966162,
            5348.190610737276,
            6313.350006095213,
            8128.638370732855,
            10180.469583256761,
            5772.914536108324,
            7100.925049420941,
            22640.506390634157,
            5734.806018698301,
            6832.19163012864,
            8014.931321055465,
            5418.398713452129,
            7814.7767666412265,
            4109.479378604484,
            8548.599461445789,
            6614.598824433167,
            5881.750260636462,
            7232.067528676792,
            12115.100018963201,
            21684.959517258456,
            4997.436512643156,
            7105.140505461392,
            6549.353243965036,
            338534.2599629467,
            282315.6270241351,
            26526.38225454804,
            417327.5393643082,
            439384.55459765065,
            190177.9579869,
            257302.34197236906,
            241987.92159992043,
            424833.42024666566,
            77804.71722479451,
            85105.64972676919,
            21956.49419661578,
            199479.31439738994,
            205593.9553129458,
            73682.56085796769,
            53769.955408477195,
            95557.47784472346,
            171695.6946429615,
            0.0
        ],
        "shape": [
            70
        ],
        "count": 1057198
    },
    "wandb_run_id": "y20wl1cc",
    "wandb_project": "rlgym-ppo",
    "wandb_entity": "gashfraude-epsi",
    "wandb_group": "unnamed-runs",
    "wandb_config": {
        "n_proc": 8,
        "min_inference_size": 7,
        "timestep_limit": 200000000,
        "exp_buffer_size": 150000,
        "ts_per_iteration": 50000,
        "standardize_returns": true,
        "standardize_obs": true,
        "policy_layer_sizes": [
            256,
            256,
            256
        ],
        "critic_layer_sizes": [
            256,
            256,
            256
        ],
        "ppo_epochs": 2,
        "ppo_batch_size": 50000,
        "ppo_minibatch_size": 50000,
        "ppo_ent_coef": 0.01,
        "ppo_clip_range": 0.2,
        "gae_lambda": 0.95,
        "gae_gamma": 0.99,
        "policy_lr": 0.0001,
        "critic_lr": 0.0001,
        "shm_buffer_size": 8192
    }
}