{
    "cumulative_timesteps": 85954623,
    "cumulative_model_updates": 10278,
    "policy_average_reward": 909.2801732711255,
    "epoch": 1713,
    "ts_since_last_save": 100001,
    "reward_running_stats": {
        "mean": [
            54.83553198849876
        ],
        "var": [
            1332026882.7397935
        ],
        "shape": [
            1
        ],
        "count": 257850
    },
    "obs_running_stats": {
        "mean": [
            0.0005104004158572756,
            -0.0035806551297773684,
            0.14620983554294437,
            5.024811181253716e-05,
            0.00012534415429273023,
            -0.028992571684392805,
            -0.002068584931833924,
            0.00017470288712290738,
            0.0007239833462734274,
            0.4972544686870002,
            -0.46461370210731745,
            0.4777244872210794,
            -0.20829192604780455,
            0.20181166042377877,
            0.19155693629627069,
            0.6065169436335625,
            0.5873342244280109,
            0.9758965715360907,
            0.9789043559757037,
            0.9747190682498965,
            0.959149718644484,
            0.947762814217026,
            0.9746951028681693,
            0.9727265656300879,
            0.9714109012303014,
            0.9809135316941252,
            0.9739313151538093,
            0.9746160920886658,
            0.9700677942060949,
            0.974201851776156,
            0.9679269304762819,
            0.9682722905620458,
            0.9593570076855623,
            0.9701390908257036,
            0.9677682794724681,
            0.9456153899618994,
            0.9756882437986393,
            0.9690128423391468,
            0.9695705457397696,
            0.9764981380470044,
            0.9720303250973347,
            0.9837288448645063,
            0.9769653511245865,
            0.9742760885700831,
            0.9769636609399577,
            0.9756086141833136,
            0.9642880323081754,
            0.9569715934690282,
            0.9817932412459544,
            0.978938301928271,
            0.9799081944840653,
            0.03779513273269932,
            -0.034438904671886504,
            0.08327644993942891,
            0.05694415912400427,
            -0.05864226770676512,
            0.035288626388207595,
            5.0242255693776784e-05,
            0.036671936856795706,
            0.3303513831851873,
            -0.0029157997147236047,
            -0.005388647912405884,
            -0.012191083755859046,
            -0.07637801931664309,
            -0.050820116047134566,
            -0.0323260629113383,
            0.1167324906932525,
            0.15418280813932878,
            0.27723141763138276,
            0.0
        ],
        "var": [
            3882001.306534973,
            2841825.8166290857,
            407137.93097933027,
            484214.1224067826,
            507159.1753167789,
            380899.62584507285,
            3595465.4386711833,
            3530731.482846834,
            1544226.064510264,
            4174972.9997633016,
            4526064.490430399,
            4657540.212676615,
            6854950.986817733,
            7059603.929276616,
            1891566.8140903236,
            2880186.3217878044,
            2922969.189720299,
            101116.34741040548,
            88795.97338146582,
            103133.40209345777,
            202409.90330824896,
            259809.3770186967,
            111879.04632935347,
            118341.49851922224,
            128794.02403199788,
            77562.5196309384,
            100350.76745791994,
            111258.25864761992,
            128556.1647039084,
            114485.12325281475,
            150342.56260584109,
            138229.93237382392,
            193814.0281729302,
            135796.3660304621,
            146345.87467803698,
            268865.3229787231,
            108462.33605413516,
            145366.47772701533,
            129767.14402253786,
            102128.28957234169,
            119623.35076483173,
            65106.70022069208,
            84694.58301857408,
            113877.09823015945,
            96720.27453460314,
            101955.74865604019,
            172517.07443824573,
            207738.19739079324,
            71728.2543112861,
            82350.18781708821,
            80330.00256200442,
            3798100.599236287,
            2919709.439893156,
            267617.9416268605,
            5027769.106966771,
            5325353.964445769,
            1748973.1671191792,
            2851080.489844276,
            2687832.289505966,
            5378541.198221281,
            983081.4211638038,
            1197397.203162914,
            187060.50025178888,
            3121242.3516230537,
            3268081.6167871747,
            1421910.5624843033,
            633310.4886742632,
            1500549.0029570826,
            2540631.578592705,
            0.0
        ],
        "shape": [
            70
        ],
        "count": 12279235
    },
    "wandb_run_id": "9prg5n79",
    "wandb_project": "rlgym-ppo",
    "wandb_entity": "gashfraude-epsi",
    "wandb_group": "unnamed-runs",
    "wandb_config": {
        "n_proc": 6,
        "min_inference_size": 5,
        "timestep_limit": 1e+16,
        "exp_buffer_size": 150000,
        "ts_per_iteration": 50000,
        "standardize_returns": true,
        "standardize_obs": true,
        "policy_layer_sizes": [
            512,
            512,
            256
        ],
        "critic_layer_sizes": [
            512,
            512,
            256
        ],
        "ppo_epochs": 2,
        "ppo_batch_size": 50000,
        "ppo_minibatch_size": 50000,
        "ppo_ent_coef": 0.01,
        "ppo_clip_range": 0.2,
        "gae_lambda": 0.95,
        "gae_gamma": 0.99,
        "policy_lr": 0.0002,
        "critic_lr": 0.0002,
        "shm_buffer_size": 8192
    }
}