{"Cumulative Timesteps":50000,"_wandb":{"runtime":40},"_runtime":40,"PPO Batch Consumption Time":1.2548965215682983,"x_vel":35.70358155739069,"Policy Entropy":0.8086764514446259,"Collected Steps per Second":1403.5958401811815,"Overall Steps per Second":1245.7252129593296,"y_vel":2.5419350180077926,"_step":1,"Policy Update Magnitude":0.39152002334594727,"Mean KL Divergence":0.005337119102478027,"_timestamp":1.7628238326277783e+09,"Timestep Consumption Time":4.514472500013653,"Total Iteration Time":40.1372626000084,"Cumulative Model Updates":2,"SB3 Clip Fraction":0.09166999533772469,"Value Function Loss":NaN,"Timestep Collection Time":35.622790099994745,"Value Function Update Magnitude":0.4317225515842438,"Timesteps Collected":50000,"Policy Reward":112.99104189034207,"z_vel":-33.09216602605641}