{
    "cumulative_timesteps": 15503208,
    "cumulative_model_updates": 618,
    "policy_average_reward": 214.0334217851651,
    "epoch": 154,
    "ts_since_last_save": 500052,
    "reward_running_stats": {
        "mean": [
            9.553436279296875
        ],
        "var": [
            4268631.5
        ],
        "shape": [
            1
        ],
        "count": 23250
    },
    "obs_running_stats": {
        "mean": [
            -0.0020489050075411797,
            0.0025299156550318003,
            0.1599898636341095,
            -0.0001706028269836679,
            0.000696134171448648,
            -0.0338754765689373,
            -0.0009975045686587691,
            -0.0010781848104670644,
            0.0020671349484473467,
            0.11970680952072144,
            -0.020667431876063347,
            0.18829037249088287,
            -0.25603315234184265,
            -0.07921527326107025,
            0.4792439341545105,
            0.41318318247795105,
            0.6101155281066895,
            0.9808904528617859,
            0.9823678135871887,
            0.9791154265403748,
            0.966411292552948,
            0.96214759349823,
            0.979996383190155,
            0.9780132174491882,
            0.9780179858207703,
            0.9839553236961365,
            0.9789004921913147,
            0.9810870289802551,
            0.9781181216239929,
            0.9801366925239563,
            0.9776532053947449,
            0.9773194193840027,
            0.9659884572029114,
            0.9791293144226074,
            0.9770410656929016,
            0.9602839350700378,
            0.9811311960220337,
            0.978375256061554,
            0.9769519567489624,
            0.9818125367164612,
            0.9778980016708374,
            0.9845801591873169,
            0.9776285886764526,
            0.9802999496459961,
            0.9822376370429993,
            0.9788801670074463,
            0.9698479771614075,
            0.9633726477622986,
            0.9832353591918945,
            0.9800456166267395,
            0.9817392230033875,
            0.02772996574640274,
            -0.01927022449672222,
            0.1097770407795906,
            0.04174108803272247,
            -0.05743676796555519,
            0.04579544812440872,
            -0.03607741370797157,
            0.05180975794792175,
            0.3697504699230194,
            -0.007571317721158266,
            0.0020488302689045668,
            -0.012356070801615715,
            -0.054847318679094315,
            -0.06980698555707932,
            -0.02256208471953869,
            0.1410781294107437,
            0.09595079720020294,
            0.1965925544500351,
            0.0
        ],
        "var": [
            705195.5625,
            512519.15625,
            81503.5078125,
            94151.359375,
            96780.1640625,
            79467.9453125,
            650642.8125,
            644294.9375,
            281710.96875,
            364711.09375,
            393132.5,
            365952.90625,
            367266.75,
            384291.28125,
            550965.125,
            544602.125,
            522994.96875,
            12327.599609375,
            11397.4501953125,
            12958.1640625,
            29245.17578125,
            35379.3671875,
            13531.9072265625,
            14673.2177734375,
            15395.296875,
            10784.025390625,
            12746.9013671875,
            13211.3408203125,
            14994.4892578125,
            13951.673828125,
            16099.1884765625,
            16159.931640625,
            29980.744140625,
            15403.474609375,
            16565.984375,
            38251.109375,
            13732.375,
            15830.658203125,
            15880.2724609375,
            12092.48046875,
            14842.1435546875,
            10352.9853515625,
            13906.0400390625,
            13195.5654296875,
            12039.3662109375,
            13416.126953125,
            25718.947265625,
            33880.90234375,
            10426.2490234375,
            12332.490234375,
            11094.4365234375,
            713098.8125,
            549038.5,
            53906.8359375,
            898447.75,
            917826.125,
            379305.78125,
            520995.46875,
            487071.59375,
            892013.5625,
            162418.375,
            178684.828125,
            48182.90234375,
            414068.21875,
            415951.375,
            163514.3125,
            132336.484375,
            194276.0625,
            351285.03125,
            0.0
        ],
        "shape": [
            70
        ],
        "count": 2214792
    },
    "wandb_run_id": "e6j64iac",
    "wandb_project": "rlgym-ppo",
    "wandb_entity": "gashfraude-epsi",
    "wandb_group": "unnamed-runs",
    "wandb_config": {
        "n_proc": 48,
        "min_inference_size": 36,
        "timestep_limit": 1000000000000000.0,
        "exp_buffer_size": 200000,
        "ts_per_iteration": 100000,
        "standardize_returns": true,
        "standardize_obs": true,
        "policy_layer_sizes": [
            512,
            512,
            256
        ],
        "critic_layer_sizes": [
            512,
            512,
            256
        ],
        "ppo_epochs": 2,
        "ppo_batch_size": 100000,
        "ppo_minibatch_size": 50000,
        "ppo_ent_coef": 0.01,
        "ppo_clip_range": 0.2,
        "gae_lambda": 0.95,
        "gae_gamma": 0.99,
        "policy_lr": 0.0002,
        "critic_lr": 0.0002,
        "shm_buffer_size": 8192
    }
}