{
    "cumulative_timesteps": 14002973,
    "cumulative_model_updates": 558,
    "policy_average_reward": 205.80948423927043,
    "epoch": 139,
    "ts_since_last_save": 500138,
    "reward_running_stats": {
        "mean": [
            9.391379356384277
        ],
        "var": [
            3875118.75
        ],
        "shape": [
            1
        ],
        "count": 21000
    },
    "obs_running_stats": {
        "mean": [
            -0.0022873743437230587,
            0.00239586946554482,
            0.16059610247612,
            -0.0002394478942733258,
            0.00033062987495213747,
            -0.03379161283373833,
            8.586777403252199e-05,
            -0.0011177241103723645,
            0.0018850694177672267,
            0.10809258371591568,
            -0.025526702404022217,
            0.166232630610466,
            -0.2293144017457962,
            -0.06811561435461044,
            0.47733622789382935,
            0.4256177246570587,
            0.6071739196777344,
            0.981492280960083,
            0.9829161763191223,
            0.9796027541160583,
            0.9679547548294067,
            0.963276743888855,
            0.9806598424911499,
            0.9787477254867554,
            0.978806734085083,
            0.9845005869865417,
            0.979346752166748,
            0.981854259967804,
            0.9788998365402222,
            0.9809694290161133,
            0.9785723090171814,
            0.9780797958374023,
            0.967747688293457,
            0.9800249338150024,
            0.9778551459312439,
            0.9616625308990479,
            0.9820051789283752,
            0.9792877435684204,
            0.9776433110237122,
            0.9825335741043091,
            0.9786022305488586,
            0.9852818846702576,
            0.9780751466751099,
            0.9809116125106812,
            0.982947051525116,
            0.9795309901237488,
            0.9712633490562439,
            0.9645633101463318,
            0.9837106466293335,
            0.9805274605751038,
            0.9822408556938171,
            0.038730964064598083,
            -0.01980409026145935,
            0.11020506173372269,
            0.04222362861037254,
            -0.05400943383574486,
            0.04433582350611687,
            -0.037644922733306885,
            0.04942137002944946,
            0.3742198348045349,
            -0.0058898101560771465,
            0.00140855903737247,
            -0.012351195327937603,
            -0.05020838603377342,
            -0.0639197900891304,
            -0.021483836695551872,
            0.13662594556808472,
            0.09651371836662292,
            0.19751574099063873,
            0.0
        ],
        "var": [
            637118.25,
            462409.78125,
            73523.375,
            85238.46875,
            87514.5546875,
            72066.8671875,
            587841.125,
            581678.0625,
            254230.421875,
            334780.90625,
            359302.71875,
            334129.8125,
            334238.125,
            350654.0625,
            497388.8125,
            495056.21875,
            473276.0,
            11102.1181640625,
            10272.58203125,
            11972.1728515625,
            25722.994140625,
            33122.5234375,
            12180.6162109375,
            13181.755859375,
            13793.6435546875,
            9667.16015625,
            11840.931640625,
            11646.9189453125,
            13398.359375,
            12248.939453125,
            14165.158203125,
            14444.7197265625,
            26018.66015625,
            13570.7939453125,
            14735.5888671875,
            35485.9765625,
            11949.068359375,
            13960.4482421875,
            14267.4443359375,
            10619.5537109375,
            13401.720703125,
            8909.4443359375,
            12854.87109375,
            11948.43359375,
            10586.3876953125,
            12088.2470703125,
            22845.61328125,
            31274.609375,
            9449.3662109375,
            11345.5986328125,
            10075.16796875,
            644710.0625,
            499032.5625,
            48906.1953125,
            810504.125,
            832215.0,
            341592.84375,
            470071.34375,
            438379.21875,
            802000.9375,
            146733.984375,
            160804.3125,
            43774.61328125,
            363254.71875,
            366714.5,
            139606.0,
            116936.5390625,
            175761.984375,
            319826.28125,
            0.0
        ],
        "shape": [
            70
        ],
        "count": 2000472
    },
    "wandb_run_id": "e6j64iac",
    "wandb_project": "rlgym-ppo",
    "wandb_entity": "gashfraude-epsi",
    "wandb_group": "unnamed-runs",
    "wandb_config": {
        "n_proc": 48,
        "min_inference_size": 36,
        "timestep_limit": 1000000000000000.0,
        "exp_buffer_size": 200000,
        "ts_per_iteration": 100000,
        "standardize_returns": true,
        "standardize_obs": true,
        "policy_layer_sizes": [
            512,
            512,
            256
        ],
        "critic_layer_sizes": [
            512,
            512,
            256
        ],
        "ppo_epochs": 2,
        "ppo_batch_size": 100000,
        "ppo_minibatch_size": 50000,
        "ppo_ent_coef": 0.01,
        "ppo_clip_range": 0.2,
        "gae_lambda": 0.95,
        "gae_gamma": 0.99,
        "policy_lr": 0.0002,
        "critic_lr": 0.0002,
        "shm_buffer_size": 8192
    }
}