{"SB3 Clip Fraction":0.27082667251427966,"Timesteps Collected":50003,"Policy Update Magnitude":0.08681107312440872,"PPO Batch Consumption Time":1.3117602666219075,"Total Iteration Time":25.74866889999248,"z_vel":-24.272383173163792,"x_vel":-7.999905035385889,"Mean KL Divergence":0.0317704730356733,"Policy Entropy":0.30328525106112164,"Policy Reward":344.455913677503,"_runtime":27320,"_timestamp":1.7628517477652643e+09,"Timestep Consumption Time":9.227632599999197,"Cumulative Model Updates":6696,"_step":2235,"Value Function Update Magnitude":0.19100041687488556,"Overall Steps per Second":1941.9644640354438,"Collected Steps per Second":3026.62612030096,"Timestep Collection Time":16.521036299993284,"_wandb":{"runtime":27320},"y_vel":-32.099441183102876,"Cumulative Timesteps":55902431,"Value Function Loss":0.24820372213919958}