{
    "cumulative_timesteps": 65602833,
    "cumulative_model_updates": 7848,
    "policy_average_reward": 1321.6010524856083,
    "epoch": 1308,
    "ts_since_last_save": 100005,
    "reward_running_stats": {
        "mean": [
            44.81811368868887
        ],
        "var": [
            635285323.274486
        ],
        "shape": [
            1
        ],
        "count": 196800
    },
    "obs_running_stats": {
        "mean": [
            7.216335228638563e-05,
            -0.004230507555955828,
            0.1496567240265053,
            -6.670729824334548e-05,
            -0.00046459715084222074,
            -0.03012781472774782,
            -0.000343835625631518,
            -0.0004683899574985654,
            -8.973160902061183e-05,
            0.47130585286396937,
            -0.4396774266729339,
            0.46967103756600925,
            -0.21964186815759715,
            0.17981161221725905,
            0.192821476071381,
            0.6182612292656771,
            0.7176993419319976,
            0.9711973614552706,
            0.9747418414135491,
            0.9696498699638231,
            0.9523475326205046,
            0.9384496744429458,
            0.9699350566523245,
            0.9674538857921413,
            0.9661280677034263,
            0.9770771507523948,
            0.9682451289312098,
            0.9698015511511718,
            0.9642019432033663,
            0.9692249775759899,
            0.9623132881882182,
            0.9620832114041022,
            0.9519669616853363,
            0.9645863360991457,
            0.9618092127913638,
            0.9352969602076604,
            0.9711104942637486,
            0.9636528511378298,
            0.9635184240504194,
            0.9719381741492592,
            0.9664820058772573,
            0.9803274088145577,
            0.9719564223491354,
            0.9693884002724791,
            0.9723643728308049,
            0.9705676134800238,
            0.9580248139584678,
            0.9490126786795805,
            0.9780374917567535,
            0.9744315319874528,
            0.975669980477211,
            0.04258369631804141,
            -0.03395404674702717,
            0.08577759873004696,
            0.06454075546445025,
            -0.0747633783288168,
            0.035329058480773064,
            -0.0012478009034598773,
            0.03952433808137364,
            0.3264579225584388,
            -0.003032966097576292,
            -0.005756342941481111,
            -0.012782913054826863,
            -0.081364862025824,
            -0.05283790759012464,
            -0.02787073797746895,
            0.11856048824496658,
            0.1569616263216049,
            0.2862954658924342,
            0.0
        ],
        "var": [
            2944035.0927871848,
            2148179.9099540426,
            318991.5005320795,
            372789.59649863304,
            388936.03849801427,
            299102.07717248076,
            2711851.3808004996,
            2673701.0540463794,
            1174469.9122497775,
            3216695.945695454,
            3471980.2088825656,
            3489944.8527374817,
            5112318.042988473,
            5382756.327703457,
            1448614.7212317768,
            2161583.6575108967,
            1845617.3897041099,
            74437.47749316465,
            65958.5602664375,
            76354.6896050401,
            146600.64848795856,
            193218.3449932125,
            82309.6928474383,
            87668.17222723234,
            94467.90901587128,
            57573.264286334306,
            76743.1474133141,
            81943.68196533115,
            95496.56642633255,
            85418.413416901,
            109024.27666323814,
            102875.06332040162,
            143568.06775164383,
            100213.95873855162,
            107570.40785383535,
            204533.39825927015,
            80116.34979746108,
            104916.7696341328,
            96913.09273074711,
            75936.56728218927,
            89379.58265693067,
            49301.63076319322,
            63811.47497327525,
            84237.44034945502,
            72206.99794201842,
            77470.65429712205,
            126533.93733387877,
            155597.47826827152,
            53542.12696255641,
            62672.38978932808,
            61044.23401653979,
            2916481.529946027,
            2244903.365996583,
            209501.8524812054,
            3795606.7962163556,
            4008224.6626333063,
            1385082.9551135232,
            2194906.840960981,
            2063498.8395607702,
            4094766.1764908056,
            758549.4506255181,
            922262.1190462195,
            147180.867809548,
            2333013.962363242,
            2453978.6503573074,
            1105108.177408771,
            481054.82401027426,
            1139333.6075116778,
            1995141.341690473,
            0.0
        ],
        "shape": [
            70
        ],
        "count": 9371838
    },
    "wandb_run_id": "9prg5n79",
    "wandb_project": "rlgym-ppo",
    "wandb_entity": "gashfraude-epsi",
    "wandb_group": "unnamed-runs",
    "wandb_config": {
        "n_proc": 6,
        "min_inference_size": 5,
        "timestep_limit": 1e+16,
        "exp_buffer_size": 150000,
        "ts_per_iteration": 50000,
        "standardize_returns": true,
        "standardize_obs": true,
        "policy_layer_sizes": [
            512,
            512,
            256
        ],
        "critic_layer_sizes": [
            512,
            512,
            256
        ],
        "ppo_epochs": 2,
        "ppo_batch_size": 50000,
        "ppo_minibatch_size": 50000,
        "ppo_ent_coef": 0.01,
        "ppo_clip_range": 0.2,
        "gae_lambda": 0.95,
        "gae_gamma": 0.99,
        "policy_lr": 0.0002,
        "critic_lr": 0.0002,
        "shm_buffer_size": 8192
    }
}