{
    "cumulative_timesteps": 15003156,
    "cumulative_model_updates": 598,
    "policy_average_reward": 234.68229210001965,
    "epoch": 149,
    "ts_since_last_save": 500074,
    "reward_running_stats": {
        "mean": [
            9.48740005493164
        ],
        "var": [
            4124420.75
        ],
        "shape": [
            1
        ],
        "count": 22500
    },
    "obs_running_stats": {
        "mean": [
            -0.002491518622264266,
            0.002469100058078766,
            0.16006571054458618,
            -0.0002311066200491041,
            0.0005437671788968146,
            -0.03386153653264046,
            -0.0006058821454644203,
            -0.0012532358523458242,
            0.0023060599341988564,
            0.11609116196632385,
            -0.022171542048454285,
            0.1798332929611206,
            -0.24650011956691742,
            -0.07598846405744553,
            0.4782988131046295,
            0.41759708523750305,
            0.6091811656951904,
            0.9810540676116943,
            0.9825590252876282,
            0.9792541861534119,
            0.9668694734573364,
            0.9624365568161011,
            0.9802001714706421,
            0.9782012701034546,
            0.9782345294952393,
            0.984146773815155,
            0.9789962768554688,
            0.9813225865364075,
            0.9783562421798706,
            0.9804191589355469,
            0.9779638648033142,
            0.9775595664978027,
            0.9665331840515137,
            0.9794574975967407,
            0.977238118648529,
            0.9606750011444092,
            0.9814015030860901,
            0.978711724281311,
            0.9771326184272766,
            0.982089638710022,
            0.978131115436554,
            0.9848212599754333,
            0.9777480363845825,
            0.9804986715316772,
            0.9825093150138855,
            0.9791080355644226,
            0.9703020453453064,
            0.9637035727500916,
            0.9834054708480835,
            0.9802027344703674,
            0.9818851351737976,
            0.03186639025807381,
            -0.019682835787534714,
            0.10991211235523224,
            0.04181322082877159,
            -0.05656019598245621,
            0.045346781611442566,
            -0.036886900663375854,
            0.05112230032682419,
            0.3711854815483093,
            -0.0070278760977089405,
            0.0019202182302251458,
            -0.012311861850321293,
            -0.053341932594776154,
            -0.06786754727363586,
            -0.022073885425925255,
            0.13927511870861053,
            0.09626629948616028,
            0.19701813161373138,
            0.0
        ],
        "var": [
            682852.5,
            495786.5625,
            78822.1953125,
            91127.0078125,
            93623.9296875,
            76988.5234375,
            629592.375,
            623372.5625,
            272389.0625,
            355058.6875,
            382216.46875,
            354621.9375,
            355718.09375,
            373346.15625,
            533106.125,
            528701.0,
            506401.75,
            11987.0146484375,
            10995.9814453125,
            12673.345703125,
            28127.796875,
            34754.46484375,
            13107.240234375,
            14278.9609375,
            14942.6494140625,
            10385.9755859375,
            12545.7197265625,
            12721.2294921875,
            14490.1337890625,
            13358.775390625,
            15386.2822265625,
            15585.3916015625,
            28674.806640625,
            14713.005859375,
            16110.3955078125,
            37399.296875,
            13169.083984375,
            15118.2529296875,
            15429.052734375,
            11517.865234375,
            14347.4169921875,
            9846.7880859375,
            13582.2275390625,
            12781.4013671875,
            11473.0029296875,
            12938.875,
            24745.533203125,
            33161.32421875,
            10068.5341796875,
            12000.005859375,
            10794.673828125,
            690521.0625,
            532738.5,
            52192.4453125,
            869201.0,
            889511.375,
            366405.21875,
            504025.875,
            470767.40625,
            861860.0,
            157448.890625,
            173042.515625,
            46733.47265625,
            396505.875,
            399054.65625,
            155115.625,
            126903.6328125,
            188166.65625,
            340934.53125,
            0.0
        ],
        "shape": [
            70
        ],
        "count": 2143356
    },
    "wandb_run_id": "e6j64iac",
    "wandb_project": "rlgym-ppo",
    "wandb_entity": "gashfraude-epsi",
    "wandb_group": "unnamed-runs",
    "wandb_config": {
        "n_proc": 48,
        "min_inference_size": 36,
        "timestep_limit": 1000000000000000.0,
        "exp_buffer_size": 200000,
        "ts_per_iteration": 100000,
        "standardize_returns": true,
        "standardize_obs": true,
        "policy_layer_sizes": [
            512,
            512,
            256
        ],
        "critic_layer_sizes": [
            512,
            512,
            256
        ],
        "ppo_epochs": 2,
        "ppo_batch_size": 100000,
        "ppo_minibatch_size": 50000,
        "ppo_ent_coef": 0.01,
        "ppo_clip_range": 0.2,
        "gae_lambda": 0.95,
        "gae_gamma": 0.99,
        "policy_lr": 0.0002,
        "critic_lr": 0.0002,
        "shm_buffer_size": 8192
    }
}