{
    "cumulative_timesteps": 80604337,
    "cumulative_model_updates": 9642,
    "policy_average_reward": 684.179200004666,
    "epoch": 1607,
    "ts_since_last_save": 100015,
    "reward_running_stats": {
        "mean": [
            51.6751256054005
        ],
        "var": [
            1087399185.9350848
        ],
        "shape": [
            1
        ],
        "count": 241800
    },
    "obs_running_stats": {
        "mean": [
            0.0010674933067460319,
            -0.003767263645401928,
            0.1467257997679924,
            2.2983871871577316e-06,
            6.463636549190784e-05,
            -0.029168608132264028,
            -0.002040061779195171,
            -0.00016238544211024243,
            0.0006404918349404453,
            0.48988850140589446,
            -0.4554823727559116,
            0.47851800294873714,
            -0.21047975353936288,
            0.20118659515415913,
            0.1914375212745385,
            0.6087111137707409,
            0.6158529750685698,
            0.9748599261692971,
            0.9780289735289542,
            0.9736350064096535,
            0.957734168408867,
            0.9456924340463587,
            0.9736913441058973,
            0.9716075124965778,
            0.9703057781671385,
            0.9801049031609268,
            0.9726760752197474,
            0.9736182048453793,
            0.9688233238306776,
            0.97316674195121,
            0.9667371441795208,
            0.9669720359751992,
            0.9577908211230636,
            0.969016592222717,
            0.9665520699458402,
            0.9434219230875717,
            0.9747352959836759,
            0.967882977546832,
            0.9683125225059699,
            0.9755299945611512,
            0.9708807763045919,
            0.9830365713154805,
            0.9758971723803159,
            0.9732476432451778,
            0.9760240727166724,
            0.9745306230019924,
            0.9630040807443304,
            0.9552507175289583,
            0.9810052281499361,
            0.9779890974282374,
            0.9790136420961535,
            0.03960220999036443,
            -0.03449218772301476,
            0.08366298421252198,
            0.05951574383146677,
            -0.061854409869629756,
            0.035601366678224125,
            -0.00033906685753415865,
            0.03768448258313466,
            0.32973891571016095,
            -0.0028906619176841367,
            -0.00545681157192946,
            -0.01231026877737659,
            -0.07777392151452919,
            -0.052319701694835456,
            -0.03102347758509586,
            0.117178076884797,
            0.1547129841931582,
            0.2790879829340277,
            0.0
        ],
        "var": [
            3635659.346938863,
            2659908.5610587206,
            383284.45828513755,
            454169.9855971074,
            475671.5571160027,
            358629.3051810052,
            3365929.9508363605,
            3304419.997890381,
            1445229.959243643,
            3929925.1860442692,
            4271614.674357553,
            4311570.751379652,
            6364591.478440375,
            6581435.550457906,
            1772352.6757934692,
            2692338.8760718917,
            2670992.597275948,
            94486.58827671963,
            82658.00862293446,
            96137.21278837332,
            187407.58186984409,
            243268.95902319837,
            103988.91387908005,
            110232.73528334915,
            119551.0575490719,
            72200.99002782136,
            94627.44994491103,
            103244.92859428342,
            119817.26457915171,
            106567.49216385893,
            139419.69031017396,
            128751.79703880213,
            180552.38510598495,
            125793.45422451281,
            135589.10715689338,
            252013.31114821997,
            100761.09189721318,
            134605.38286327853,
            120803.04566571712,
            95200.66108203735,
            111324.60218770114,
            60579.12751776234,
            79214.34054286068,
            105942.41993060941,
            89829.24310411273,
            95561.55636802636,
            159905.8975376921,
            194341.92502853464,
            66802.05479414453,
            77050.45543188658,
            75159.41277748729,
            3565049.3984171916,
            2742776.7776755425,
            251771.96080276422,
            4700708.326267481,
            4981847.2663060855,
            1653112.6109641672,
            2677868.642306888,
            2523188.94925702,
            5040297.774459856,
            919452.3079549145,
            1120776.178580012,
            176187.6653389853,
            2913519.5247563785,
            3053726.8186516394,
            1338813.6587500465,
            593738.6116259405,
            1405092.0323353792,
            2396965.483307446,
            0.0
        ],
        "shape": [
            70
        ],
        "count": 11514909
    },
    "wandb_run_id": "9prg5n79",
    "wandb_project": "rlgym-ppo",
    "wandb_entity": "gashfraude-epsi",
    "wandb_group": "unnamed-runs",
    "wandb_config": {
        "n_proc": 6,
        "min_inference_size": 5,
        "timestep_limit": 1e+16,
        "exp_buffer_size": 150000,
        "ts_per_iteration": 50000,
        "standardize_returns": true,
        "standardize_obs": true,
        "policy_layer_sizes": [
            512,
            512,
            256
        ],
        "critic_layer_sizes": [
            512,
            512,
            256
        ],
        "ppo_epochs": 2,
        "ppo_batch_size": 50000,
        "ppo_minibatch_size": 50000,
        "ppo_ent_coef": 0.01,
        "ppo_clip_range": 0.2,
        "gae_lambda": 0.95,
        "gae_gamma": 0.99,
        "policy_lr": 0.0002,
        "critic_lr": 0.0002,
        "shm_buffer_size": 8192
    }
}