{"_wandb":{"runtime":27822},"Policy Update Magnitude":0.039889510720968246,"SB3 Clip Fraction":0.1319900006055832,"Value Function Loss":0.2810765355825424,"y_vel":-43.87120046587486,"Mean KL Divergence":0.011841148363612608,"Policy Reward":555.6837223097845,"z_vel":-25.836627268395507,"x_vel":-12.628451825266863,"_timestamp":1.762854985711094e+09,"Collected Steps per Second":3817.921190580531,"Timestep Collection Time":13.09691780002322,"Timestep Consumption Time":3.6555285999784246,"_step":2261,"Cumulative Timesteps":55952434,"Value Function Update Magnitude":0.0810963362455368,"Cumulative Model Updates":6698,"Policy Entropy":0.30880753695964813,"PPO Batch Consumption Time":1.1675000190734863,"Total Iteration Time":16.752446400001645,"Overall Steps per Second":2984.8177875677366,"_runtime":27822,"Timesteps Collected":50003}