{
    "cumulative_timesteps": 362378436,
    "cumulative_model_updates": 43410,
    "policy_average_reward": 155.6206397701975,
    "epoch": 7235,
    "ts_since_last_save": 500196,
    "reward_running_stats": {
        "mean": [
            29.594955802440115
        ],
        "var": [
            4412704787.984941
        ],
        "shape": [
            1
        ],
        "count": 1086750
    },
    "obs_running_stats": {
        "mean": [
            -0.014911590547813942,
            0.10303135255783072,
            0.13112579747143277,
            0.0007546796956472535,
            0.019977413879860205,
            -0.022804113172142315,
            -0.04367682985989313,
            0.00530702301522132,
            0.006890975637367161,
            0.5624705307671741,
            -0.5287438051816015,
            0.4148418237690939,
            -0.23609235083700314,
            0.19006605967716553,
            0.14433837734174837,
            0.5302829833743535,
            0.25875530058992424,
            0.9882723003066917,
            0.9897793657620075,
            0.9879946240902641,
            0.9771038828825871,
            0.971316708375321,
            0.9874172968901743,
            0.9866010427242133,
            0.9852765200699757,
            0.9908833055399344,
            0.9881147939355622,
            0.9872919463250257,
            0.9854841695936994,
            0.9868760637609569,
            0.9820687976754693,
            0.9845703021208928,
            0.9734704147663126,
            0.9847486520033243,
            0.9838524335658001,
            0.9680105043516327,
            0.9867814452717883,
            0.9827277749647911,
            0.9849027751554761,
            0.9865279290171596,
            0.9858143979670941,
            0.9894564084498177,
            0.988056991063405,
            0.985805227449496,
            0.9862747485510002,
            0.9868766039786728,
            0.9660144346188696,
            0.9691441794945331,
            0.9853348799153896,
            0.9870909244717273,
            0.9885842797480688,
            0.011866583542844734,
            0.04924357643091359,
            0.07076167931459053,
            0.06938887856019221,
            0.05917003508765724,
            0.03144152119431851,
            -0.008768630628021825,
            0.02777576860744363,
            0.399861585644301,
            -0.0007330661259463166,
            0.012147651597523554,
            -0.009526876110288731,
            -0.028501530269404482,
            -0.06731225624368857,
            -0.056285840325960367,
            0.11486148041611344,
            0.22222176163819524,
            0.369520657437924,
            0.0
        ],
        "var": [
            16729811.332454523,
            13625685.063062837,
            1458418.9980565624,
            2064994.3863404542,
            2632953.17872143,
            1365237.5095450256,
            17376113.168502316,
            15403182.967356116,
            7026943.607579226,
            16245459.842187613,
            17997480.479242463,
            24296566.494389735,
            30457121.815852083,
            31583100.137614705,
            6383609.400815179,
            12844308.908647416,
            9876038.480473692,
            412282.1152133631,
            358919.7621684576,
            414588.0512835036,
            879446.1863691793,
            1094178.5774190803,
            452206.71102517337,
            476926.20909638534,
            538765.9043319441,
            315322.08158734714,
            396556.74494774087,
            456989.9846383225,
            512565.51051356894,
            476364.0383177654,
            680765.0131205642,
            547444.014377535,
            1051989.974415203,
            557571.9339620159,
            585756.2915303095,
            1240449.4487203797,
            492447.62539948063,
            655369.008242713,
            537245.7591879148,
            508356.78720999655,
            509731.0170028665,
            408629.6848227859,
            419247.8817697408,
            530541.6229371786,
            521149.2793848609,
            480214.42544471927,
            1449244.9209839208,
            1250183.8139590493,
            600289.0507258498,
            488830.2997344328,
            422801.5096530542,
            15861208.729751581,
            13210773.141462443,
            935483.1901359456,
            21221121.2690289,
            23433911.998425372,
            6551836.170222541,
            10996046.986506255,
            10381840.064477628,
            22064129.57320833,
            3839283.4349859324,
            5341154.681823176,
            646301.4298762204,
            12112822.431826267,
            12863759.929607783,
            5718924.584643142,
            2843938.90397837,
            8846811.00054368,
            12140928.84498027,
            0.0
        ],
        "shape": [
            70
        ],
        "count": 51768350
    },
    "wandb_run_id": "9prg5n79",
    "wandb_project": "rlgym-ppo",
    "wandb_entity": "gashfraude-epsi",
    "wandb_group": "unnamed-runs",
    "wandb_config": {
        "n_proc": 6,
        "min_inference_size": 5,
        "timestep_limit": 1e+16,
        "exp_buffer_size": 150000,
        "ts_per_iteration": 50000,
        "standardize_returns": true,
        "standardize_obs": true,
        "policy_layer_sizes": [
            512,
            512,
            256
        ],
        "critic_layer_sizes": [
            512,
            512,
            256
        ],
        "ppo_epochs": 2,
        "ppo_batch_size": 50000,
        "ppo_minibatch_size": 50000,
        "ppo_ent_coef": 0.01,
        "ppo_clip_range": 0.2,
        "gae_lambda": 0.95,
        "gae_gamma": 0.99,
        "policy_lr": 0.0002,
        "critic_lr": 0.0002,
        "shm_buffer_size": 8192
    }
}